,fighter_id,name,natinality_name,wins,losses,total_matches,win_pct,avg_gained_point,avg_skipped_point,takedown_score,takedown_success_count,total_takedown_count,takedown_success_rate,takedown_per_fight_total,average_takedown_points_per_fight,single_leg_takedown_count,single_leg_takedown_success_rate,double_leg_takedown_success_rate,double_leg_takedown_count,defense_score,action_skipped_points_per_fight,total_successful_defenses_per_fight,action_escape_rate,takedown_parter_escape_rate,pin_to_parter_escape_rate,roll_escape_rate,protection_zone_escape_rate,parterre_escape_rate,total_action_counts_per_fight,offense_score,protection_zone_counts_per_fight,action_points_per_fight,action_counts_per_fight,action_success_rate,protection_zone_success_rate,protection_zone_points_per_fight,roll_success_rate,roll_count_per_fight,roll_points_per_fight,parterre_success_rate,parterre_points_per_fight,successful_parterre_attempts_per_match,total_parterre_per_match,durability_score,defense_score_durability,offense_score_durability,takedown_score_durability,passivity_per_fight,overall_score,Completed
0,26887,Aliakbar Aliasghar FAZLIKHALILI,iri,9,4,13,0.69,6.538461538461538,4.384615384615385,,4.0,7.0,0.57,14.0,8.0,2.0,0.4,1.0,1.0,,,,0.33,0.5,,,,1.0,,1.0,0.0,26.0,14.0,0.82,,0.0,1.0,8.0,16.0,1.0,16.0,8.0,8.0,0.8,0.26,,1.0,,,0
1,20333,Zofia POLOWCZYK,pol,8,6,14,0.57,6.785714285714286,6.428571428571429,,,,,10.0,0.0,,,,,,,,0.67,0.8,,,,,,1.0,2.0,16.0,10.0,1.0,1.0,2.0,1.0,3.0,6.0,1.0,8.0,4.0,4.0,0.0,,,,,,0
2,22254,Albert KHOKONOV,rus,7,1,8,0.88,7.875,3.75,,,,,9.0,0.0,,,,,,,,0.0,,0.0,,0.0,0.0,,1.0,0.0,17.0,9.0,1.0,,0.0,1.0,6.0,12.0,1.0,14.0,7.0,7.0,0.58,0.0,,,,,0
3,26020,Sara NATAMI,jpn,10,1,11,0.91,8.727272727272727,2.0,0.97,3.0,5.0,0.6,9.0,6.0,1.0,0.33,1.0,1.0,0.96,,0.0,0.82,1.0,,,0.5,,0.0,1.0,0.0,18.0,9.0,0.82,,0.0,1.0,3.0,6.0,1.0,6.0,3.0,3.0,0.0,,,,0.0,0.7324999999999999,0
4,29676,Nazik MIRLAN KYZY,kgz,2,11,13,0.15,2.461538461538461,6.307692307692308,,3.0,4.0,0.75,8.0,8.0,2.0,1.0,0.5,1.0,,,,0.13,0.14,,,,0.0,,1.0,0.0,17.0,8.0,0.89,,0.0,1.0,4.0,8.0,1.0,8.0,4.0,4.0,0.6,0.43,,0.62,,,0
5,23196,Ken MATSUI,jpn,10,4,14,0.71,7.285714285714285,5.0,,,1.0,0.0,8.0,0.0,,,,,,,,0.0,0.0,,,,0.0,,1.0,0.0,16.0,8.0,0.89,,0.0,1.0,3.0,6.0,1.0,8.0,4.0,4.0,0.33,,,,,,0
6,20795,Sarah Ann HILDEBRANDT,usa,50,10,60,0.83,8.216666666666665,2.116666666666667,0.9,1.0,1.0,1.0,8.0,2.0,1.0,1.0,,,0.96,,0.94,0.82,0.89,,1.0,,1.0,0.99,0.99,0.0,14.0,8.0,0.89,,0.0,1.0,1.0,2.0,1.0,2.0,1.0,1.0,0.64,0.89,1.0,0.87,0.0,0.8724999999999999,0
7,22096,Simran SIMRAN,ind,13,7,20,0.65,6.0,3.45,,2.0,5.0,0.4,8.0,6.0,1.0,0.25,,,,,,0.5,0.6,,,,0.5,,0.99,0.0,18.0,8.0,0.73,,0.0,,0.0,0.0,1.0,4.0,2.0,2.0,0.0,,,,,,0
8,28759,Mraz DZHAFARIAN,ukr,4,6,10,0.4,4.3,5.4,,3.0,3.0,1.0,6.0,8.0,1.0,1.0,,,,,,0.67,1.0,,,,,,0.99,0.0,14.0,6.0,1.0,,0.0,,0.0,0.0,,0.0,0.0,0.0,0.57,0.68,,0.99,,,0
9,24012,Daniyar KAISANOV,kaz,26,14,40,0.65,5.85,3.6,,2.0,4.0,0.5,8.0,4.0,2.0,0.5,,,,,,0.83,0.83,,,,,,0.99,0.0,15.0,8.0,0.8,,0.0,1.0,3.0,6.0,1.0,10.0,5.0,5.0,0.58,0.87,,0.87,,,0
10,24047,Kexin HONG,chn,9,3,12,0.75,6.333333333333333,1.583333333333333,0.99,3.0,3.0,1.0,6.0,6.0,2.0,1.0,,,0.0,,0.0,0.0,,,,,,0.0,0.99,0.0,12.0,6.0,1.0,,0.0,1.0,2.0,4.0,1.0,4.0,2.0,2.0,0.0,,,,0.0,0.495,0
11,22526,Ernazar AKMATALIEV,kgz,35,12,47,0.74,7.531914893617021,4.23404255319149,,1.0,3.0,1.0,7.0,2.0,,,,,,,,0.86,0.86,,,,,,0.99,2.5,10.5,6.5,1.0,1.0,2.5,1.0,1.0,3.0,1.0,2.0,1.0,1.0,0.63,1.0,,,,,0
12,20324,Iva GERIC,cro,20,19,39,0.51,3.358974358974359,3.897435897435898,,1.0,2.0,0.5,7.0,2.0,,,,,,,,0.6,0.86,,,,,,0.99,0.0,13.0,7.0,0.88,,0.0,1.0,2.0,4.0,1.0,6.0,3.0,3.0,0.0,,,,,,0
13,26024,Yuzuka INAGAKI,jpn,17,0,17,1.0,7.647058823529411,1.470588235294118,,5.0,6.0,0.83,7.0,10.0,1.0,1.0,1.0,3.0,,,,0.0,0.0,,,,,,0.99,0.0,13.0,7.0,0.88,,0.0,,0.0,0.0,,0.0,0.0,0.0,0.0,,,,,,0
14,27359,Daulet NIYAZBEKOV,kaz,15,7,22,0.68,6.136363636363637,3.863636363636364,,,,,6.0,0.0,,,,,,,,1.0,1.0,,,,,,0.99,0.0,11.0,6.0,1.0,,0.0,1.0,5.0,10.0,1.0,10.0,5.0,5.0,0.61,1.0,,,,,0
15,23465,Syimyk Makhamadzhanovich MAKHMUDOV,kgz,2,1,3,0.67,6.666666666666666,3.666666666666667,0.96,1.0,1.0,1.0,6.0,4.0,,,,,0.0,,0.74,0.0,,,0.0,0.0,0.0,0.94,0.99,0.0,11.0,6.0,1.0,,0.0,1.0,1.0,2.0,1.0,3.0,2.0,2.0,0.65,0.0,0.99,0.94,0.5,0.65,0
16,28252,James Patrick DOWNEY III,usa,6,7,13,0.46,5.692307692307692,4.153846153846153,,3.0,4.0,0.75,7.0,6.0,1.0,1.0,,,,,,0.25,,,,,0.5,,0.99,0.0,12.0,7.0,0.88,,0.0,1.0,1.0,2.0,1.0,2.0,1.0,1.0,0.71,0.26,,0.9,,,0
17,23439,David Vincent MC FADDEN,usa,6,6,12,0.5,7.5,5.916666666666666,,2.0,3.0,0.67,7.0,4.0,1.0,0.5,1.0,1.0,,,,0.25,0.5,0.0,,,0.0,,0.99,1.0,12.0,7.0,0.88,1.0,1.0,1.0,1.0,2.0,1.0,4.0,2.0,2.0,0.61,0.0,,0.62,,,0
18,26291,Vaag MARGARIAN,rus,17,7,24,0.71,4.5,2.25,,1.0,1.0,1.0,6.5,1.0,,,,,,,,0.43,0.75,,,0.0,,,0.99,2.0,9.5,6.5,1.0,1.0,2.5,1.0,1.5,3.0,1.0,3.0,1.5,1.5,0.08,,,,,,0
19,26017,Anastasiya YANOTAVA,ain,10,9,19,0.53,6.210526315789473,3.947368421052632,,2.0,3.0,0.67,6.0,6.0,2.0,1.0,,,,,,0.5,0.5,,,,,,0.99,0.0,14.0,6.0,0.86,,0.0,1.0,2.0,4.0,1.0,4.0,2.0,2.0,0.52,0.0,,0.96,,,0
20,28941,Reza Mohammad Ali YAZDANI,iri,4,1,5,0.8,8.4,3.6,,1.0,1.0,1.0,6.0,4.0,,,,,,,,0.0,0.0,,,,,,0.98,3.0,10.0,6.0,1.0,1.0,3.0,,0.0,0.0,,0.0,0.0,0.0,0.58,0.0,,0.94,,,0
21,28842,Kenichiro FUMITA,jpn,7,2,9,0.78,6.333333333333333,0.7777777777777777,,10.0,15.0,0.67,6.14,4.86,,,,,,,,0.78,0.91,,,,1.0,,0.98,0.43,12.29,6.14,0.9,1.0,0.43,1.0,1.71,3.43,1.0,3.71,1.86,1.86,0.66,0.86,,0.47,,,0
22,21466,Esther Omolayo KOLAWOLE,ngr,19,18,37,0.51,5.567567567567568,3.837837837837838,,4.0,5.0,0.8,6.0,10.0,3.0,0.75,1.0,1.0,,,,0.0,0.0,,,,,,0.98,0.0,13.0,6.0,0.86,,0.0,1.0,1.0,2.0,1.0,2.0,1.0,1.0,0.0,,,,,,0
23,29478,Said MUSAEV,rus,3,2,5,0.6,5.6,4.6,,1.0,2.0,0.5,6.0,4.0,,,,,,,,0.0,0.0,,,,,,0.98,0.0,13.0,6.0,0.86,,0.0,1.0,3.0,6.0,1.0,6.0,3.0,3.0,0.33,,,0.94,,,0
24,30633,Ali Ali Mohammad JALALI ABDOLVAND,iri,2,1,3,0.67,6.666666666666666,6.666666666666666,,2.0,2.0,1.0,4.0,9.0,,,,,,,,0.33,1.0,,,,,,0.98,0.0,13.0,4.0,1.0,,0.0,,0.0,0.0,1.0,2.0,1.0,1.0,0.52,0.0,,0.95,,,0
25,21585,Enes BASAR,tur,11,11,22,0.5,4.590909090909091,4.5,,1.0,1.0,1.0,6.0,2.0,,,,,,,,0.0,,,,,0.0,,0.98,0.0,9.0,6.0,1.0,,0.0,1.0,2.0,4.0,1.0,4.0,2.0,2.0,0.58,0.0,,,,,0
26,22634,Aleksandrs JURKJANS,lat,10,18,28,0.36,2.857142857142857,5.821428571428571,,2.0,2.0,1.0,5.0,6.0,,,,,,,,0.0,0.0,,,0.0,0.0,,0.98,0.0,11.0,5.0,1.0,,0.0,1.0,1.0,2.0,1.0,2.0,1.0,1.0,0.56,0.0,,,,,0
27,26274,Alexandru BICIU,mda,7,3,10,0.7,7.9,4.8,,2.0,4.0,0.67,3.0,8.0,,,,,,,,0.2,0.33,,,0.0,,,0.98,0.0,12.5,5.0,0.91,,0.0,1.0,2.5,5.0,1.0,5.0,2.5,2.5,0.54,0.68,,0.49,,,0
28,23494,Yuliia TKACH,ukr,12,2,14,0.86,4.857142857142857,1.142857142857143,0.9,1.0,1.0,1.0,5.0,2.0,1.0,1.0,,,,,0.0,,,,,,,0.0,0.98,0.0,10.0,5.0,1.0,,0.0,1.0,3.0,6.0,1.0,6.0,3.0,3.0,0.0,,,,0.0,,0
29,21468,Ana Paula GODINEZ GONZALEZ,can,28,14,42,0.67,6.238095238095238,3.261904761904761,,3.0,3.0,1.0,5.0,6.0,1.0,1.0,1.0,2.0,,,,,,,,,,,0.98,0.0,10.0,5.0,1.0,,0.0,1.0,2.0,4.0,1.0,4.0,2.0,2.0,0.0,,,,,,0
30,21463,Anshu ANSHU,ind,42,17,59,0.71,6.661016949152542,2.813559322033898,,1.0,1.0,1.0,5.0,2.0,,,,,,,,,,,,,,,0.98,0.0,10.0,5.0,1.0,,0.0,1.0,2.0,4.0,1.0,4.0,2.0,2.0,0.0,,,,,,0
31,22116,Nonoka OZAKI,jpn,43,3,46,0.93,8.695652173913043,0.5,,1.0,1.0,1.0,5.0,2.0,1.0,1.0,,,,,,,,,,,,,0.98,0.0,10.0,5.0,1.0,,0.0,1.0,4.0,8.0,1.0,8.0,4.0,4.0,0.0,,,,,,0
32,26759,Ningning RONG,chn,27,3,30,0.9,7.266666666666666,1.7,,1.0,1.0,1.0,5.0,2.0,1.0,1.0,,,,,,1.0,1.0,,,,,,0.98,0.0,10.0,5.0,1.0,,0.0,1.0,3.0,6.0,1.0,6.0,3.0,3.0,0.0,,,,,,0
33,26467,Baldan TSYZHIPOV,rus,7,1,8,0.88,4.75,2.625,,1.0,1.0,1.0,5.0,4.0,,,,,,,,0.0,0.0,,,,,,0.98,1.0,10.0,5.0,1.0,1.0,1.0,,0.0,0.0,,0.0,0.0,0.0,0.0,,,,,,0
34,20810,Sarita SARITA,ind,33,15,48,0.69,5.416666666666666,2.708333333333333,,,,,5.0,0.0,,,,,,,,1.0,1.0,,,,,,0.98,0.0,10.0,5.0,1.0,,0.0,1.0,3.0,6.0,1.0,6.0,3.0,3.0,0.0,,,,,,0
35,20325,Iryna BONDAR,ukr,25,7,32,0.78,6.9375,2.21875,,3.0,4.0,0.75,5.5,4.0,1.0,1.0,,,,,,0.2,0.33,0.0,,,,,0.97,0.0,11.0,5.5,0.92,,0.0,1.0,1.5,3.0,1.0,3.0,1.5,1.5,0.04,,,,,,0
36,27445,Nazir ABDULLAEV,rus,5,2,7,0.71,3.857142857142857,1.714285714285714,,,,,5.0,0.0,,,,,,,,,,,,,,,0.97,0.0,9.0,5.0,1.0,,0.0,1.0,2.0,4.0,1.0,4.0,2.0,2.0,0.08,,,,,,0
37,23556,Saba MAMALADZE,geo,6,3,9,0.67,6.555555555555556,3.444444444444444,,2.0,2.0,1.0,4.0,8.0,,,,,,,,1.0,1.0,,,,,,0.97,0.0,11.0,4.0,1.0,,0.0,,0.0,0.0,1.0,2.0,1.0,1.0,0.0,,,,,,0
38,26962,Qin ZHAO,chn,3,3,6,0.5,5.666666666666666,5.5,,2.0,2.0,1.0,4.0,8.0,,,1.0,2.0,,,,,,,,,,,0.97,0.0,11.0,4.0,1.0,,0.0,,0.0,0.0,1.0,2.0,1.0,1.0,0.0,,,,,,0
39,21620,Viktar SASUNOUSKI,blr,18,8,26,0.69,4.538461538461538,2.730769230769231,,,,,5.0,0.0,,,,,,,,,,,,,,,0.97,0.0,9.0,5.0,1.0,,0.0,1.0,4.0,8.0,1.0,8.0,4.0,4.0,0.08,,,,,,0
40,25674,Arkadiusz KULYNYCZ,pol,3,6,9,0.33,4.333333333333333,2.777777777777778,,,,,5.0,0.0,,,,,,,,0.67,,,,,,,0.97,0.0,9.0,5.0,1.0,,0.0,1.0,4.0,8.0,1.0,8.0,4.0,4.0,0.08,,,,,,0
41,23191,Anthony Lawrence CASSIOPPI,usa,15,1,16,0.94,7.5,1.8125,,,,,6.0,0.0,,,,,,,,,,,,,,,0.97,3.0,7.0,6.0,1.0,1.0,3.0,,0.0,0.0,,0.0,0.0,0.0,0.3,,,,,,0
42,26430,Khanburged GANKHUYAG,mgl,4,7,11,0.36,6.0,7.727272727272727,,2.0,4.0,0.5,7.0,6.0,,,,,,,,0.2,0.5,,,,0.0,,0.97,0.0,14.0,7.0,0.64,,0.0,0.33,1.0,2.0,0.33,2.0,1.0,3.0,0.5,0.0,,0.0,,,0
43,23485,Yan LIU,chn,4,7,11,0.36,3.454545454545455,2.727272727272728,,,,,5.0,0.0,,,,,,,0.0,,,,,,,0.88,0.97,1.0,8.0,5.0,1.0,1.0,1.0,1.0,2.0,4.0,1.0,4.0,2.0,2.0,0.38,,0.97,,0.5,,0
44,22588,Batyrbek TSAKULOV,svk,5,2,7,0.71,5.285714285714286,1.571428571428571,,3.0,3.0,1.0,4.0,8.0,,,1.0,3.0,,,,1.0,1.0,,,,,,0.97,0.0,10.0,4.0,1.0,,0.0,1.0,1.0,2.0,1.0,2.0,1.0,1.0,0.0,,,,,,0
45,28773,Frank STAEBLER,ger,12,2,14,0.86,6.928571428571429,2.357142857142857,,1.0,1.0,1.0,4.0,4.0,,,,,,,,0.2,0.5,,,,,,0.97,0.0,10.0,4.0,1.0,,0.0,,0.0,0.0,,0.0,0.0,0.0,0.57,0.0,,0.94,,,0
46,27062,Eduard SARGSYAN,arm,4,3,7,0.57,6.285714285714286,4.0,,,,,5.0,0.0,,,,,,,,0.0,,,,,,,0.97,0.0,8.0,5.0,1.0,,0.0,1.0,2.0,4.0,1.0,4.0,2.0,2.0,0.08,,,,,,0
47,30174,Kensuke SHIMIZU,jpn,4,3,7,0.57,5.571428571428571,2.714285714285714,,1.0,1.0,1.0,4.0,5.0,,,,,,,,0.0,,,,0.0,,,0.97,0.0,10.0,4.0,1.0,,0.0,1.0,1.0,2.0,1.0,2.0,1.0,1.0,0.08,,,,,,0
48,20310,Oleksandra KHOMENETS,ukr,21,8,29,0.72,6.724137931034482,3.862068965517242,1.0,6.0,10.0,0.6,7.0,12.0,3.0,0.5,0.75,3.0,0.75,,0.0,0.5,0.5,,,,,0.0,0.96,0.0,13.0,7.0,0.64,,0.0,,0.0,0.0,,0.0,0.0,0.0,0.08,,,,0.5,0.6975,0
49,26660,Iago GOBADZE,geo,5,3,8,0.63,6.625,3.25,,3.0,3.0,1.0,4.0,8.0,,,,,,,,,,,,,,,0.96,0.0,9.0,4.0,1.0,,0.0,,0.0,0.0,,0.0,0.0,0.0,0.0,,,,,,0
50,30053,Levan ARABULI,geo,3,3,6,0.5,5.0,2.0,,1.0,1.0,1.0,4.0,4.0,,,,,,,,,,,,,,,0.96,0.0,9.0,4.0,1.0,,0.0,1.0,2.0,4.0,1.0,4.0,2.0,2.0,0.08,,,,,,0
51,26814,Nurmakhan TINALIYEV,kaz,6,1,7,0.86,5.142857142857143,1.571428571428571,,,,,4.0,0.0,,,,,,,,0.33,,,,,1.0,,0.96,0.0,8.5,4.0,1.0,,0.0,1.0,1.5,3.0,1.0,6.0,2.5,2.5,0.08,,,,,,0
52,27921,Shinobu OTA,jpn,14,2,16,0.88,8.0,2.625,,1.0,2.0,0.5,5.0,4.0,,,,,,,,0.0,,,,,,,0.96,0.0,11.0,5.0,0.83,,0.0,1.0,3.0,6.0,1.0,6.0,3.0,3.0,0.08,,,,,,0
53,26485,Veronika CHUMIKOVA,rus,21,11,32,0.66,6.21875,3.5,,2.0,3.0,0.67,5.0,6.0,1.0,0.5,,,,,,,,,,,,,0.96,0.0,11.0,5.0,0.83,,0.0,1.0,2.0,4.0,1.0,4.0,2.0,2.0,0.0,,,,,,0
54,20758,Mohammad Ashghar NOKHODILARIMI,iri,25,9,34,0.74,7.323529411764707,3.176470588235294,,1.0,1.0,1.0,4.0,2.0,,,,,,,,0.67,1.0,,,,,,0.96,0.0,8.0,4.0,1.0,,0.0,1.0,1.0,2.0,1.0,4.0,2.0,2.0,0.51,1.0,,,,,0
55,30715,VISAITOV Aslan,rwf,2,2,4,0.5,6.0,2.75,,1.0,1.0,1.0,4.0,4.0,,,,,,,,,,,,,,,0.96,1.0,8.0,4.0,1.0,1.0,1.0,1.0,1.0,2.0,1.0,2.0,1.0,1.0,0.08,,,,,,0
56,23513,Nuraddin NOVRUZOV,aze,3,6,9,0.33,6.444444444444445,7.0,,3.0,5.0,0.6,6.0,6.0,1.0,0.5,1.0,2.0,,,,0.5,0.75,,,,,,0.96,0.0,11.0,6.0,0.75,,0.0,1.0,1.0,2.0,1.0,2.0,1.0,1.0,0.6,0.43,,0.9,,,0
57,22538,Kyle Douglas DAKE,usa,40,3,43,0.93,8.186046511627907,1.441860465116279,0.54,24.0,37.0,0.65,4.7,2.07,10.0,0.43,1.0,2.0,0.12,,0.7,0.21,0.67,0.0,,0.0,0.0,0.77,0.96,0.8,8.87,4.7,0.92,1.0,0.8,1.0,1.83,3.67,1.0,3.73,1.87,1.87,0.47,0.07,0.72,0.53,0.17,0.5225,1
58,29956,Salih AYDIN,tur,4,5,9,0.44,3.444444444444444,5.111111111111112,,,,,5.0,0.0,,,,,,,,0.57,0.67,,,,,,0.96,4.0,6.0,5.0,1.0,1.0,5.0,,0.0,0.0,,0.0,0.0,0.0,0.0,,,,,,0
59,21973,Rahman Mousa AMOUZADKHALILI,iri,36,4,40,0.9,7.75,2.0,0.53,30.0,43.0,0.7,4.88,2.58,11.0,0.5,1.0,8.0,0.12,,0.6,0.19,0.33,0.0,,0.0,0.0,0.81,0.96,1.67,8.48,4.88,0.91,1.0,1.79,0.91,0.3,0.61,0.94,1.03,0.48,0.52,0.53,0.17,0.8,0.51,0.25,0.535,1
60,22467,Audrey Rae JIMENEZ,usa,13,5,18,0.72,7.5,3.166666666666667,,3.0,8.0,0.38,7.0,6.0,2.0,0.4,,,,,,0.0,,,,,,,0.96,1.0,13.0,7.0,0.58,1.0,1.0,1.0,2.0,4.0,1.0,4.0,2.0,2.0,0.52,0.0,,0.41,,,0
61,22027,Amir Hossein Abbas ZARE,iri,44,3,47,0.94,8.468085106382977,1.234042553191489,0.09,18.0,41.0,0.44,5.58,0.89,12.0,0.36,0.33,1.0,0.93,,0.0,0.61,0.78,,,0.0,0.0,0.0,0.96,0.03,8.42,5.58,0.86,1.0,0.03,0.96,0.75,1.67,0.96,1.67,0.75,0.78,0.04,,,,0.5,0.505,1
62,22144,Eray SIMSEK,tur,1,1,2,0.5,8.5,6.5,,1.0,2.0,0.5,5.0,2.0,,,,,,,,,,,,,,,0.95,0.0,10.0,5.0,0.83,,0.0,,0.0,0.0,1.0,2.0,1.0,1.0,0.32,,,0.62,,,0
63,20446,Amirali Hamid AZARPIRA,iri,18,3,21,0.86,8.333333333333332,1.666666666666667,0.96,2.0,3.0,0.67,5.0,6.0,2.0,0.67,,,,,0.0,,,,,,,0.0,0.95,1.0,10.0,5.0,0.83,1.0,1.0,,0.0,0.0,,0.0,0.0,0.0,0.08,,,,0.5,,0
64,23401,Yui SAKANO,jpn,8,1,9,0.89,7.888888888888889,1.444444444444444,0.82,2.0,3.0,0.67,5.0,4.0,2.0,1.0,,,1.0,,0.0,1.0,1.0,,,,,0.0,0.95,0.0,10.0,5.0,0.83,,0.0,1.0,1.0,2.0,1.0,2.0,1.0,1.0,0.0,,,,0.0,0.6925,0
65,23131,Taiyrbek ZHUMASHBEK UULU,kgz,27,5,32,0.84,6.9375,3.15625,0.0,,1.0,0.0,5.0,0.0,,,,,1.0,,0.0,1.0,1.0,,,,,0.0,0.95,0.0,10.0,5.0,0.83,,0.0,1.0,3.0,6.0,1.0,6.0,3.0,3.0,0.0,,,,0.0,0.4875,0
66,20297,Nataliia KLIVCHUTSKA,ukr,10,5,15,0.67,6.466666666666667,3.133333333333333,,4.0,5.0,0.8,5.0,8.0,2.0,0.67,,,,,,0.33,1.0,,,,0.0,,0.95,0.0,10.0,5.0,0.83,,0.0,1.0,1.0,2.0,1.0,2.0,1.0,1.0,0.58,0.43,,0.9,,,0
67,22747,Tsugumi SAKURAI,jpn,23,1,24,0.96,7.25,1.041666666666667,,4.0,5.0,0.8,5.0,8.0,3.0,0.75,1.0,1.0,,,,,,,,,,,0.95,0.0,10.0,5.0,0.83,,0.0,1.0,1.0,2.0,1.0,2.0,1.0,1.0,0.0,,,,,,0
68,23467,Madiyar MALTEKBAYEV,kaz,3,6,9,0.33,2.666666666666667,3.777777777777778,,2.0,2.0,1.0,3.0,8.0,,,,,,,,0.0,0.0,,,,,,0.95,0.0,9.0,3.0,1.0,,0.0,,0.0,0.0,,0.0,0.0,0.0,0.66,0.0,,0.99,,,0
69,21997,Yamato HAGIWARA,jpn,5,2,7,0.71,6.0,3.714285714285714,,2.0,2.0,1.0,4.0,4.0,2.0,1.0,,,,,,0.2,0.5,,,,0.0,,0.95,0.0,7.0,4.0,1.0,,0.0,,0.0,0.0,,0.0,0.0,0.0,0.63,0.15,,0.97,,,0
70,27016,Alireza Mohammad KARIMIMACHIANI,iri,10,4,14,0.71,7.285714285714285,1.785714285714286,,3.0,5.0,0.6,6.0,6.0,1.0,0.33,1.0,1.0,,,,1.0,1.0,,,,,,0.95,2.0,10.0,6.0,0.75,1.0,2.0,1.0,1.0,2.0,1.0,2.0,1.0,1.0,0.55,1.0,,0.62,,,0
71,21636,Artur ALEKSANYAN,arm,29,6,35,0.83,5.542857142857144,1.314285714285715,0.63,3.0,3.0,1.0,4.14,0.43,,,,,0.48,,0.0,0.27,0.17,0.0,1.0,0.0,0.73,0.0,0.95,0.43,6.96,4.14,0.99,1.0,0.43,0.98,2.32,4.57,0.98,4.57,2.32,2.36,0.45,0.0,,,0.56,0.6275,1
72,22589,Mohammadhossein Askari MOHAMMADIAN,iri,22,2,24,0.92,8.5,1.208333333333333,,5.0,7.0,0.71,4.67,4.67,3.0,0.75,,,,,,0.63,0.71,,,,,,0.95,0.67,9.0,4.67,0.88,1.0,0.67,1.0,0.33,0.67,1.0,0.67,0.33,0.33,0.43,1.0,,0.41,,,0
73,21795,Wuileixis De Jesus RIVAS ESPINOZA,ven,18,12,30,0.6,4.533333333333333,2.6,,2.0,2.0,1.0,4.0,4.0,,,,,,,,0.5,0.5,,,0.0,1.0,,0.95,0.0,7.0,4.0,1.0,,0.0,,0.0,0.0,,0.0,0.0,0.0,0.55,0.68,,0.87,,,0
74,25970,Ibragim Charaputinovitch IBRAGIMOV,ain,5,0,5,1.0,8.8,0.2,0.39,1.0,2.0,0.5,6.0,1.0,,,,,1.0,,0.0,1.0,1.0,,,,,0.0,0.95,1.0,7.0,6.0,0.86,1.0,1.0,,0.0,0.0,,0.0,0.0,0.0,0.17,,,,1.0,0.6275000000000001,0
75,27931,Shermet PERMANOV,tkm,3,4,7,0.43,2.428571428571429,4.857142857142857,,,,,4.0,0.0,,,,,,,,0.5,0.0,,,,1.0,,0.95,0.0,7.0,4.0,1.0,,0.0,1.0,2.0,4.0,1.0,4.0,2.0,2.0,0.08,,,,,,0
76,28765,Parviz Khodavirdi HADIBASMANJ,iri,12,2,14,0.86,8.428571428571427,3.214285714285714,,5.0,8.0,0.63,5.5,5.0,3.0,0.5,1.0,1.0,,,,0.25,0.25,,,0.5,0.0,,0.94,0.5,9.5,5.5,0.79,1.0,0.5,,0.0,0.0,,0.0,0.0,0.0,0.08,,,,,,0
77,23541,Martin SIMONYAN,arm,2,4,6,0.33,2.666666666666667,7.5,,,,,5.0,0.0,,,,,,,,0.67,0.67,,,,,,0.94,1.0,5.0,5.0,1.0,1.0,1.0,,0.0,0.0,,0.0,0.0,0.0,0.72,0.83,,,,,0
78,23295,Valentin DAMOUR,fra,6,4,10,0.6,4.6,2.8,0.0,,1.0,0.0,5.0,0.0,,,,,0.81,,0.96,0.57,1.0,,,0.0,,0.88,0.94,0.0,9.0,5.0,0.83,,0.0,1.0,2.0,4.0,1.0,4.0,2.0,2.0,0.71,0.68,0.71,0.0,0.5,0.615,0
79,21674,Emese BARKA,hun,16,7,23,0.7,5.565217391304348,3.130434782608696,,2.0,2.0,1.0,3.0,6.0,1.0,1.0,,,,,,0.5,0.6,,,,,,0.94,0.0,8.0,3.0,1.0,,0.0,,0.0,0.0,1.0,2.0,1.0,1.0,0.58,1.0,,0.99,,,0
80,22183,Mezhlum MEZHLUMYAN,arm,6,3,9,0.67,6.888888888888888,4.444444444444445,0.9,4.0,4.0,1.0,3.5,4.0,,,1.0,1.0,0.46,,0.97,0.38,0.75,,,0.0,,0.66,0.94,0.0,7.0,3.5,1.0,,0.0,1.0,0.5,1.0,1.0,1.0,0.5,0.5,0.51,0.29,0.76,0.79,0.0,0.7025,0
81,27057,Rafael IUNUSOV,rus,6,5,11,0.55,4.909090909090909,3.909090909090909,,,,,4.0,0.0,,,,,,,,0.5,1.0,,,,,,0.94,1.0,6.0,4.0,1.0,1.0,1.0,1.0,1.0,2.0,1.0,2.0,1.0,1.0,0.38,,,,,,0
82,30071,Aditya KUNDU,ind,3,1,4,0.75,6.25,2.75,,2.0,2.0,1.0,3.0,6.0,,,,,,,,1.0,1.0,,,,,,0.94,0.0,8.0,3.0,1.0,,0.0,1.0,1.0,2.0,1.0,2.0,1.0,1.0,0.0,,,,,,0
83,20285,Talip CIFTCI,tur,7,6,13,0.54,5.0,3.076923076923077,,1.0,1.0,1.0,4.0,2.0,,,,,,,,0.0,0.0,,,,,,0.94,1.0,6.0,4.0,1.0,1.0,1.0,1.0,1.0,2.0,1.0,2.0,1.0,1.0,0.28,0.0,,,,,0
84,26298,Aleksandr GOLOVIN,rus,20,5,25,0.8,6.2,1.2,,1.0,1.0,1.0,3.0,4.0,,,,,,,,,,,,,,,0.94,0.0,8.0,3.0,1.0,,0.0,1.0,1.0,2.0,1.0,2.0,1.0,1.0,0.0,,,,,,0
85,22756,Qi ZHANG,chn,31,14,45,0.69,5.844444444444445,2.6,0.9,1.0,1.0,1.0,3.0,2.0,1.0,1.0,,,,,0.0,,,,,,,0.66,0.94,0.0,8.0,3.0,1.0,,0.0,1.0,1.0,2.0,1.0,6.0,2.0,2.0,0.23,,0.85,,0.0,,0
86,22562,Hassan Aliazam YAZDANICHARATI,iri,37,3,40,0.93,9.925,1.325,0.75,91.0,190.0,0.48,6.66,5.71,56.0,0.41,0.62,18.0,0.96,,0.81,0.84,0.9,,1.0,0.0,0.88,0.86,0.94,2.09,11.66,6.66,0.59,1.0,2.51,0.28,0.46,0.91,0.33,1.26,0.63,1.89,0.55,0.89,0.25,0.44,0.11,0.8,1
87,20512,Seyed Danial Seyed Shamsollah SOHRABI,iri,24,7,31,0.77,7.032258064516129,3.096774193548387,0.68,2.0,2.0,1.0,4.0,1.0,,,,,0.6,,0.52,0.33,0.67,,0.5,0.0,0.5,0.66,0.94,1.0,5.75,4.0,1.0,1.0,1.0,1.0,0.75,1.5,1.0,2.0,1.0,1.0,0.47,1.0,0.7,,0.34,0.6725,0
88,27435,Ibragim LABAZANOV,rus,6,3,9,0.67,5.666666666666666,3.444444444444444,,2.0,3.0,0.67,3.5,2.0,,,,,,,,0.5,1.0,0.0,,,0.0,,0.94,0.0,7.5,4.5,0.9,,0.0,1.0,0.5,1.0,1.0,3.0,1.5,1.5,0.04,,,,,,0
89,25717,Meiirzhan SHERMAKHANBET,kaz,33,10,43,0.77,7.372093023255815,3.325581395348837,,8.0,16.0,0.5,5.0,4.33,,,,,,,,0.23,0.38,,,0.0,,,0.94,0.17,10.33,5.0,0.75,1.0,0.17,0.78,1.17,2.33,0.82,3.0,1.5,1.83,0.58,0.26,,0.53,,,0
90,27064,Alan OSTAEV,rus,6,2,8,0.75,6.375,2.875,,2.0,3.0,0.67,4.0,8.0,,,,,,,,0.0,,,,0.0,,,0.94,2.0,11.0,4.0,0.8,1.0,3.0,,0.0,0.0,,0.0,0.0,0.0,0.0,,,,,,0
91,22099,Devi SANJU,ind,8,4,12,0.67,4.916666666666666,5.25,,3.0,4.0,0.75,5.0,4.0,3.0,0.75,,,,,,0.25,,,,,,,0.93,0.0,8.0,5.0,0.83,,0.0,,0.0,0.0,,0.0,0.0,0.0,0.0,,,,,,0
92,25715,Se Ung RI,prk,10,6,16,0.63,5.625,3.4375,,,,,3.5,0.0,,,,,,,,0.5,,,,,1.0,,0.93,0.0,6.5,3.5,1.0,,0.0,1.0,1.5,3.0,1.0,3.0,1.5,1.5,0.27,,,,,,0
93,30538,Dinislam BAMMATOV,rus,8,1,9,0.89,7.222222222222222,1.555555555555556,,5.0,5.0,1.0,3.25,4.0,,,,,,,,0.25,0.5,,,,0.0,,0.93,0.25,6.75,3.25,1.0,1.0,0.25,,0.0,0.0,1.0,0.5,0.25,0.25,0.48,0.11,,,,,0
94,26008,Pavel HLINCHUK,ain,18,4,22,0.82,7.545454545454546,2.818181818181818,,,2.0,0.0,6.0,0.0,,,,,,,,0.25,,,,0.0,1.0,,0.93,2.0,8.0,6.0,0.75,1.0,2.0,1.0,2.0,4.0,1.0,4.0,2.0,2.0,0.71,0.26,,0.0,,,0
95,25055,Abubakar KHASLAKHANAU,ain,14,3,17,0.82,7.470588235294117,2.705882352941176,0.91,15.0,19.0,0.79,3.92,3.46,,,,,0.3,,0.58,0.21,0.33,0.0,0.5,0.0,0.22,0.75,0.93,0.62,7.15,3.92,0.93,1.0,0.69,1.0,0.08,0.15,1.0,0.31,0.15,0.15,0.52,0.0,0.78,0.81,0.5,0.665,1
96,20755,Chandler Shane MARSTELLER,usa,13,6,19,0.68,5.473684210526316,3.789473684210527,,5.0,5.0,1.0,5.5,5.0,,,,,,,,0.8,1.0,0.0,,,0.5,,0.93,0.5,10.5,5.5,0.69,1.0,0.5,0.5,0.5,1.0,0.5,1.0,0.5,1.0,0.63,0.92,,0.87,,,0
97,27236,Mykola KUCHMII,ukr,13,7,20,0.65,3.25,1.3,,,,,4.0,0.0,,,,,,,,0.5,1.0,,,,0.5,,0.93,2.0,5.0,4.0,1.0,1.0,2.0,,0.0,0.0,,0.0,0.0,0.0,0.08,,,,,,0
98,22657,Robert Attila FRITSCH,hun,31,16,47,0.66,3.702127659574468,3.446808510638298,,,,,4.0,0.0,,,,,,,,0.5,1.0,,,0.0,,,0.93,2.0,5.0,4.0,1.0,1.0,2.0,1.0,1.0,2.0,1.0,2.0,1.0,1.0,0.56,1.0,,,,,0
99,21777,Luis Alberto ORTA SANCHEZ,cub,37,6,43,0.86,5.418604651162791,1.72093023255814,0.63,8.0,10.0,0.8,4.15,0.79,,,,,0.18,,0.6,0.24,0.67,,0.08,0.0,0.19,0.59,0.93,0.94,6.7,4.15,0.92,1.0,0.94,0.98,1.24,2.55,0.98,2.61,1.27,1.3,0.45,0.11,0.38,,0.47,0.5475,1
100,26292,Eltun VAZIRZADE,aze,6,5,11,0.55,6.0,3.818181818181817,,1.0,1.0,1.0,4.0,2.0,,,,,,,,0.0,,,,0.0,,,0.93,3.0,5.0,4.0,1.0,1.0,3.0,,0.0,0.0,,0.0,0.0,0.0,0.0,,,,,,0
101,27235,Murat RAMONOV,kgz,10,8,18,0.56,2.888888888888889,3.5,,3.0,3.0,1.0,3.5,4.0,,,,,,,,0.0,,,,0.0,,,0.93,1.5,6.0,3.5,1.0,1.0,1.5,,0.0,0.0,,0.0,0.0,0.0,0.04,,,,,,0
102,20338,Nesrin BAS,tur,31,21,52,0.6,4.769230769230769,3.442307692307693,,1.0,1.0,1.0,3.0,4.0,,,,,,,,0.5,0.67,,,,,,0.93,0.0,7.0,3.0,1.0,,0.0,,0.0,0.0,,0.0,0.0,0.0,0.08,,,,,,0
103,30536,Aydin AHMADOV,aze,7,6,13,0.54,2.846153846153846,4.923076923076923,,,,,4.0,0.0,,,,,,,,1.0,1.0,,,,,,0.93,1.0,5.0,4.0,1.0,1.0,1.0,,0.0,0.0,,0.0,0.0,0.0,0.67,1.0,,,,,0
104,23157,Khadzhimurad GADZHIYEV,aze,31,13,44,0.7,7.022727272727272,2.931818181818182,,6.0,9.0,0.67,4.5,3.0,5.0,0.83,0.5,1.0,0.55,,0.0,0.56,0.89,,0.0,0.0,0.0,0.0,0.92,0.75,7.5,4.5,0.86,1.0,0.75,1.0,1.25,2.5,1.0,3.0,1.5,1.5,0.02,,,,0.0,,0
105,28775,Abuiazid MANTSIGOV,rus,17,5,22,0.77,7.045454545454546,1.818181818181818,,,1.0,0.0,5.0,0.0,,,,,,,,0.0,,,,0.0,,,0.92,0.0,8.5,5.0,0.77,,0.0,0.6,1.5,3.0,0.6,3.0,1.5,2.5,0.38,,,0.0,,,0
106,21838,Alexandria Rebekkah TOWN,can,22,11,33,0.67,7.636363636363635,3.272727272727273,,,2.0,0.0,5.0,0.0,,,,,,,,1.0,,,,,,,0.92,0.0,10.0,5.0,0.71,,0.0,1.0,3.0,6.0,1.0,8.0,4.0,4.0,0.0,,,,,,0
107,20283,Mate GOKADZE,geo,11,9,20,0.55,4.4,2.95,,2.0,2.0,1.0,2.0,8.0,,,,,,,,,,,,,,,0.92,0.0,8.0,2.0,1.0,,0.0,,0.0,0.0,,0.0,0.0,0.0,0.23,,,0.94,,,0
108,20807,Giullia RODRIGUES PENALBER DE OLIVEIRA,bra,36,18,54,0.67,5.796296296296296,4.25925925925926,,3.0,6.0,0.5,5.0,10.0,1.0,1.0,,,,,,0.0,0.0,0.0,,0.0,,,0.92,1.0,12.0,5.0,0.63,1.0,1.0,,0.0,0.0,,0.0,0.0,0.0,0.0,,,,,,0
109,22360,Anastasiia SIDELNIKOVA,rus,20,14,34,0.59,8.088235294117647,4.441176470588236,,3.0,5.0,0.6,5.0,6.0,3.0,1.0,,,,,,1.0,1.0,,,,,,0.92,0.0,10.0,5.0,0.71,,0.0,1.0,2.0,4.0,1.0,4.0,2.0,2.0,0.0,,,,,,0
110,24030,Sultan ASSETULY,kaz,16,10,26,0.62,4.653846153846153,3.153846153846154,0.96,1.0,1.0,1.0,3.0,2.0,,,,,1.0,,0.0,0.44,0.8,,,,0.0,0.0,0.92,0.5,6.0,3.0,1.0,1.0,0.5,1.0,0.5,1.0,1.0,1.0,0.5,0.5,0.0,,,,0.0,0.72,0
111,25579,Alina KASABIEVA,ain,14,5,19,0.74,7.31578947368421,2.842105263157895,0.71,3.0,5.0,0.6,4.0,4.0,,,,,,,0.0,0.5,0.5,,,,,0.0,0.92,0.0,9.0,4.0,0.8,,0.0,1.0,1.5,3.0,1.0,3.0,1.5,1.5,0.0,,,,0.0,,0
112,28889,Rasul MAGOMEDOV,rus,1,1,2,0.5,4.0,6.0,,1.0,1.0,1.0,3.0,4.0,,,,,,,,0.5,0.8,,,0.0,,,0.92,1.0,6.0,3.0,1.0,1.0,1.0,,0.0,0.0,,0.0,0.0,0.0,0.0,,,,,,0
113,27226,Suleyman DEMIRCI,tur,8,6,14,0.57,2.714285714285714,2.714285714285714,,,,,4.0,0.0,,,,,,,,0.0,,,,,0.0,,0.92,0.0,4.0,4.0,1.0,,0.0,,0.0,0.0,,0.0,0.0,0.0,0.33,,,,,,0
114,26983,Cengizhan ERDOGAN,tur,7,4,11,0.64,6.636363636363637,3.545454545454545,,1.0,1.0,1.0,3.0,2.0,,,,,,,,0.33,0.4,,,,,,0.92,0.0,6.0,3.0,1.0,,0.0,,0.0,0.0,,0.0,0.0,0.0,0.0,,,,,,0
115,22359,Anastasia BLAYVAS,ger,26,19,45,0.58,3.866666666666666,4.266666666666667,,2.0,2.0,1.0,3.0,4.0,1.0,1.0,,,,,,0.25,1.0,0.0,,,0.0,,0.92,0.0,6.0,3.0,1.0,,0.0,,0.0,0.0,,0.0,0.0,0.0,0.0,,,,,,0
116,22493,Zelimkhan ABAKAROV,alb,16,5,21,0.76,7.333333333333333,1.809523809523809,0.69,16.0,23.0,0.7,4.06,2.44,6.0,0.6,,,0.08,,0.0,0.29,0.56,0.0,0.0,0.0,0.0,0.0,0.92,0.25,7.56,4.06,0.86,1.0,0.25,1.0,1.13,2.25,1.0,2.25,1.13,1.13,0.05,,,,0.17,0.435,1
117,20404,Aman AMAN,ind,47,14,61,0.77,7.934426229508195,4.311475409836065,0.14,15.0,29.0,0.52,4.54,2.23,9.0,0.47,0.5,3.0,0.18,,0.71,0.22,0.57,0.0,0.0,0.0,0.0,0.8,0.92,0.15,8.38,4.54,0.8,1.0,0.15,0.8,0.31,0.62,0.86,0.92,0.46,0.54,0.54,0.17,0.87,0.8,0.25,0.4450000000000001,1
118,23634,Diana KAYUMOVA,kaz,11,27,38,0.29,3.315789473684211,6.605263157894737,,1.0,1.0,1.0,3.0,2.0,,,,,,,,0.2,0.5,,,,,,0.92,0.0,6.0,3.0,1.0,,0.0,,0.0,0.0,,0.0,0.0,0.0,0.0,,,,,,0
119,25999,Rakhman TAVMURZAEV,ain,6,1,7,0.86,5.571428571428571,1.714285714285714,0.96,1.0,1.0,1.0,3.0,4.0,,,,,0.0,,0.0,0.0,,,,,,0.88,0.92,0.0,6.0,3.0,1.0,,0.0,,0.0,0.0,,0.0,0.0,0.0,0.3,,0.98,0.94,0.0,0.5449999999999999,0
120,28277,Tracy Gangelo HANCOCK,usa,26,10,36,0.72,5.694444444444445,2.361111111111111,,4.0,4.0,1.0,3.25,4.0,,,,,,,,0.17,0.0,,,0.0,0.0,,0.91,0.5,7.0,3.25,0.93,1.0,0.5,1.0,0.5,1.0,1.0,1.0,0.5,0.5,0.02,,,,,,0
121,24040,Osman YILDIRIM,tur,37,12,49,0.76,4.489795918367347,1.530612244897959,,,,,3.88,0.0,,,,,1.0,,0.0,0.18,1.0,,,0.0,0.0,0.0,0.91,0.38,6.25,3.88,0.91,1.0,0.38,0.89,2.13,4.25,0.89,4.25,2.13,2.38,0.46,0.0,,,1.0,,0
122,27681,Mohamed Ibrahim Elsayed Ibrahi ELSAYED,egy,32,6,38,0.84,7.684210526315788,1.736842105263158,,1.0,3.0,0.33,5.0,4.0,,,,,,,,0.0,,,,0.0,0.0,,0.91,1.0,9.0,5.0,0.71,1.0,1.0,,0.0,0.0,,0.0,0.0,0.0,0.63,0.0,,0.0,,,0
123,28878,Nachyn KUULAR,rus,3,1,4,0.75,8.0,3.25,,1.0,1.0,1.0,5.0,2.0,1.0,1.0,,,,,,1.0,1.0,,,,,,0.91,3.0,6.0,5.0,0.83,1.0,3.0,0.0,0.0,0.0,0.0,0.0,0.0,1.0,0.0,,,,,,0
124,23332,Giorgi MESHVILDISHVILI,aze,6,3,9,0.67,5.444444444444445,1.666666666666667,0.61,6.0,9.0,0.67,3.75,2.5,,,1.0,3.0,0.55,,0.69,0.33,0.5,,,0.0,,0.75,0.91,0.5,7.0,3.75,0.88,1.0,0.5,0.8,0.5,1.0,0.83,1.25,0.63,0.75,0.54,0.43,0.51,0.25,0.32,0.6525,1
125,22749,Alina HRUSHYNA AKOBIIA,ukr,42,9,51,0.82,6.333333333333333,1.098039215686274,0.0,3.0,6.0,0.5,4.5,3.0,1.0,0.5,0.5,2.0,1.0,,0.0,1.0,1.0,,,,,0.0,0.91,0.0,9.0,4.5,0.75,,0.0,1.0,0.5,1.0,1.0,2.0,1.0,1.0,0.0,,,,0.0,0.4775,0
126,27976,Chermen VALIEV,rus,13,0,13,1.0,8.461538461538462,1.307692307692308,,,3.0,0.0,6.0,0.0,,,,,,,,0.75,1.0,,,0.0,,,0.91,3.0,8.0,6.0,0.67,1.0,3.0,1.0,1.5,2.0,1.0,4.0,2.0,2.0,0.0,,,,,,0
127,25565,Arvi Martin SAVOLAINEN,fin,44,14,58,0.76,5.068965517241379,2.189655172413793,0.74,17.0,19.0,0.89,3.31,1.12,,,,,0.55,,0.52,0.24,0.74,0.33,0.0,0.0,0.07,0.88,0.91,0.47,5.63,3.31,0.95,1.0,0.47,0.87,0.92,1.84,0.88,1.92,0.96,1.1,0.53,0.3,0.96,0.55,0.34,0.6825,1
128,25971,Brock David HARDY,usa,4,1,5,0.8,9.6,6.0,0.97,3.0,3.0,1.0,4.0,1.0,3.0,1.0,,,0.0,,0.0,0.0,0.0,,,,,0.0,0.91,0.0,3.0,4.0,1.0,,0.0,,0.0,0.0,,0.0,0.0,0.0,0.08,,,,0.5,0.49,0
129,26795,Dominik ETLINGER,cro,11,8,19,0.58,4.368421052631579,4.105263157894737,,,,,3.0,0.0,,,,,,,,0.0,,,,,,,0.91,0.0,5.0,3.0,1.0,,0.0,1.0,2.0,4.0,1.0,4.0,2.0,2.0,0.28,0.0,,,,,0
130,20780,Murat DAG,tur,12,6,18,0.67,4.944444444444445,2.888888888888889,,,,,3.0,0.0,,,,,,,,0.0,0.0,,,,0.0,,0.91,0.0,5.0,3.0,1.0,,0.0,1.0,1.0,2.0,1.0,4.0,2.0,2.0,0.3,0.0,,,,,0
131,29597,Milad Valerikovitch ALIRZAEV,rus,12,8,20,0.6,4.95,3.2,,1.0,1.0,1.0,3.5,2.0,,,,,,,,0.33,0.0,,,1.0,,,0.91,1.0,7.0,3.5,0.88,1.0,1.0,1.0,1.0,2.0,1.0,2.0,1.0,1.0,0.26,,,0.84,,,0
132,22139,Kanan HEYBATOV,aze,23,7,30,0.77,6.866666666666666,4.166666666666666,,2.0,3.0,0.67,3.5,2.0,2.0,0.67,,,,,,0.75,0.83,,,1.0,,,0.91,0.0,7.0,3.5,0.88,,0.0,1.0,2.0,4.0,1.0,4.0,2.0,2.0,0.59,0.9,,0.44,,,0
133,28264,Shogo TAKAHASHI,jpn,8,9,17,0.47,3.882352941176471,3.647058823529412,,2.0,2.0,1.0,3.0,4.0,,,,,,,,0.0,0.0,,,,,,0.91,0.0,5.0,3.0,1.0,,0.0,,0.0,0.0,,0.0,0.0,0.0,0.36,0.0,,,,,0
134,21560,Eldaniz AZIZLI,aze,37,11,48,0.77,6.979166666666666,2.375,,3.0,4.0,0.75,2.75,3.0,,,,,,,,0.33,0.33,,,,,,0.91,0.0,7.25,2.75,0.92,,0.0,1.0,0.5,1.0,1.0,1.0,0.5,0.5,0.06,,,,,,0
135,21552,Aliaksandr HUSHTYN,blr,23,11,34,0.68,4.941176470588236,3.176470588235294,,2.0,2.0,1.0,3.0,4.0,1.0,1.0,1.0,1.0,,,,1.0,1.0,,,,,,0.91,0.0,5.0,3.0,1.0,,0.0,,0.0,0.0,,0.0,0.0,0.0,0.61,1.0,,0.97,,,0
136,26882,Jamshidbek MARUFOV,uzb,6,1,7,0.86,6.571428571428571,2.857142857142857,,,,,3.0,0.0,,,,,,,,0.57,1.0,,,0.0,0.0,,0.91,1.0,5.0,3.0,1.0,1.0,1.0,,0.0,0.0,,0.0,0.0,0.0,0.62,0.83,,,,,0
137,23342,Haodong TAN,chn,6,6,12,0.5,5.75,3.5,0.6,1.0,2.0,0.5,4.0,4.0,,,,,,,0.0,,,,,,,0.0,0.91,1.0,8.0,4.0,0.8,1.0,1.0,1.0,1.0,2.0,1.0,2.0,1.0,1.0,0.08,,,,0.5,,0
138,20765,Kyle Frederick SNYDER,usa,57,7,64,0.89,8.0625,1.5625,0.0,53.0,105.0,0.5,4.83,3.48,21.0,0.51,0.48,11.0,0.88,,0.0,0.44,0.68,,,0.0,,0.0,0.91,1.0,8.34,4.83,0.73,1.0,1.0,1.0,1.0,2.0,1.0,2.07,1.03,1.03,0.01,,,,0.5,0.45,1
139,23475,Demeu ZHADRAYEV,kaz,24,15,39,0.62,5.743589743589744,2.974358974358974,0.76,22.0,33.0,0.67,3.79,1.39,,,,,0.55,,0.58,0.3,0.71,0.0,0.38,0.0,0.4,0.66,0.9,0.68,6.18,3.79,0.88,1.0,0.68,0.87,0.89,1.79,0.89,2.11,1.05,1.18,0.51,0.05,0.49,0.39,0.29,0.68,1
140,23301,Ismail MUSUKAEV,hun,10,3,13,0.77,7.384615384615384,2.538461538461538,0.96,9.0,11.0,0.82,3.2,5.2,4.0,0.67,1.0,3.0,0.68,,0.74,0.48,0.79,,,0.0,,0.76,0.9,0.2,7.0,3.2,0.89,1.0,0.2,,0.0,0.0,,0.0,0.0,0.0,0.53,0.75,0.44,0.47,0.1,0.7675000000000001,1
141,30182,Aryan TSIUTRYN,blr,5,3,8,0.63,5.625,2.375,,5.0,8.0,0.63,4.33,3.0,,,0.33,1.0,,,,0.33,0.44,0.0,,0.0,0.25,,0.9,0.0,8.33,4.33,0.76,,0.0,1.0,1.0,2.0,1.0,2.33,1.33,1.33,0.57,0.44,,0.32,,,0
142,28939,Magomed Guseynovitch KURBANOV,rus,10,3,13,0.77,5.615384615384616,2.461538461538461,,2.0,3.0,0.67,4.0,2.0,1.0,0.5,1.0,1.0,,,,0.58,0.88,,,0.0,,,0.9,2.5,5.5,4.0,0.89,1.0,2.5,,0.0,0.0,,0.0,0.0,0.0,0.0,,,,,,0
143,25615,Abasgadzhi MAGOMEDOV,ain,23,2,25,0.92,8.8,1.72,,1.0,5.0,0.5,4.0,4.0,,,,,,,,0.75,0.75,,,,,,0.9,0.0,7.5,4.0,0.8,,0.0,1.0,1.0,2.0,1.0,2.0,1.0,1.0,0.46,0.0,,0.79,,,0
144,22610,Zholaman SHARSHENBEKOV,kgz,42,7,49,0.86,6.755102040816327,2.204081632653061,0.82,30.0,53.0,0.57,4.04,3.08,,,,,0.83,,0.0,0.27,0.69,0.0,1.0,0.0,0.14,0.0,0.9,0.46,7.5,4.04,0.8,1.0,0.5,0.78,0.54,1.08,0.78,1.08,0.54,0.69,0.44,0.0,,0.0,0.34,0.7474999999999999,1
145,28038,Ulvu GANIZADE,aze,17,8,25,0.68,4.44,2.6,,2.0,2.0,1.0,3.5,3.0,,,,,,,,0.0,,0.0,,,,,0.9,0.5,6.5,3.5,0.88,1.0,0.5,0.67,1.0,2.0,0.67,2.0,1.0,1.5,0.3,,,,,,0
146,28786,Eduard POPP,ger,9,6,15,0.6,3.4,2.0,,,,,2.75,0.0,,,,,,,,0.11,,,,,0.2,,0.9,0.0,4.75,2.75,1.0,,0.0,1.0,2.0,4.0,1.0,4.0,2.0,2.0,0.44,0.0,,,,,0
147,28361,Daton Duain FIX,usa,12,4,16,0.75,8.0,0.9375,,1.0,12.0,0.11,5.0,1.0,,,0.25,1.0,,,,0.9,1.0,,,0.0,,,0.89,1.0,9.33,5.0,0.65,1.0,1.0,1.0,1.33,2.67,1.0,2.67,1.33,1.33,0.61,0.92,,0.62,,,0
148,20723,Skylar Grace HATTENDORF,usa,6,1,7,0.86,4.857142857142857,1.714285714285714,,2.0,2.0,1.0,2.0,6.0,,,,,,,,0.67,1.0,,,0.0,,,0.89,0.0,6.0,2.0,1.0,,0.0,,0.0,0.0,,0.0,0.0,0.0,0.0,,,,,,0
149,27549,Anzor Ruslanovitch KHIZRIEV,rus,14,4,18,0.78,6.222222222222222,2.722222222222222,,1.0,4.0,0.25,5.0,2.0,1.0,0.25,,,,,,0.0,0.0,,,0.0,,,0.89,0.0,10.0,5.0,0.63,,0.0,1.0,2.0,4.0,1.0,6.0,3.0,3.0,0.0,,,,,,0
150,22166,Fedor BALTUEV,rus,6,2,8,0.75,8.375,3.25,,2.0,2.0,1.0,2.0,6.0,1.0,1.0,,,,,,0.17,,0.0,,0.0,0.0,,0.89,0.0,6.0,2.0,1.0,,0.0,,0.0,0.0,,0.0,0.0,0.0,0.28,0.0,,,,,0
151,27507,Goga GOGIBERASHVILI,geo,2,3,5,0.4,3.2,4.4,,1.0,1.0,1.0,2.0,4.0,,,,,,,,0.0,0.0,,,,0.0,,0.89,0.0,6.0,2.0,1.0,,0.0,,0.0,0.0,,0.0,0.0,0.0,0.3,0.0,,,,,0
152,21565,Sergey EMELIN,rus,28,2,30,0.93,7.233333333333333,1.2,,5.0,6.0,0.83,3.0,3.0,,,,,,,,0.25,0.33,,,0.0,,,0.89,0.0,6.67,3.0,0.9,,0.0,0.83,0.83,1.67,0.83,1.67,0.83,1.0,0.25,,,,,,0
153,20787,Emrah KUS,tur,28,11,39,0.72,5.153846153846153,2.205128205128205,,3.0,4.0,0.75,3.33,2.67,,,,,,,,0.5,1.0,,,,,,0.89,0.0,5.67,3.33,0.91,,0.0,,0.0,0.0,1.0,0.67,0.33,0.33,0.48,0.0,,0.0,,,0
154,27978,Iveriko JULAKIDZE,geo,3,5,8,0.38,5.625,5.25,,2.0,4.0,0.5,5.0,4.0,,,,,,,,0.6,1.0,,,0.0,,,0.89,0.0,10.0,5.0,0.63,,0.0,0.67,2.0,4.0,0.67,4.0,2.0,3.0,0.58,0.83,,0.62,,,0
155,21496,Ilias BEKBULATOV,rus,12,6,18,0.67,7.111111111111112,1.722222222222222,,2.0,2.0,1.0,4.0,4.0,,,,,,,,0.64,0.75,,,0.0,,,0.89,0.0,7.0,4.0,0.8,,0.0,,0.0,0.0,,0.0,0.0,0.0,0.08,,,,,,0
156,30038,Marzpet GALSTYAN,arm,2,4,6,0.33,5.833333333333333,5.666666666666666,,1.0,2.0,0.5,4.0,2.0,1.0,0.5,,,,,,0.25,0.33,,,,,,0.89,0.0,7.0,4.0,0.8,,0.0,1.0,1.0,2.0,1.0,2.0,1.0,1.0,0.59,0.5,,,,,0
157,20744,Seth Anthony GROSS,usa,7,2,9,0.78,8.666666666666666,4.777777777777778,,1.0,8.0,0.13,4.5,0.5,1.0,0.17,,,,,,0.3,0.37,,,0.25,0.0,,0.89,0.25,8.25,4.5,0.72,1.0,0.25,1.0,1.75,3.5,1.0,4.0,2.0,2.0,0.48,0.29,,0.7,,,0
158,22464,Fekry Mohamed Fekry EISSA,egy,13,4,17,0.76,6.647058823529412,2.352941176470588,,1.0,1.0,1.0,4.0,2.0,,,,,,,,0.0,0.0,,,0.0,,,0.89,1.0,7.0,4.0,0.8,1.0,1.0,,0.0,0.0,,0.0,0.0,0.0,0.52,0.0,,,,,0
159,22507,Arsen HARUTYUNYAN,arm,48,7,55,0.87,9.345454545454544,3.363636363636364,0.51,112.0,252.0,0.44,5.16,4.47,56.0,0.36,0.82,31.0,0.83,,0.53,0.58,0.73,0.0,0.33,0.0,0.33,0.77,0.89,0.59,9.29,5.16,0.63,0.97,0.61,0.82,1.2,2.39,0.82,2.67,1.33,1.63,0.56,0.78,0.76,0.51,0.14,0.6975,1
160,23463,Meysam DALKHANI,iri,6,5,11,0.55,4.181818181818182,2.636363636363636,0.9,1.0,1.0,1.0,3.0,2.0,,,,,,,0.0,,,,,,,0.0,0.89,1.0,4.0,3.0,1.0,1.0,1.0,,0.0,0.0,,0.0,0.0,0.0,0.0,,,,0.0,,0
161,27447,Magomed YARBILOV,rus,16,4,20,0.8,4.8,0.8,,,1.0,0.0,4.0,0.0,,,,,,,,1.0,1.0,,,,,,0.89,1.0,7.0,4.0,0.8,1.0,1.0,1.0,1.0,2.0,1.0,2.0,1.0,1.0,0.0,,,,,,0
162,28229,Ayana GEMPEI,jpn,9,3,12,0.75,6.916666666666666,2.333333333333333,,2.0,3.0,0.67,4.0,4.0,1.0,0.5,1.0,1.0,,,,0.6,0.75,,,,,,0.89,0.0,7.0,4.0,0.8,,0.0,,0.0,0.0,,0.0,0.0,0.0,0.08,,,,,,0
163,22656,LIPASTI Matias Olavi Iisakki,fin,3,8,11,0.27,2.818181818181818,6.0,,,,,3.0,0.0,,,,,,,,0.0,,,,,,,0.89,0.0,4.0,3.0,1.0,,0.0,1.0,1.0,2.0,1.0,2.0,1.0,1.0,0.4,,,,,,0
164,26791,Abylaikhan AMZEYEV,kaz,5,9,14,0.36,3.071428571428572,4.928571428571429,,1.0,2.0,0.5,4.0,2.0,,,,,,,,0.14,0.33,0.0,,,0.0,,0.89,0.0,7.0,4.0,0.8,,0.0,1.0,1.0,2.0,1.0,4.0,2.0,2.0,0.61,0.0,,,,,0
165,30279,Ilja KLASNER,ger,1,2,3,0.33,2.0,4.333333333333333,,,,,3.0,0.0,,,,,,,,0.0,0.0,,,,0.0,,0.89,0.0,4.0,3.0,1.0,,0.0,,0.0,0.0,,0.0,0.0,0.0,0.49,0.0,,,,,0
166,28971,Amirkhan GUVAZHOKOV,rus,3,2,5,0.6,9.2,6.6,,1.0,1.0,1.0,3.0,2.0,1.0,1.0,,,,,,0.0,0.0,,,0.0,,,0.89,2.0,4.0,3.0,1.0,1.0,2.0,,0.0,0.0,,0.0,0.0,0.0,0.0,,,,,,0
167,26784,Kanybek ZHOLCHUBEKOV,kgz,11,2,13,0.85,6.846153846153847,2.0,,,1.0,,,,,,,,,,,0.0,,,,,,,0.89,0.0,4.0,3.0,1.0,,0.0,,0.0,0.0,,0.0,0.0,0.0,0.4,,,,,,0
168,20212,Arslanbek SALIMOV,pol,13,11,24,0.54,6.333333333333333,5.375,,1.0,2.0,0.5,4.0,2.0,,,,,,,,0.14,1.0,,,0.0,,,0.89,0.0,7.0,4.0,0.8,,0.0,,0.0,0.0,,0.0,0.0,0.0,0.53,0.0,,0.0,,,0
169,24048,Tserenchimed SUKHEE,mgl,20,8,28,0.71,6.571428571428571,3.357142857142857,,3.0,9.0,0.33,6.0,6.0,2.0,0.4,,,,,,0.33,1.0,,,,,,0.88,0.0,11.0,6.0,0.5,,0.0,,0.0,0.0,1.0,2.0,1.0,1.0,0.58,0.0,,0.8,,,0
170,21578,Nikolay Ivanov VICHEV,bul,6,7,13,0.46,4.0,4.0,,,,,2.5,0.0,,,,,,,,0.5,1.0,0.0,,,0.0,,0.88,0.0,4.5,2.5,1.0,,0.0,1.0,1.0,2.0,1.0,3.0,1.5,1.5,0.54,0.43,,,,,0
171,23303,Nicholas Boone LEE,usa,4,2,6,0.67,6.166666666666666,4.333333333333333,0.78,9.0,13.0,0.69,3.5,3.67,7.0,0.7,,,0.33,,0.54,0.24,0.4,,0.0,0.0,0.0,0.66,0.88,0.17,6.83,3.5,0.84,1.0,0.17,1.0,0.83,1.67,1.0,1.67,0.83,0.83,0.43,0.43,0.44,0.67,0.09,0.605,1
172,27843,Franz RICHTER,ger,16,11,27,0.59,3.555555555555556,2.888888888888889,,,,,2.5,0.0,,,,,,,,0.0,,,,0.0,,,0.88,0.0,4.5,2.5,1.0,,0.0,1.0,1.0,3.0,1.0,3.0,1.5,1.5,0.24,0.0,,,,,0
173,25547,Mason Mark PARRIS,usa,8,1,9,0.89,8.444444444444445,1.888888888888889,0.51,20.0,44.0,0.45,5.11,4.67,11.0,0.39,0.6,3.0,0.88,,0.0,0.6,0.82,,1.0,0.0,0.5,0.0,0.88,0.89,9.0,5.11,0.63,1.0,0.89,0.7,0.78,1.56,0.7,1.56,0.78,1.11,0.02,,,,0.2,0.5725,1
174,20113,Abdullah TOPRAK,tur,37,17,54,0.69,6.166666666666666,2.981481481481481,,,,,2.5,0.0,,,,,,,,0.13,0.0,,,0.0,0.33,,0.88,0.5,4.5,2.5,1.0,1.0,0.5,1.0,1.5,3.0,1.0,3.0,1.5,1.5,0.31,0.03,,,,,0
175,27137,Makhmud BAKHSHILLOEV,uzb,13,10,23,0.57,3.304347826086957,3.608695652173913,,,,,2.5,0.0,,,,,,,,0.0,0.0,,,,0.0,,0.88,0.0,4.5,2.5,1.0,,0.0,1.0,1.5,3.0,1.0,3.0,1.5,1.5,0.04,,,,,,0
176,22661,Malkhas AMOYAN,arm,47,5,52,0.9,5.846153846153847,1.615384615384615,0.91,44.0,51.0,0.86,3.31,2.33,,,,,0.19,,0.61,0.15,0.33,0.0,0.75,0.0,0.38,0.8,0.88,0.35,5.76,3.31,0.89,0.95,0.35,0.8,0.39,0.82,0.81,0.86,0.43,0.53,0.51,0.03,0.87,0.64,0.5,0.6225,1
177,24010,Feng LU,chn,7,5,12,0.58,7.916666666666665,4.75,0.33,8.0,23.0,0.35,4.33,2.0,2.0,0.2,,,0.81,,0.82,0.57,0.86,0.0,0.33,0.0,0.14,0.86,0.88,0.11,8.56,4.33,0.71,1.0,0.11,1.0,2.22,4.44,1.0,4.44,2.22,2.22,0.57,0.9,0.69,0.25,0.0,0.6475,1
178,23451,Magomed SHARIPOV,brn,13,6,19,0.68,5.736842105263158,2.421052631578948,0.44,10.0,19.0,0.53,3.46,2.0,3.0,0.33,0.5,2.0,0.56,,0.57,0.35,0.44,,,0.0,,0.76,0.88,0.08,6.92,3.46,0.83,1.0,0.08,1.0,0.46,0.92,1.0,1.23,0.62,0.62,0.48,0.29,0.52,0.0,0.16,0.59,1
179,21750,David Morris TAYLOR III,usa,34,1,35,0.97,8.314285714285713,1.2,,43.0,98.0,0.44,4.69,3.54,16.0,0.28,0.57,12.0,,,,0.62,0.79,0.0,,0.0,0.33,,0.88,0.69,8.62,4.69,0.68,1.0,0.73,0.9,1.0,2.0,0.92,2.54,1.27,1.38,0.43,0.88,,0.07,,,0
180,21490,Beka LOMTADZE,geo,20,14,34,0.59,5.970588235294118,3.676470588235294,,4.0,7.0,0.57,5.0,10.0,3.0,0.5,,,,,,0.43,0.55,,,0.0,0.5,,0.87,1.0,11.0,5.0,0.56,1.0,1.0,0.0,0.0,0.0,,0.0,0.0,0.0,0.65,0.52,,0.41,,,0
181,26220,Karen ZURABYAN,arm,2,2,4,0.5,4.5,8.0,,2.0,5.0,0.4,5.0,2.0,2.0,0.5,,,,,,0.0,0.0,,,0.0,,,0.87,2.5,7.0,5.0,0.71,1.0,2.5,1.0,1.0,2.0,1.0,2.0,1.0,1.0,0.61,0.0,,0.51,,,0
182,23283,Kateryna ZELENYKH,ukr,18,10,28,0.64,5.857142857142857,3.464285714285714,,2.0,5.0,0.4,5.0,4.0,2.0,0.4,,,,,,0.0,,0.0,,,0.0,,0.87,1.0,9.0,5.0,0.63,1.0,1.0,,0.0,0.0,1.0,2.0,1.0,1.0,0.0,,,,,,0
183,23317,Csaba VIDA,hun,1,10,11,0.09,3.363636363636364,8.818181818181818,0.6,1.0,2.0,0.5,3.0,4.0,1.0,1.0,,,0.32,,0.99,0.23,0.25,0.0,0.33,,0.29,0.88,0.87,0.0,10.0,3.0,0.75,,0.0,1.0,2.0,6.0,1.0,6.0,2.0,2.0,0.63,0.05,0.99,0.94,0.0,0.605,0
184,22527,Arman ANDREASYAN,arm,29,17,46,0.63,4.673913043478261,3.369565217391304,,2.0,4.0,0.5,6.0,4.0,2.0,0.5,,,,,,0.44,0.5,,,,0.0,,0.87,4.0,8.0,6.0,0.6,1.0,4.0,,0.0,0.0,,0.0,0.0,0.0,0.65,0.68,,0.0,,,0
185,21646,Riza KAYAALP,tur,45,5,50,0.9,4.82,0.76,,7.0,12.0,0.58,3.38,0.54,,,,,0.4,,0.0,0.39,1.0,0.0,,0.0,0.67,0.0,0.87,0.43,5.24,3.38,0.9,1.0,0.43,0.86,1.46,2.84,0.86,2.95,1.51,1.76,0.29,,,,0.63,,1
186,22421,Amirhossein Biglar FIROUZPOURBANDPEI,iri,28,3,31,0.9,10.16129032258064,2.193548387096774,,1.0,3.0,0.33,5.0,2.0,1.0,0.5,,,,,,0.29,0.5,,,,0.0,,0.87,3.0,7.0,5.0,0.71,1.0,3.0,,0.0,0.0,,0.0,0.0,0.0,0.0,,,,,,0
187,27217,Singh GURPREET,ind,10,8,18,0.56,6.333333333333333,5.777777777777778,,,,,2.67,0.0,,,,,,,,0.52,0.45,,,0.0,,,0.87,1.33,4.0,2.67,1.0,1.0,1.67,,0.0,0.0,,0.0,0.0,0.0,0.0,,,,,,0
188,28065,Oleg Kahaberovitch AGAKHANOV,rus,10,2,12,0.83,5.75,1.833333333333333,,1.0,2.0,0.5,3.5,2.0,,,,,,,,0.5,1.0,,,0.0,,,0.87,1.5,5.5,3.5,0.88,1.0,1.5,,0.0,0.0,,0.0,0.0,0.0,0.27,,,,,,0
189,22176,Vladimeri GAMKRELIDZE,geo,40,16,56,0.71,7.142857142857143,4.035714285714286,,2.0,8.0,0.25,4.67,2.0,1.0,0.33,,,,,,0.78,0.86,,,0.0,1.0,,0.86,0.33,9.33,4.67,0.64,1.0,0.33,0.5,0.67,1.33,0.5,1.33,0.67,1.33,0.65,0.88,,0.15,,,0
190,28890,Anzor KHIZRIEV,rus,4,0,4,1.0,6.25,1.25,,3.0,3.0,1.0,2.5,3.0,,,,,,,,0.29,0.5,,,,0.0,,0.86,0.0,4.0,2.5,1.0,,0.0,,0.0,0.0,,0.0,0.0,0.0,0.04,,,,,,0
191,22651,Ulvi GANIZADE,aze,18,7,25,0.72,5.2,3.08,,1.0,1.0,1.0,2.0,4.0,,,,,,,,0.5,1.0,,,,,,0.86,0.0,5.0,2.0,1.0,,0.0,,0.0,0.0,,0.0,0.0,0.0,0.28,0.0,,,,,0
192,28781,Saeid Morad ABDVALI,iri,3,2,5,0.6,3.8,3.0,,,,,3.0,0.0,,,,,,,,,,,,,,,0.86,1.0,3.0,3.0,1.0,1.0,1.0,,0.0,0.0,,0.0,0.0,0.0,0.44,,,,,,0
193,20817,Manisha MANISHA,ind,15,9,24,0.63,5.583333333333333,3.666666666666667,,1.0,1.0,1.0,2.5,1.0,1.0,1.0,,,,,,0.4,1.0,,,,0.0,,0.86,0.5,4.0,2.5,1.0,1.0,0.5,,0.0,0.0,1.0,1.0,0.5,0.5,0.0,,,,,,0
194,22541,Hetik CABOLOV,srb,13,9,22,0.59,7.227272727272727,4.409090909090909,0.52,24.0,50.0,0.48,4.19,2.57,15.0,0.44,0.75,3.0,0.41,,0.7,0.25,0.39,0.0,0.17,0.0,0.29,0.88,0.86,0.19,7.57,4.19,0.74,1.0,0.19,0.94,1.43,2.81,0.95,3.52,1.81,1.9,0.57,0.15,0.81,0.53,0.28,0.59,1
195,22244,Hasrat JAFAROV,aze,45,10,55,0.82,5.763636363636364,1.909090909090909,0.67,55.0,74.0,0.74,3.35,3.08,,,,,0.46,,0.52,0.4,0.88,0.0,0.5,0.0,0.27,0.62,0.86,0.31,6.29,3.35,0.85,1.0,0.31,0.85,0.33,0.65,0.86,0.73,0.37,0.42,0.43,0.68,0.26,0.64,0.5,0.605,1
196,22629,Ali Reza Ayat Ollah NEJATI,iri,15,5,20,0.75,6.05,2.1,,1.0,1.0,1.0,2.0,4.0,,,,,,,,0.25,1.0,,,0.0,,,0.86,0.0,5.0,2.0,1.0,,0.0,,0.0,0.0,,0.0,0.0,0.0,0.28,0.43,,,,,0
197,20110,Ramik HEYBATOV,aze,6,5,11,0.55,4.454545454545455,3.0,,,,,3.0,0.0,,,,,,,,0.0,0.0,,,,,,0.86,2.0,3.0,3.0,1.0,1.0,2.0,,0.0,0.0,,0.0,0.0,0.0,0.56,0.0,,,,,0
198,22051,Din Mukhamed KOSHKAR,kaz,15,6,21,0.71,5.238095238095238,3.523809523809524,,1.0,1.0,1.0,2.0,4.0,,,,,,,,0.0,0.0,,,,0.0,,0.86,0.0,5.0,2.0,1.0,,0.0,,0.0,0.0,,0.0,0.0,0.0,0.28,0.0,,,,,0
199,21582,Levani KAVJARADZE,geo,11,7,18,0.61,6.277777777777778,5.222222222222222,,1.0,3.0,0.33,3.5,2.0,,,,,,,,0.38,0.63,0.0,,,0.25,,0.86,1.67,6.33,4.0,0.8,1.0,1.67,1.0,0.67,1.33,1.0,1.33,0.67,0.67,0.61,0.83,,0.0,,,0
200,23123,Kamil KERYMOV,ukr,12,11,23,0.52,7.08695652173913,5.695652173913044,,6.0,12.0,0.5,3.71,1.71,2.0,0.5,,,,,,0.33,0.5,0.0,,0.0,0.25,,0.86,1.0,7.0,3.71,0.79,0.88,1.71,1.0,1.29,2.43,1.0,2.71,1.43,1.43,0.17,0.0,,,,,0
201,22631,Victor CIOBANU,mda,41,19,60,0.68,5.533333333333333,3.983333333333333,0.77,32.0,42.0,0.76,3.13,2.46,,,,,0.29,,0.69,0.17,0.33,0.0,0.0,0.0,0.24,0.76,0.86,0.5,6.09,3.13,0.88,1.0,0.54,0.78,0.46,1.09,0.81,1.22,0.54,0.67,0.52,0.17,0.78,0.54,0.34,0.61,1
202,23182,Rizabek AITMUKHAN,kaz,19,7,26,0.73,7.576923076923077,3.461538461538461,0.96,1.0,1.0,1.0,2.0,4.0,,,,,0.0,,0.62,0.0,,,,,,0.66,0.86,0.0,5.0,2.0,1.0,,0.0,,0.0,0.0,,0.0,0.0,0.0,0.51,0.0,0.85,0.94,0.5,0.5825,0
203,22612,FUMITA Kenichiro,jpn,11,3,14,0.79,4.857142857142857,2.642857142857143,,,,,2.5,0.0,,,,,0.4,,0.58,0.2,1.0,,,,,0.63,0.86,0.0,4.0,2.5,1.0,,0.0,1.0,0.8,2.0,1.0,2.0,1.0,1.0,0.48,0.68,0.5,,0.5,,1
204,22642,Husiyuetu HUSIYUETU,chn,14,6,20,0.7,5.25,2.7,0.29,7.0,21.0,0.33,3.7,1.2,,,,,0.41,,0.7,0.24,0.5,0.0,0.33,0.0,0.33,0.88,0.86,0.45,6.3,3.7,0.83,1.0,0.45,0.97,1.6,3.2,0.97,3.2,1.6,1.65,0.6,0.31,0.86,0.2,0.44,0.54,1
205,22300,Aues GONIBOV,rus,14,3,17,0.82,5.882352941176471,1.88235294117647,0.96,1.0,1.0,1.0,2.0,4.0,,,,,0.32,,0.94,0.22,0.0,,,0.0,,0.0,0.86,0.0,5.0,2.0,1.0,,0.0,,0.0,0.0,,0.0,0.0,0.0,0.4,0.0,,,0.5,0.635,0
206,30963,Salim ERCAN,tur,1,3,4,0.25,5.75,9.5,,2.0,3.0,0.67,4.0,4.0,1.0,0.5,,,,,,0.4,0.8,0.0,,,0.0,,0.85,0.0,6.0,4.0,0.8,,0.0,,0.0,0.0,,0.0,0.0,0.0,0.0,,,,,,0
207,29234,Aina TEMIRTASSOVA,kaz,5,8,13,0.38,2.461538461538461,4.461538461538462,,1.0,2.0,0.5,4.0,2.0,1.0,1.0,,,,,,0.0,,,,0.0,,,0.85,0.0,6.0,4.0,0.8,,0.0,1.0,1.0,0.0,1.0,0.0,1.0,1.0,0.0,,,,,,0
208,20208,Edmond Armen NAZARYAN,bul,39,11,50,0.78,6.42,2.3,0.76,8.0,14.0,0.67,2.92,2.08,,,,,0.12,,0.0,0.27,0.83,,0.2,0.0,0.29,0.62,0.85,0.62,5.77,3.0,0.87,1.0,0.69,1.0,0.77,1.69,1.0,1.85,0.85,0.85,0.51,0.52,0.54,0.54,0.2,0.56,0
209,21801,Jair Alexis CUERO MUNOZ,col,14,13,27,0.52,5.25925925925926,3.407407407407407,0.0,,2.0,0.0,4.0,0.0,,,,,0.75,,0.62,0.43,0.5,,,,,0.66,0.85,0.0,6.0,4.0,0.8,,0.0,1.0,0.5,1.0,1.0,2.0,1.0,1.0,0.67,0.68,0.62,,1.0,0.5675,0
210,22702,Mohammadhadi Abdollah SARAVI,iri,45,2,47,0.96,5.978723404255319,0.9574468085106382,0.49,18.0,23.0,0.78,3.73,1.32,,,,,0.6,,0.0,0.39,0.86,,1.0,0.0,0.6,0.0,0.85,0.29,6.44,3.73,0.8,1.0,0.29,0.83,1.17,2.34,0.83,2.34,1.17,1.41,0.08,,,,0.62,0.505,1
211,22687,David LOSONCZI,hun,32,13,45,0.71,5.622222222222223,3.177777777777778,0.33,19.0,40.0,0.48,3.86,1.33,,,,,0.55,,0.0,0.39,0.78,,0.6,0.0,0.33,0.57,0.85,1.6,5.79,3.86,0.82,0.97,1.62,0.74,0.33,0.67,0.81,1.05,0.5,0.62,0.25,,0.35,,0.4,0.495,1
212,21586,Shmagi BOLKVADZE,geo,17,10,27,0.63,3.222222222222222,1.962962962962963,,2.0,2.0,1.0,3.33,1.33,,,,,,,,0.43,0.0,,,,1.0,,0.85,0.0,4.33,3.33,0.91,,0.0,0.0,0.0,0.0,0.0,0.0,0.0,0.33,0.63,0.43,,,,,0
213,21581,Slavik GALSTYAN,arm,26,17,43,0.6,6.279069767441861,3.395348837209303,0.1,11.0,21.0,0.52,3.5,0.92,,,,,0.29,,0.69,0.23,0.61,0.0,0.0,0.1,0.11,0.93,0.85,0.18,6.32,3.5,0.83,1.0,0.18,0.79,1.45,2.89,0.79,3.32,1.61,2.03,0.59,0.15,0.94,0.18,0.29,0.4575,1
214,22691,Turpal Ali Alvievich BISULTANOV,den,29,11,40,0.73,5.875,1.925,0.52,11.0,27.0,0.41,3.59,1.28,,,,,0.29,,0.62,0.33,0.61,,0.0,0.33,0.09,0.59,0.85,0.69,6.31,3.59,0.82,0.88,0.72,0.89,1.0,2.13,0.89,2.25,1.03,1.16,0.5,0.26,0.44,0.18,0.34,0.54,0
215,26973,Mehran Zaman REZAZADEHGANJI,iri,4,1,5,0.8,6.4,4.8,,4.0,12.0,0.33,6.0,10.0,2.0,0.22,,,,,,0.78,0.75,,,,,,0.85,1.0,12.0,6.0,0.43,1.0,1.0,,0.0,0.0,,0.0,0.0,0.0,0.63,0.87,,0.96,,,0
216,20793,Muhammet Hamza BAKIR,tur,35,3,38,0.92,5.578947368421053,0.9736842105263156,,,,,2.33,0.0,,,,,0.18,,0.84,0.14,0.25,,,0.0,,0.6,0.84,0.33,3.67,2.33,1.0,1.0,0.33,1.0,1.33,2.67,1.0,2.67,1.33,1.33,0.54,0.06,0.47,,0.5,,0
217,30674,Seyedhassan Seyedhossein EBADIMERMETI,iri,3,3,6,0.5,7.833333333333333,5.0,,1.0,8.0,0.13,7.0,2.0,1.0,0.2,,,,,,0.58,0.89,,,0.0,1.0,,0.84,6.0,8.0,7.0,0.5,1.0,6.0,,0.0,0.0,,0.0,0.0,0.0,0.66,0.69,,0.0,,,0
218,23468,Merey BEKENOV,kaz,8,3,11,0.73,6.545454545454546,4.0,0.99,2.0,2.0,1.0,3.0,8.0,,,,,0.0,,0.91,0.0,,,0.0,,0.0,0.88,0.84,0.0,9.0,3.0,0.75,,0.0,0.0,0.0,0.0,0.0,0.0,0.0,1.0,0.69,0.0,0.92,0.99,0.5,0.6299999999999999,0
219,26269,Zaur ALIYEV,aze,11,4,15,0.73,5.6,3.533333333333333,,2.0,2.0,1.0,2.0,3.0,,,,,,,,0.13,0.33,0.0,,0.0,0.0,,0.84,0.0,4.5,2.0,1.0,,0.0,,0.0,0.0,,0.0,0.0,0.0,0.49,0.0,,0.79,,,0
220,28817,Muhammet AKDENIZ,tur,5,9,14,0.36,3.642857142857143,8.0,,3.0,8.0,0.38,6.0,6.0,,,0.5,1.0,,,,0.5,0.75,0.0,,,0.25,,0.84,0.0,10.0,6.0,0.5,,0.0,0.0,0.0,0.0,0.5,2.0,1.0,2.0,0.66,0.68,,0.97,,,0
221,20200,Suren AGHAJANYAN,arm,17,6,23,0.74,7.043478260869565,2.695652173913043,,2.0,4.0,0.5,4.0,6.0,,,,,,,,0.75,1.0,,,0.0,,,0.84,0.0,9.0,4.0,0.67,,0.0,1.0,1.0,2.0,1.0,2.0,1.0,1.0,0.36,,,,,,0
222,23464,Dastan ZARLYKHANOV,kaz,10,6,16,0.63,5.9375,3.9375,,4.0,5.0,0.8,3.0,2.67,,,,,,,,0.31,0.5,,,,0.33,,0.84,0.33,5.0,3.0,0.9,1.0,0.33,,0.0,0.0,1.0,0.67,0.33,0.33,0.48,0.26,,0.0,,,0
223,22675,Mohammadali Abdolhamid GERAEI,iri,27,6,33,0.82,5.757575757575758,2.696969696969697,0.0,2.0,4.0,0.5,3.5,4.0,,,,,0.0,,0.62,0.0,0.0,,,,,0.98,0.84,1.0,7.0,3.5,0.78,1.0,1.0,1.0,0.5,1.0,1.0,1.0,0.5,0.5,0.57,0.0,0.94,0.0,0.5,0.3525,0
224,21584,Karen ASLANYAN,arm,18,6,24,0.75,5.75,2.416666666666667,,5.0,9.0,0.63,3.4,2.8,,,,,,,,0.5,1.0,0.0,,,0.5,,0.84,0.33,6.5,3.33,0.83,1.0,0.33,0.75,0.5,1.0,0.83,1.67,0.83,1.0,0.58,0.45,,0.62,,,0
225,23471,Ramaz ZOIDZE,geo,36,11,47,0.77,6.48936170212766,2.957446808510638,0.96,4.0,12.0,0.33,3.71,2.0,,,,,0.0,,0.0,0.32,0.67,0.5,,0.0,0.67,0.81,0.84,0.43,7.14,3.71,0.76,1.0,0.43,1.0,1.0,2.29,1.0,2.57,1.29,1.29,0.58,0.31,0.9,0.17,0.5,0.595,0
226,21814,Gabriel Alejandro ROSILLO KINDELAN,cub,29,3,32,0.91,6.96875,1.71875,0.67,26.0,29.0,0.9,3.35,3.15,,,,,0.48,,0.0,0.33,0.42,,0.33,0.0,0.4,0.0,0.84,0.19,7.77,3.35,0.76,1.0,0.19,0.71,0.77,2.23,0.73,2.46,0.85,1.15,0.01,,,,0.17,0.5,1
227,24024,Islomjon BAKHRAMOV,uzb,43,15,58,0.74,5.862068965517242,3.327586206896552,0.08,14.0,25.0,0.56,3.36,0.91,,,,,0.6,,0.0,0.34,0.68,0.0,0.25,0.0,0.16,0.0,0.84,0.2,6.29,3.36,0.82,1.0,0.29,0.88,1.31,2.62,0.89,3.02,1.47,1.64,0.23,0.0,,,0.5,0.4375,1
228,21606,Elvin MURSALIYEV,aze,8,6,14,0.57,4.0,3.142857142857143,,1.0,3.0,0.33,5.0,2.0,,,,,,,,0.67,1.0,,,,,,0.84,3.0,6.0,5.0,0.71,1.0,3.0,,0.0,0.0,,0.0,0.0,0.0,0.56,0.0,,0.0,,,0
229,20743,Suleyman ATLI,tur,43,15,58,0.74,7.051724137931035,4.068965517241379,0.75,56.0,117.0,0.48,3.95,3.2,27.0,0.37,0.8,12.0,0.75,,0.82,0.45,0.73,0.0,0.0,0.0,0.11,0.81,0.84,0.27,7.86,3.95,0.72,0.8,0.27,0.91,0.98,1.95,0.93,2.36,1.18,1.27,0.56,0.55,0.76,0.38,0.06,0.725,0
230,22067,Kyotaro SOGABE,jpn,9,7,16,0.56,5.75,5.0,0.39,1.0,2.0,0.5,4.5,2.0,,,,,0.6,,0.9,0.38,0.75,,0.0,,0.0,0.94,0.84,1.0,7.5,4.5,0.69,1.0,1.0,0.4,1.0,2.0,0.5,3.0,1.5,3.0,0.7,0.29,0.22,0.0,0.5,0.6325,0
231,22528,Ramazan Eldarovitch RAMAZANOV,bul,11,5,16,0.69,8.75,6.25,0.0,2.0,13.0,0.67,3.5,4.0,,,,,0.08,,0.0,0.33,0.56,,,0.0,,0.0,0.84,0.67,8.25,4.33,0.85,1.0,0.67,1.0,0.47,0.83,1.0,2.0,1.0,1.0,0.04,,,,0.5,0.24,0
232,21555,Taha AKGUL,tur,49,5,54,0.91,6.148148148148148,1.074074074074074,0.55,65.0,118.0,0.55,3.96,2.55,54.0,0.58,,,0.43,,0.0,0.57,0.81,,,0.0,0.0,0.62,0.84,0.65,6.53,3.96,0.77,1.0,0.67,1.0,0.69,1.39,1.0,1.43,0.71,0.71,0.24,,0.34,0.44,0.25,0.515,1
233,23420,Taras MARKOVYCH,ukr,16,14,30,0.53,6.166666666666666,5.466666666666667,0.9,2.0,3.0,0.67,2.67,2.0,1.0,0.5,,,0.0,,0.0,0.64,0.86,,,,,0.0,0.84,0.0,5.67,2.67,0.89,,0.0,1.0,1.33,2.67,1.0,2.67,1.33,1.33,0.52,0.85,,,0.0,0.565,0
234,21650,Miloslav Yuriev METODIEV,bul,7,5,12,0.58,2.083333333333333,3.0,,,,,2.5,0.0,,,,,,,,0.33,,,,0.0,0.67,,0.84,0.5,3.0,2.5,1.0,1.0,0.5,1.0,0.25,0.5,1.0,0.5,0.25,0.25,0.06,,,,,,0
235,28089,Krystsina SAZYKINA,blr,15,13,28,0.54,4.571428571428571,4.357142857142857,,2.0,5.0,0.4,5.0,4.0,1.0,0.5,,,,,,0.86,0.86,,,,,,0.84,1.0,8.0,5.0,0.63,1.0,1.0,,0.0,0.0,,0.0,0.0,0.0,0.7,0.89,,0.62,,,0
236,23614,Almat KEBISPAYEV,kaz,27,8,35,0.77,6.085714285714285,3.314285714285715,0.9,2.0,2.0,1.0,3.75,1.0,,,,,0.0,,0.62,0.28,0.5,0.0,0.0,,0.0,0.81,0.83,0.5,6.0,3.75,0.79,1.0,0.5,0.43,0.8,1.5,0.56,2.5,1.25,2.25,0.62,0.43,0.83,,1.0,0.5875,0
237,22766,Tetiana SOVA RIZHKO,ukr,30,8,38,0.79,6.894736842105263,2.552631578947369,,1.0,1.0,1.0,2.0,2.0,1.0,1.0,,,,,,,,,,,,,0.83,0.0,4.0,2.0,1.0,,0.0,,0.0,0.0,,0.0,0.0,0.0,0.0,,,,,,0
238,30138,Ali M M ABURUMAILA,ple,3,16,19,0.16,1.052631578947368,5.263157894736842,,1.0,1.0,1.0,2.0,2.0,,,,,,,,0.13,0.33,,,0.0,,,0.83,0.0,4.0,2.0,1.0,,0.0,,0.0,0.0,,0.0,0.0,0.0,0.56,0.06,,,,,0
239,25577,Jennifer PAGE ROGERS,usa,7,4,11,0.64,6.181818181818182,4.181818181818182,0.9,1.0,1.0,1.0,2.0,2.0,1.0,1.0,,,1.0,,0.0,1.0,1.0,,,,,0.0,0.83,0.0,4.0,2.0,1.0,,0.0,,0.0,0.0,1.0,2.0,1.0,1.0,0.0,,,,0.0,0.6825,0
240,23223,Nao KUSAKA,jpn,12,7,19,0.63,5.157894736842104,3.210526315789473,0.61,16.0,25.0,0.64,3.18,2.29,,,,,0.56,,0.73,0.29,0.63,,0.25,0.0,0.2,0.63,0.83,0.41,5.59,3.18,0.84,1.0,0.47,1.0,0.35,0.94,1.0,0.65,0.35,0.35,0.53,0.3,0.65,0.66,0.59,0.6325000000000001,1
241,27128,Talastan KANZHARBEK UULU,kgz,4,4,8,0.5,4.75,5.625,,1.0,1.0,1.0,2.0,2.0,,,,,,,,0.0,,,,0.0,,,0.83,0.0,4.0,2.0,1.0,,0.0,,0.0,0.0,,0.0,0.0,0.0,0.43,0.0,,,,,0
242,30221,Anil Berkan KILICSALLAYAN,tur,5,3,8,0.63,2.75,2.5,,,,,2.0,0.0,,,,,,,,0.0,,,,,,,0.83,0.0,4.0,2.0,1.0,,0.0,,0.0,0.0,,0.0,0.0,0.0,0.23,,,,,,0
243,23691,Ilana KRATYSH,isr,1,8,9,0.11,1.444444444444444,5.555555555555556,,1.0,1.0,1.0,2.0,2.0,1.0,1.0,,,,,,,,,,,,,0.83,0.0,4.0,2.0,1.0,,0.0,,0.0,0.0,,0.0,0.0,0.0,0.0,,,,,,0
244,20745,Nebi UZUN,tur,1,3,4,0.25,2.0,3.25,,1.0,1.0,1.0,2.0,2.0,1.0,1.0,,,,,,0.0,,,,,,,0.83,0.0,4.0,2.0,1.0,,0.0,,0.0,0.0,,0.0,0.0,0.0,0.0,,,,,,0
245,29191,Anthony Javier PALENCIA PUENTES,ven,6,8,14,0.43,4.785714285714286,4.642857142857143,,,,,2.0,0.0,,,,,,,,0.0,,,,,0.0,,0.83,0.0,4.0,2.0,1.0,,0.0,,0.0,0.0,,0.0,0.0,0.0,0.0,,,,,,0
246,23658,Adem Burak UZUN,tur,19,9,28,0.68,6.392857142857143,3.321428571428572,,,,,2.0,0.0,,,,,,,,0.0,0.0,,,,0.0,,0.83,0.0,4.0,2.0,1.0,,0.0,1.0,1.0,2.0,1.0,2.0,1.0,1.0,0.32,0.0,,,,,0
247,35984,Akhmed ZUBAIROV,rus,0,1,1,0.0,4.0,8.0,,,,,2.0,0.0,,,,,,,,0.0,,,,,,,0.83,0.0,4.0,2.0,1.0,,0.0,,0.0,0.0,,0.0,0.0,0.0,0.58,0.0,,,,,0
248,23419,Shota PHARTENADZE,geo,9,9,18,0.5,3.722222222222222,4.5,0.9,1.0,1.0,1.0,2.0,2.0,,,,,0.0,,0.0,0.0,0.0,,,,,0.0,0.83,0.0,4.0,2.0,1.0,,0.0,1.0,1.0,2.0,1.0,2.0,1.0,1.0,0.0,,,,0.0,0.4325,0
249,29280,Sergei STEPANOV,rus,18,4,22,0.82,6.136363636363637,1.954545454545454,,1.0,1.0,1.0,2.0,2.0,,,,,,,,0.2,0.0,,,0.0,,,0.83,0.0,4.0,2.0,1.0,,0.0,,0.0,0.0,,0.0,0.0,0.0,0.53,0.0,,,,,0
250,22624,Erbatu TUO,chn,19,12,31,0.61,5.32258064516129,3.709677419354839,,2.0,3.0,0.67,2.8,1.6,,,,,0.4,,0.0,0.28,0.17,0.0,0.0,0.0,0.33,0.0,0.83,0.2,5.4,2.8,0.88,1.0,0.2,0.83,1.0,2.0,0.83,2.0,1.0,1.2,0.47,0.0,,0.71,0.5,,0
251,28211,Bilan NALGIEV,uzb,8,6,14,0.57,3.571428571428572,2.142857142857143,,,,,2.0,0.0,,,,,,,,0.5,,,,,,,0.83,0.0,4.0,2.0,1.0,,0.0,1.0,1.0,2.0,1.0,2.0,1.0,1.0,0.0,,,,,,0
252,29281,Mihai PETIC,mda,4,7,11,0.36,3.363636363636364,5.363636363636364,,,,,2.0,0.0,,,,,,,,0.2,0.0,,,0.0,,,0.83,0.0,4.0,2.0,1.0,,0.0,,0.0,0.0,1.0,2.0,1.0,1.0,0.53,0.0,,,,,0
253,24974,Kamronbek KADAMOV,uzb,8,2,10,0.8,7.8,2.6,,2.0,2.0,1.0,2.0,4.0,,,,,,,,0.0,0.0,,,,,,0.83,0.0,4.0,2.0,1.0,,0.0,,0.0,0.0,,0.0,0.0,0.0,0.2,0.0,,,,,0
254,30047,Yury KANKOU,blr,2,10,12,0.17,2.0,5.583333333333333,,,1.0,0.0,4.0,0.0,,,,,,,,0.57,1.0,,,0.0,,,0.82,2.0,5.0,4.0,0.8,1.0,2.0,,0.0,0.0,,0.0,0.0,0.0,0.08,,,,,,0
255,21535,Ahmed Ruslanovic DUDAROV,ger,5,10,15,0.33,4.333333333333333,4.733333333333333,,1.0,2.0,0.5,4.0,2.0,1.0,0.5,,,,,,0.63,0.83,,,0.0,,,0.82,0.0,5.0,4.0,0.8,,0.0,,0.0,0.0,,0.0,0.0,0.0,0.17,,,,,,0
256,26282,Cengiz ARSLAN,tur,28,10,38,0.74,5.184210526315789,2.684210526315789,,2.0,3.0,0.67,3.0,3.0,,,,,,,,0.5,,,,,,,0.82,0.0,5.5,3.0,0.86,,0.0,1.0,0.25,1.0,1.0,1.0,0.5,0.5,0.08,,,,,,0
257,26403,Khuresh Ool DONDUK OOL,rus,9,3,12,0.75,6.5,2.333333333333333,,3.0,5.0,0.6,3.5,4.0,1.0,0.33,,,,,,0.33,0.57,,,0.0,,,0.82,0.5,6.5,3.5,0.78,1.0,0.5,,0.0,0.0,,0.0,0.0,0.0,0.71,0.45,,0.84,,,0
258,24015,Javrail SHAPIEV,uzb,16,10,26,0.62,5.230769230769231,4.230769230769231,0.65,18.0,35.0,0.51,3.73,2.4,9.0,0.38,1.0,2.0,0.02,,0.7,0.26,0.45,0.0,0.0,0.0,0.5,0.81,0.82,0.53,6.53,3.73,0.76,1.0,0.53,0.89,0.53,1.07,0.91,1.33,0.67,0.73,0.54,0.07,0.81,0.73,0.13,0.5075,1
259,22519,Sebastian C RIVERA,pur,20,13,33,0.61,7.0,5.909090909090909,0.6,45.0,94.0,0.48,4.0,3.03,16.0,0.42,0.67,12.0,0.55,,0.61,0.35,0.55,,0.1,0.08,0.04,0.66,0.82,0.36,7.48,4.0,0.7,0.92,0.36,0.94,0.94,1.94,0.95,2.18,1.06,1.12,0.4,0.26,0.27,0.32,0.07,0.5925,1
260,23563,Lucas Alexandros LAZOGIANIS,ger,13,9,22,0.59,4.409090909090909,3.5,0.46,1.0,2.0,0.5,4.0,2.0,,,,,0.4,,0.62,0.25,0.0,,0.5,,0.5,0.96,0.82,1.0,5.0,4.0,0.8,1.0,1.0,,0.0,0.0,,0.0,0.0,0.0,0.61,0.0,0.96,0.62,0.5,0.5725,0
261,21697,Mariia KUZNETSOVA,rus,28,12,40,0.7,7.375,3.5,,2.0,4.0,0.5,3.33,1.33,1.0,1.0,1.0,1.0,,,,0.18,0.5,0.0,,,0.0,,0.82,0.0,5.33,3.33,0.83,,0.0,1.0,0.67,1.33,1.0,2.0,1.0,1.0,0.08,,,,,,0
262,27510,Serkan AKKOYUN,tur,7,6,13,0.54,4.384615384615385,3.230769230769231,,,1.0,0.0,4.0,0.0,,,,,,,,0.5,,,,,1.0,,0.82,2.0,5.0,4.0,0.8,1.0,2.0,1.0,1.0,2.0,1.0,2.0,1.0,1.0,0.08,,,,,,0
263,22630,Tynar SHARSHENBEKOV,kgz,5,6,11,0.45,5.636363636363637,5.818181818181817,,2.0,3.0,0.67,2.5,4.0,,,,,0.0,,0.0,0.0,,,0.0,,0.0,0.0,0.82,0.0,7.0,2.5,0.83,,0.0,,0.0,0.0,1.0,2.0,0.5,0.5,0.08,,,,0.5,,0
264,23565,Mindaugas VENCKAITIS,ltu,6,11,17,0.35,3.176470588235294,3.294117647058824,0.78,2.0,2.0,1.0,1.75,2.0,,,,,0.0,,0.0,0.0,0.0,,0.0,,0.0,0.0,0.81,0.0,3.75,1.75,1.0,,0.0,1.0,0.5,1.0,1.0,1.0,0.5,0.5,0.06,,,,0.38,0.4125,0
265,22617,Kerem KAMAL,tur,61,14,75,0.81,6.4,2.746666666666667,0.74,48.0,78.0,0.62,3.61,2.25,,,,,0.48,,0.58,0.39,0.69,0.2,1.0,0.0,0.61,0.76,0.81,0.55,6.5,3.61,0.76,1.0,0.55,0.57,0.53,1.16,0.62,1.44,0.7,1.14,0.56,0.54,0.33,0.46,0.34,0.6475,0
266,22711,Mihail KAJAIA,srb,15,13,28,0.54,2.928571428571429,2.892857142857143,,,,,2.0,0.0,,,,,0.29,,0.0,0.17,0.5,,0.0,,0.0,0.66,0.81,0.0,3.33,2.0,1.0,,0.0,1.0,1.0,2.0,1.0,2.67,1.33,1.33,0.28,,0.69,,0.5,,0
267,22363,Nova Ilona BERGMAN,swe,5,7,12,0.42,3.666666666666667,5.583333333333333,,3.0,4.0,0.75,3.0,8.0,,,0.75,3.0,,,,0.2,0.0,0.0,,,0.33,,0.81,0.0,8.0,3.0,0.75,,0.0,,0.0,0.0,,0.0,0.0,0.0,0.0,,,,,,0
268,22676,Burhan AKBUDAK,tur,40,16,56,0.71,5.892857142857143,2.25,0.71,3.0,5.0,0.6,3.25,1.0,,,,,0.55,,0.84,0.31,0.67,,0.0,0.0,0.0,0.6,0.81,0.88,5.25,3.25,0.84,1.0,1.0,0.82,1.13,2.25,0.83,2.5,1.25,1.5,0.46,0.29,0.47,0.64,0.5,0.6325000000000001,0
269,28184,Yuki TAKAHASHI,jpn,12,3,15,0.8,6.466666666666667,3.733333333333333,,1.0,3.0,1.0,4.0,1.0,1.0,1.0,,,,,,0.2,0.5,,,,0.0,,0.81,0.0,7.67,4.33,0.81,,0.0,1.0,2.0,4.0,1.0,4.0,2.0,2.0,0.6,0.0,,,,,0
270,22638,Mohammadreza Abdolhamid GERAEI,iri,32,9,41,0.78,6.097560975609756,3.097560975609756,0.54,40.0,65.0,0.62,3.03,3.55,,,,,0.29,,0.82,0.21,0.48,0.2,0.43,0.0,0.19,0.87,0.81,0.16,6.58,3.03,0.8,1.0,0.16,0.75,0.16,0.32,0.88,0.84,0.39,0.45,0.58,0.17,0.8,0.7,0.25,0.555,1
271,28995,Islambek DADOV,aze,4,6,10,0.4,4.8,3.8,,1.0,2.0,0.5,2.67,1.33,,,,,,,,0.23,,0.0,,,0.25,,0.81,0.0,5.0,2.67,0.89,,0.0,1.0,1.0,2.0,1.0,2.0,1.0,1.0,0.29,0.68,,,,,0
272,25671,Zhan BELENIUK,ukr,28,4,32,0.88,4.6875,1.28125,0.0,6.0,7.0,0.86,2.47,0.95,,,,,0.29,,0.57,0.23,1.0,,0.0,0.0,0.67,0.77,0.81,0.05,4.47,2.47,0.92,1.0,0.05,0.92,1.21,2.42,0.92,2.53,1.26,1.37,0.53,0.26,0.52,0.67,0.5,0.4075,1
273,27512,Aivengo RIKADZE,geo,21,12,33,0.64,4.454545454545455,2.151515151515151,,3.0,7.0,0.43,4.67,1.67,,,,,,,,0.43,1.0,,,0.0,,,0.81,1.67,6.33,4.67,0.7,1.0,2.0,0.0,0.0,0.0,0.33,0.67,0.33,1.0,0.28,,,0.0,,,0
274,26223,Teimuraz VANISHVILI,geo,14,10,24,0.58,5.083333333333333,4.708333333333333,,1.0,3.0,0.33,4.0,4.0,,,,,,,,0.5,0.86,0.0,,0.0,0.0,,0.81,1.0,8.0,4.0,0.67,1.0,1.0,,0.0,0.0,1.0,2.0,1.0,1.0,0.64,0.29,,0.67,,,0
275,30234,Shamil Letkaevitch OZHAEV,rus,8,2,10,0.8,5.4,1.3,,1.0,1.0,1.0,2.0,2.0,,,,,,,,0.0,,,,,,,0.8,0.0,3.0,2.0,1.0,,0.0,,0.0,0.0,,0.0,0.0,0.0,0.08,,,,,,0
276,23340,Dalton James ROBERTS,usa,9,8,17,0.53,4.941176470588236,3.647058823529412,0.96,1.0,1.0,1.0,1.75,1.0,,,,,1.0,,0.0,0.2,0.33,0.0,,,0.0,0.81,0.8,0.0,3.25,1.75,1.0,,0.0,,0.0,0.0,,0.0,0.0,0.0,0.47,0.0,0.96,0.72,0.5,0.8075,0
277,25056,Magomed MUKHTAROV,ain,3,1,4,0.75,8.0,3.75,,,,,2.0,0.0,,,,,0.0,,0.0,0.0,0.0,,,0.0,,0.0,0.8,0.0,3.0,2.0,1.0,,0.0,,0.0,0.0,,0.0,0.0,0.0,0.08,,,,0.5,,0
278,29399,Burak DEMIR,ger,1,3,4,0.25,2.25,6.0,,1.0,1.0,1.0,2.0,2.0,,,,,,,,0.5,1.0,,,0.0,,,0.8,0.5,2.5,2.0,1.0,1.0,0.5,,0.0,0.0,,0.0,0.0,0.0,0.63,0.5,,0.79,,,0
279,26881,Andrii TERZI,ukr,1,1,2,0.5,6.5,2.5,,,,,2.0,0.0,,,,,,,,0.0,0.0,,,,,,0.8,1.0,3.0,2.0,1.0,1.0,1.0,,0.0,0.0,1.0,2.0,1.0,1.0,0.52,0.0,,,,,0
280,22727,Yui SUSAKI,jpn,34,0,34,1.0,8.676470588235295,0.2352941176470588,,2.0,4.0,0.5,3.5,2.0,1.0,0.5,,,,,,0.75,1.0,,,,,,0.8,0.5,6.0,3.5,0.78,1.0,0.5,1.0,1.0,2.0,1.0,2.0,1.0,1.0,0.55,0.87,,0.28,,,0
281,30194,Iwan NYLYPIUK,pol,2,5,7,0.29,2.285714285714286,4.857142857142857,,,,,2.0,0.0,,,,,,,,0.38,,,,0.0,0.0,,0.8,0.0,3.0,2.0,1.0,,0.0,1.0,1.0,2.0,1.0,2.0,1.0,1.0,0.08,,,,,,0
282,25562,Fei PENG,chn,6,9,15,0.4,2.8,3.666666666666667,,,,,2.0,0.0,,,,,0.55,,0.0,0.33,0.0,,,,,0.0,0.8,0.0,3.0,2.0,1.0,,0.0,1.0,1.0,2.0,1.0,2.0,1.0,1.0,0.08,,,,0.5,,0
283,22660,Akzhol MAKHMUDOV,kgz,39,3,42,0.93,6.714285714285714,1.547619047619048,0.47,39.0,63.0,0.62,3.4,4.37,,,,,0.55,,0.0,0.41,0.73,,1.0,0.0,0.83,0.0,0.8,0.33,7.4,3.4,0.74,0.83,0.37,0.93,0.43,0.87,0.93,0.93,0.47,0.5,0.42,0.68,,0.67,0.36,0.56,1
284,22550,Vasyl MYKHAILOV,ukr,35,14,49,0.71,6.285714285714286,3.326530612244898,0.82,7.0,13.0,0.54,4.0,3.5,6.0,0.55,0.5,1.0,0.95,,0.71,0.83,1.0,,,,,0.88,0.8,0.25,7.75,4.0,0.67,1.0,0.25,0.75,1.5,3.0,0.8,4.0,2.0,2.5,0.5,1.0,0.65,0.66,0.0,0.7675,0
285,23366,Per Anders KURE,nor,9,18,27,0.33,3.296296296296296,4.925925925925926,0.9,1.0,1.0,1.0,2.0,2.0,,,,,0.75,,0.0,0.5,0.5,,,,,0.0,0.8,0.0,3.0,2.0,1.0,,0.0,,0.0,0.0,,0.0,0.0,0.0,0.08,,,,0.5,0.6325000000000001,0
286,20408,Armin Mehdi HABIBZADEHSAROUKOLAEI,iri,6,2,8,0.75,7.875,4.25,,1.0,1.0,1.0,2.0,2.0,1.0,1.0,,,,,,1.0,1.0,,,,,,0.8,0.0,3.0,2.0,1.0,,0.0,,0.0,0.0,,0.0,0.0,0.0,0.59,1.0,,0.87,,,0
287,27063,Tarek Mohamed ABDELSLAM SHEBLE MOHAMED,bul,10,7,17,0.59,2.823529411764706,3.411764705882353,,,,,2.0,0.0,,,,,,,,0.5,0.5,,,,,,0.8,0.0,3.0,2.0,1.0,,0.0,1.0,1.0,2.0,1.0,2.0,1.0,1.0,0.08,,,,,,0
288,30543,Nikolay Ivov DZEZOV,bul,1,3,4,0.25,3.5,7.5,,,,,2.0,0.0,,,,,,,,0.17,0.33,,,,0.0,,0.8,0.0,3.0,2.0,1.0,,0.0,,0.0,0.0,,0.0,0.0,0.0,0.08,,,,,,0
289,21791,Ellis E. COLEMAN,usa,5,4,9,0.56,5.666666666666666,3.666666666666667,,,,,2.0,0.0,,,,,,,,0.25,1.0,,,,0.0,,0.8,0.0,3.0,2.0,1.0,,0.0,,0.0,0.0,,0.0,0.0,0.0,0.36,0.0,,,,,0
290,20761,Osman GOCEN,tur,21,13,34,0.62,6.735294117647058,5.823529411764706,0.31,29.0,65.0,0.45,3.67,2.0,11.0,0.31,0.17,1.0,0.41,,0.74,0.33,0.56,0.0,,0.0,0.0,0.94,0.8,0.17,6.67,3.67,0.74,1.0,0.17,0.93,0.9,1.8,0.95,2.6,1.3,1.37,0.58,0.31,0.78,0.31,0.17,0.525,1
291,22142,Zolt ZONAI,srb,4,5,9,0.44,2.777777777777778,4.222222222222222,,,,,2.0,0.0,,,,,,,,0.33,1.0,,,,0.33,,0.8,0.0,3.0,2.0,1.0,,0.0,1.0,1.0,2.0,1.0,2.0,1.0,1.0,0.08,,,,,,0
292,22764,Koumba LARROQUE,fra,16,5,21,0.76,5.428571428571429,2.142857142857143,,1.0,1.0,1.0,2.0,2.0,,,,,,,,0.5,1.0,,,,,,0.8,0.0,3.0,2.0,1.0,,0.0,,0.0,0.0,,0.0,0.0,0.0,0.08,,,,,,0
293,22195,Bagrati GAGNIDZE,geo,16,4,20,0.8,6.35,3.8,,1.0,1.0,1.0,2.0,2.0,1.0,1.0,,,,,,0.82,1.0,,,0.0,,,0.8,1.0,3.0,2.0,1.0,1.0,1.0,,0.0,0.0,,0.0,0.0,0.0,0.55,0.9,,,,,0
294,21574,Mihai Radu MIHUT,rou,28,27,55,0.51,4.545454545454546,4.090909090909091,0.24,9.0,18.0,0.5,2.67,0.85,,,,,0.0,,0.54,0.09,0.4,0.0,0.0,0.0,0.0,0.57,0.8,0.3,4.3,2.67,0.9,1.0,0.33,0.95,0.61,1.09,0.96,1.39,0.76,0.79,0.45,0.03,0.0,0.0,0.38,0.3725,1
295,22437,Ziya BABASHOV,aze,8,11,19,0.42,3.789473684210527,2.842105263157895,,,,,2.0,0.0,,,,,0.0,,0.62,0.0,,,,,,0.81,0.8,0.0,3.0,2.0,1.0,,0.0,,0.0,0.0,,0.0,0.0,0.0,0.47,0.0,0.9,,0.0,,0
296,30771,Guesseppe Ricardo REA VILLARROEL,ecu,1,6,7,0.14,2.0,8.142857142857144,,1.0,1.0,1.0,2.0,1.0,,,,,,,,0.14,0.25,,,,0.0,,0.8,0.0,3.0,2.0,1.0,,0.0,1.0,1.0,2.0,1.0,2.0,1.0,1.0,0.0,,,,,,0
297,25621,Austin Klee GOMEZ,mex,1,2,3,0.33,3.666666666666667,9.33333333333333,,,,,2.0,0.0,,,,,0.08,,0.84,0.13,0.25,,0.0,,0.0,0.0,0.8,1.0,3.0,2.0,1.0,1.0,1.0,1.0,1.0,2.0,1.0,2.0,1.0,1.0,0.28,0.43,,,0.0,,0
298,22586,Magomedkhan Magomedovitch MAGOMEDOV,aze,7,1,8,0.88,8.875,4.5,,14.0,20.0,0.7,2.88,4.75,4.0,0.67,0.57,4.0,,,,0.38,0.63,,,0.0,0.33,,0.8,0.25,6.88,2.88,0.79,1.0,0.25,1.0,0.13,0.25,1.0,0.25,0.13,0.13,0.01,,,,,,1
299,23883,Mohamed Ibrahim Elsayed ELSAYED,egy,7,3,10,0.7,6.1,4.2,0.0,,2.0,0.0,5.0,0.0,,,,,0.0,,0.91,0.0,,0.0,0.0,0.0,0.0,0.88,0.8,0.0,7.0,5.0,0.63,,0.0,1.0,1.0,2.0,1.0,4.0,2.0,2.0,0.69,0.0,0.54,0.0,0.5,0.3725,0
300,28767,Kristian FRIS,srb,3,2,5,0.6,5.2,3.6,,1.0,1.0,1.0,3.0,2.0,,,,,,,,0.0,0.0,0.0,,0.0,,,0.8,0.0,5.0,3.0,0.86,,0.0,0.67,1.0,2.0,0.67,2.0,1.0,1.5,0.08,,,,,,0
301,22621,Haithem Mahmoud Ahmed Fahmy MAHMOUD,egy,22,10,32,0.69,5.46875,3.4375,,1.0,1.0,1.0,1.67,1.33,,,,,0.0,,0.0,0.14,,0.0,0.0,0.0,0.22,0.0,0.8,0.33,3.67,1.67,1.0,1.0,0.33,1.0,0.33,1.33,1.0,1.33,0.33,0.33,0.0,,,,0.0,,0
302,21540,Taimuraz FRIEV NASKIDAEVA,esp,15,11,26,0.58,4.923076923076923,3.653846153846154,,2.0,5.0,0.4,4.0,1.5,,,0.33,1.0,,,,0.29,0.25,,,,1.0,,0.78,0.5,6.0,4.0,0.73,1.0,0.5,1.0,1.0,2.0,1.0,2.0,1.0,1.0,0.59,0.43,,0.79,,,0
303,22506,Rei HIGUCHI,jpn,17,2,19,0.89,8.789473684210526,2.421052631578948,0.64,36.0,102.0,0.35,4.94,4.44,31.0,0.35,0.4,2.0,0.63,,0.54,0.52,0.86,0.0,1.0,0.0,0.33,0.81,0.78,0.22,9.67,4.94,0.53,1.0,0.22,0.74,1.44,2.89,0.76,3.11,1.56,2.06,0.4,0.0,0.0,0.0,0.1,0.6125,1
304,22688,Ali CENGIZ,tur,34,14,48,0.71,4.270833333333333,2.791666666666667,0.4,15.0,25.0,0.6,2.9,1.23,,,,,0.57,,0.0,0.4,0.72,0.0,0.63,0.0,0.5,0.0,0.78,0.44,4.79,2.9,0.86,1.0,0.46,0.75,0.23,0.46,0.8,0.62,0.31,0.38,0.07,,,,0.47,0.4550000000000001,1
305,21654,Mariya STADNIK,aze,33,6,39,0.85,8.512820512820513,2.0,0.42,42.0,148.0,0.28,4.84,3.19,21.0,0.23,0.4,10.0,0.85,,0.9,0.69,0.91,,0.0,0.0,0.0,0.94,0.78,0.66,9.09,4.84,0.55,1.0,0.66,0.71,1.25,2.44,0.73,2.69,1.38,1.88,0.56,0.78,0.3,0.11,0.17,0.6525,1
306,20280,Mykhailo VYSHNYVETSKYI,ukr,29,12,41,0.71,4.682926829268292,3.585365853658537,0.75,36.0,42.0,0.86,2.0,2.98,,,,,0.02,,0.54,0.12,0.3,0.0,0.0,0.0,0.05,0.75,0.78,0.15,4.63,2.0,0.93,1.0,0.15,1.0,0.24,0.49,1.0,0.54,0.27,0.27,0.45,0.05,0.65,0.63,0.32,0.5,0
307,25672,Kiryl MASKEVICH,ain,16,9,25,0.64,5.28,3.68,0.9,28.0,33.0,0.85,2.7,3.7,,,,,0.32,,0.52,0.19,0.18,,0.0,0.0,0.0,0.65,0.78,0.26,5.52,2.7,0.85,1.0,0.26,0.67,0.26,0.52,0.67,0.52,0.26,0.39,0.5,0.07,0.63,0.66,0.38,0.625,1
308,23458,BATIRMURZAEV Yusup,kaz,8,8,16,0.5,5.0,4.875,,,,,1.67,0.0,,,,,0.32,,0.0,0.17,0.5,,0.0,0.0,0.0,0.0,0.78,0.0,3.33,1.67,1.0,,0.0,1.0,1.33,2.67,1.0,2.67,1.33,1.33,0.0,,,,0.0,,0
309,22557,Arman AVAGYAN,arm,30,22,52,0.58,5.711538461538462,4.961538461538462,0.98,7.0,14.0,0.5,4.33,6.0,,,,,0.68,,0.99,0.57,0.83,,0.33,0.0,0.5,0.98,0.78,0.0,9.0,4.33,0.59,,0.0,1.0,0.33,0.67,1.0,0.67,0.33,0.33,0.68,0.69,0.98,0.95,0.0,0.78,0
310,22574,Osman NURMAGOMEDOV,aze,28,8,36,0.78,6.861111111111112,2.0,,25.0,66.0,0.38,4.09,2.17,6.0,0.32,,,,,,0.54,0.79,,,0.0,,,0.78,0.74,6.87,4.09,0.7,1.0,0.74,1.0,1.13,2.26,1.0,2.26,1.13,1.13,0.03,,,,,,1
311,30770,Abubakar MUTALIEV,rwf,1,2,3,0.33,5.666666666666666,4.0,,2.0,7.0,0.29,4.5,2.0,1.0,0.2,1.0,1.0,,,,0.29,0.4,0.0,,,,,0.78,0.5,8.5,4.5,0.6,1.0,0.5,0.75,1.5,3.0,0.75,3.0,1.5,2.0,0.53,0.43,,0.0,,,0
312,23380,Murat LOKIAYEV,aze,7,8,15,0.47,4.6,3.133333333333333,0.6,10.0,22.0,0.45,3.36,2.64,,,,,0.4,,0.0,0.2,0.7,0.25,0.0,0.0,0.2,0.0,0.78,0.29,6.57,3.36,0.76,1.0,0.29,0.82,1.0,2.0,0.82,2.0,1.0,1.21,0.08,,,,0.84,0.4650000000000001,1
313,22678,Yaroslav FILCHAKOV,ukr,24,15,39,0.62,4.17948717948718,2.230769230769231,,,,,2.0,0.0,,,,,,,,0.0,0.0,,,,,,0.77,0.5,2.5,2.0,1.0,1.0,0.5,1.0,0.5,1.0,1.0,1.0,0.5,0.5,0.5,0.0,,,,,0
314,23216,Elmer Joakim MATTILA,fin,8,15,23,0.35,3.0,3.826086956521739,0.74,1.0,1.0,1.0,1.75,1.0,,,,,0.0,,0.58,0.09,0.5,,0.0,0.0,0.0,0.0,0.77,0.25,2.75,1.75,1.0,1.0,0.25,,0.0,0.0,1.0,0.5,0.25,0.25,0.27,0.0,,,0.5,0.445,0
315,21726,Alejandro Enrique VALDES TOBIER,cub,18,6,24,0.75,7.666666666666665,2.416666666666667,0.6,1.0,2.0,0.5,2.5,2.0,1.0,0.5,,,1.0,,0.0,1.0,1.0,,,,,0.0,0.77,0.0,6.0,2.5,0.83,,0.0,1.0,1.0,2.0,1.0,2.0,1.0,1.0,0.0,,,,0.0,0.5925,0
316,22623,Sebastian NAD,srb,15,10,25,0.6,3.12,3.48,,2.0,3.0,0.67,2.75,1.5,,,,,,,,0.15,0.33,0.0,,,0.33,,0.77,0.0,5.0,2.75,0.85,,0.0,1.0,0.5,1.0,1.0,1.0,0.5,0.5,0.58,0.26,,0.72,,,0
317,23662,Pridon ABULADZE,geo,17,9,26,0.65,4.884615384615385,3.923076923076923,0.3,11.0,20.0,0.55,3.04,1.42,,,,,0.01,,0.6,0.15,0.45,,0.0,0.0,0.25,0.75,0.77,0.88,4.92,3.04,0.83,1.0,0.88,0.44,0.15,0.23,0.55,0.38,0.23,0.42,0.54,0.15,0.36,0.63,0.3,0.405,0
318,22650,Ibragim MAGOMADOV,kaz,18,10,28,0.64,4.571428571428571,2.821428571428572,,,1.0,0.0,3.0,0.0,,,,,,,,0.5,0.8,,,0.0,,,0.77,1.0,4.5,3.0,0.86,1.0,1.0,1.0,1.5,3.0,1.0,3.0,1.5,1.5,0.59,0.68,,0.0,,,0
319,23452,Batyrbek TCAKULOV,svk,27,7,34,0.79,7.088235294117648,2.676470588235294,,1.0,8.0,0.13,6.0,2.0,,,0.33,1.0,,,,0.82,0.87,,,,1.0,,0.77,0.0,10.0,6.0,0.43,,0.0,0.0,0.0,0.0,0.0,0.0,0.0,1.0,0.17,,,,,,0
320,22640,Hansu RYU,kor,28,13,41,0.68,4.682926829268292,2.804878048780488,,1.0,1.0,1.0,2.0,0.67,,,,,,,,0.17,0.33,0.0,,0.0,0.0,,0.77,0.0,2.67,2.0,1.0,,0.0,,0.5,0.0,,0.0,0.0,0.0,0.56,0.29,,,,,0
321,22703,Arif NIFTULLAYEV,aze,7,9,16,0.44,3.25,3.5,0.0,4.0,27.0,0.15,4.13,1.0,,,,,0.43,,0.0,0.34,0.7,0.0,0.0,0.0,0.11,0.0,0.77,0.25,6.69,4.13,0.68,1.0,0.38,0.7,0.88,1.5,0.74,1.88,1.06,1.44,0.12,,,,0.9,0.33,1
322,30183,Akhmednabi GVARZATILOV,aze,4,3,7,0.57,9.0,6.285714285714286,,4.0,5.0,0.8,2.5,5.0,2.0,1.0,,,,,,0.33,1.0,,,,0.0,,0.77,0.0,6.0,2.5,0.83,,0.0,,0.0,0.0,,0.0,0.0,0.0,0.0,,,,,,0
323,30228,Oleksii MASYK,ukr,5,5,10,0.5,4.5,3.8,,3.0,3.0,1.0,2.67,0.67,,,,,,,,0.26,0.56,,,0.0,0.38,,0.77,0.44,4.11,2.67,0.89,1.0,0.44,0.75,0.67,1.33,0.75,1.33,0.67,0.89,0.55,0.45,,0.64,,,0
324,22719,Oskar MARVIK,nor,26,20,46,0.57,3.347826086956522,2.08695652173913,0.62,3.0,8.0,0.38,2.84,0.22,,,,,0.33,,0.54,0.19,0.5,0.0,0.33,0.0,0.11,0.6,0.77,0.89,3.54,2.84,0.9,0.97,0.89,0.73,0.43,0.76,0.74,0.81,0.46,0.62,0.47,0.5,0.46,,0.4,0.5475,0
325,27161,Amin Mohammadzaman MIRZAZADEH,iri,15,0,15,1.0,4.6,0.9333333333333332,,4.0,5.0,0.8,2.8,0.8,,,,,,,,0.45,1.0,,,,0.86,,0.77,0.53,4.67,2.8,0.86,0.89,0.67,0.71,0.8,1.6,0.72,1.73,0.87,1.2,0.51,0.83,,0.49,,,1
326,23373,Semen Sergeevich NOVIKOV,bul,24,8,32,0.75,5.5625,3.03125,0.41,10.0,25.0,0.4,3.13,1.25,,,,,0.2,,0.51,0.21,0.44,0.0,0.0,0.0,0.45,0.77,0.77,0.21,5.42,3.13,0.81,1.0,0.21,0.93,0.54,1.17,0.93,1.33,0.58,0.63,0.46,0.75,0.82,0.66,0.42,0.46,1
327,27038,Stepan MARYANYAN,rus,20,2,22,0.91,7.318181818181817,1.045454545454546,,,,,3.0,0.0,,,,,,,,0.0,,0.0,,,0.0,,0.77,0.33,5.67,3.33,0.91,1.0,0.33,0.83,1.67,3.33,0.83,3.33,1.67,2.0,0.6,0.0,,,,,0
328,23358,Mateusz Lucjan BERNATEK,pol,14,11,25,0.56,4.12,3.6,,1.0,1.0,1.0,2.2,0.8,,,,,,,,0.36,0.33,,,,0.5,,0.77,0.0,4.2,2.2,0.92,,0.0,1.0,0.8,1.6,1.0,1.6,0.8,0.8,0.52,0.75,,,,,0
329,25676,Peter OEHLER,ger,9,8,17,0.53,2.882352941176471,3.470588235294118,,,,,2.0,0.0,,,,,0.03,,0.71,0.21,0.5,,0.33,,0.33,0.66,0.77,0.67,2.67,2.0,1.0,1.0,0.67,,0.0,0.0,,0.0,0.0,0.0,0.48,0.0,0.69,,0.25,,0
330,22307,Mykyta ALIEKSIEIEV,ukr,17,14,31,0.55,6.0,4.838709677419354,0.6,1.0,2.0,0.5,3.0,4.0,,,,,0.0,,0.0,0.0,0.0,,0.0,0.0,0.0,0.0,0.76,1.0,7.0,3.0,0.75,1.0,1.0,,0.0,0.0,,0.0,0.0,0.0,0.0,,,,0.0,0.34,0
331,20151,Mushegh MKRTCHYAN,arm,19,9,28,0.68,6.392857142857143,4.035714285714286,,1.0,2.0,0.5,4.0,2.0,1.0,1.0,,,,,,0.4,0.6,0.0,,0.0,0.5,,0.76,0.0,7.0,4.0,0.67,,0.0,1.0,1.0,2.0,1.0,2.0,1.0,1.0,0.63,0.75,,0.0,,,0
332,30148,Gamzatgadzsi HALIDOV,hun,1,3,4,0.25,3.5,4.0,,2.0,2.0,1.0,1.5,2.0,1.0,1.0,,,,,,0.67,0.8,,,0.0,,,0.76,0.0,3.0,1.5,1.0,,0.0,1.0,0.5,1.0,1.0,1.0,0.5,0.5,0.46,1.0,,0.79,,,0
333,30039,Albert SARITOV,rou,7,6,13,0.54,3.692307692307692,2.615384615384615,,,,,1.5,0.0,,,,,,,,0.33,0.33,,,,,,0.76,0.0,3.0,1.5,1.0,,0.0,,0.0,0.0,,0.0,0.0,0.0,0.48,0.68,,,,,0
334,29140,Mahir AMIRASLANOV,aze,3,1,4,0.75,7.5,5.5,,1.0,2.0,0.5,3.0,4.0,1.0,0.5,,,,,,0.0,,,,,,,0.76,0.0,7.0,3.0,0.75,,0.0,,0.0,0.0,,0.0,0.0,0.0,0.51,0.0,,,,,0
335,28049,Aleksandr Andreevitch KOMAROV,rus,29,2,31,0.94,6.870967741935484,1.290322580645161,,,1.0,0.0,4.0,0.0,,,,,,,,0.2,,,,,0.0,,0.76,0.67,6.0,4.0,0.71,1.0,0.67,0.75,1.0,2.0,0.75,2.0,1.0,1.33,0.32,,,,,,0
336,22248,Artem MOROZOV,rus,3,1,4,0.75,6.0,4.75,,1.0,3.0,0.33,4.0,2.0,,,,,,,,0.5,1.0,,,,,,0.76,0.0,7.0,4.0,0.67,,0.0,1.0,2.0,4.0,1.0,4.0,2.0,2.0,0.08,,,,,,0
337,22606,Amangali BEKBOLATOV,kaz,20,11,31,0.65,6.225806451612903,3.354838709677419,,,3.0,0.0,5.0,0.0,,,,,,,,0.14,0.33,,,0.0,0.0,,0.76,1.0,8.0,5.0,0.56,1.0,1.0,1.0,2.0,4.0,1.0,6.0,3.0,3.0,0.0,,,,,,0
338,22636,Amantur ISMAILOV,kgz,21,18,39,0.54,5.948717948717949,4.717948717948717,0.61,32.0,52.0,0.62,2.97,3.62,,,,,0.18,,0.52,0.32,0.52,0.0,0.25,0.0,0.41,0.65,0.76,0.1,6.52,2.97,0.77,1.0,0.1,0.82,0.31,0.62,0.87,0.9,0.45,0.52,0.58,0.43,0.34,0.53,0.29,0.5325,0
339,23479,Lasha GOBADZE,geo,28,9,37,0.76,5.0,1.945945945945946,0.55,6.0,10.0,0.6,3.0,4.0,,,,,0.29,,0.0,0.14,1.0,,,0.0,,0.63,0.76,0.2,6.0,3.0,0.79,1.0,0.2,,0.0,0.0,1.0,0.8,0.2,0.2,0.5,0.0,0.48,,0.84,0.525,0
340,22303,Furkan Hamza BAYRAKTAR,tur,3,2,5,0.6,4.0,5.4,,1.0,1.0,1.0,1.0,4.0,,,,,,,,0.0,,,,,,,0.75,0.0,4.0,1.0,1.0,,0.0,,0.0,0.0,,0.0,0.0,0.0,0.48,0.0,,0.94,,,0
341,35969,Marad HUSEINAU,blr,0,2,2,0.0,2.0,5.0,,,,,2.0,0.0,,,,,,,,0.33,,,,,,,0.75,2.0,2.0,2.0,1.0,1.0,2.0,,0.0,0.0,,0.0,0.0,0.0,0.0,,,,,,0
342,21808,Daniel GREGORICH HECHAVARRIA,cub,22,9,31,0.71,4.451612903225807,1.419354838709677,,,,,2.0,0.0,,,,,,,,0.17,0.5,,,,,,0.75,0.0,2.0,2.0,1.0,,0.0,,0.0,0.0,,0.0,0.0,0.0,0.17,,,,,,0
343,28342,Soslan DAUROV,blr,4,9,13,0.31,3.076923076923077,3.615384615384616,,,,,2.0,0.0,,,,,,,,0.25,0.5,,,,0.0,,0.75,1.0,2.0,2.0,1.0,1.0,1.0,,0.0,0.0,,0.0,0.0,0.0,0.51,0.43,,,,,0
344,21541,Abdulrashid SADULAEV,rus,33,2,35,0.94,7.428571428571427,1.2,,1.0,1.0,1.0,2.0,2.0,1.0,1.0,,,,,,,,,,,,,0.75,0.0,2.0,2.0,1.0,,0.0,,0.0,0.0,,0.0,0.0,0.0,0.0,,,,,,0
345,21595,Balint KORPASI,hun,22,7,29,0.76,4.551724137931035,0.9310344827586206,,,,,2.0,0.0,,,,,,,,1.0,1.0,,,,,,0.75,0.0,2.0,2.0,1.0,,0.0,,0.0,0.0,,0.0,0.0,0.0,0.6,1.0,,,,,0
346,22619,Gevorg GHARIBYAN,arm,22,14,36,0.61,4.722222222222222,3.083333333333333,0.09,10.0,25.0,0.4,2.89,0.83,,,,,0.46,,0.6,0.22,0.61,0.5,0.2,0.0,0.11,0.75,0.75,0.03,5.09,2.89,0.81,1.0,0.03,0.84,0.77,1.66,0.85,1.89,0.94,1.11,0.57,0.03,0.29,0.19,0.57,0.4675,1
347,25566,Seyeol LEE,kor,7,8,15,0.47,2.2,3.466666666666667,,,,,2.0,0.0,,,,,,,,0.57,0.5,,,,0.67,,0.75,0.0,2.0,2.0,1.0,,0.0,,0.0,0.0,,0.0,0.0,0.0,0.08,,,,,,0
348,30278,Sakke Petteri PUROLAINEN,fin,2,3,5,0.4,2.0,4.0,,,,,2.0,0.0,,,,,,,,0.0,,,,,0.0,,0.75,0.0,2.0,2.0,1.0,,0.0,,0.0,0.0,,0.0,0.0,0.0,0.08,,,,,,0
349,28774,Tarek Aziz BENAISSA,alg,8,6,14,0.57,3.357142857142857,4.285714285714286,,,,,2.0,0.0,,,,,,,,0.0,,0.0,,0.0,0.0,,0.75,0.0,2.0,2.0,1.0,,0.0,,0.0,0.0,,0.0,0.0,0.0,0.4,0.0,,,,,0
350,32578,Gean ALI,rou,0,5,5,0.0,1.6,6.6,0.96,1.0,1.0,1.0,1.0,4.0,,,,,,,0.0,,,,,,,0.0,0.75,0.0,4.0,1.0,1.0,,0.0,,0.0,0.0,,0.0,0.0,0.0,0.0,,,,0.0,,0
351,27490,Yasmany Daniel LUGO CABRERA,cub,4,1,5,0.8,4.6,0.6,,,,,2.0,0.0,,,,,,,,0.0,,,,0.0,,,0.75,0.0,2.0,2.0,1.0,,0.0,,0.0,0.0,,0.0,0.0,0.0,0.08,,,,,,0
352,30551,Dzmitry SALAUYANAU,blr,2,3,5,0.4,3.4,4.2,,1.0,1.0,1.0,1.0,4.0,,,,,,,,0.0,,,,0.0,0.0,,0.75,0.0,4.0,1.0,1.0,,0.0,,0.0,0.0,1.0,4.0,1.0,1.0,0.25,0.0,,,,,0
353,30703,Armen CHOLOKIAN,rus,3,1,4,0.75,4.5,2.25,,1.0,1.0,1.0,1.0,4.0,,,,,,,,0.0,0.0,,,,,,0.75,0.0,4.0,1.0,1.0,,0.0,,0.0,0.0,,0.0,0.0,0.0,0.23,,,0.94,,,0
354,30714,Mohammad Javad Saadat REZAEI,iri,9,3,12,0.75,4.833333333333333,2.25,,1.0,3.0,0.33,2.75,1.0,,,,,,,,0.0,0.0,,,0.0,0.0,,0.75,0.25,4.5,2.75,0.85,1.0,0.25,1.0,0.75,1.5,1.0,1.5,0.75,0.75,0.08,,,,,,0
355,27018,Ibrahim BOLUKBASI,tur,8,8,16,0.5,5.1875,4.5,,1.0,1.0,1.0,1.0,4.0,,,,,,,,0.4,0.6,,,0.0,,,0.75,0.0,4.0,1.0,1.0,,0.0,,0.0,0.0,,0.0,0.0,0.0,0.0,,,,,,0
356,21599,Gevorg SAHAKYAN,pol,33,11,44,0.75,4.522727272727272,2.545454545454545,,3.0,5.0,0.6,2.75,2.0,,,,,,,,0.45,0.75,,,,0.5,,0.75,0.0,4.5,2.75,0.85,,0.0,,0.0,0.0,,0.0,0.0,0.0,0.59,1.0,,0.46,,,0
357,23387,Amir Mohammadali GHASEMIMONJEZI,iri,3,2,5,0.6,1.0,3.6,,,,,2.0,0.0,,,,,,,0.0,,,,,,,0.66,0.75,1.0,2.0,2.0,1.0,1.0,1.0,,0.0,0.0,,0.0,0.0,0.0,0.31,,0.62,,0.5,,0
358,30193,Tsimur BERDYIEU,blr,5,5,10,0.5,5.3,5.1,,1.0,1.0,1.0,1.0,4.0,,,,,,,,0.5,0.0,,,,,,0.75,0.0,4.0,1.0,1.0,,0.0,,0.0,0.0,,0.0,0.0,0.0,0.0,,,,,,0
359,27051,Ahmet YILMAZ,tur,6,6,12,0.5,4.166666666666666,3.75,,,,,2.0,0.0,,,,,,,,0.33,0.0,,,0.0,,,0.75,0.0,2.0,2.0,1.0,,0.0,,0.0,0.0,,0.0,0.0,0.0,0.6,0.0,,,,,0
360,23673,Samvel GRIGORYAN,arm,8,6,14,0.57,6.0,3.428571428571429,,,,,2.0,0.0,,,,,0.0,,0.74,0.0,,0.0,,,0.0,0.66,0.75,1.0,2.0,2.0,1.0,1.0,1.0,,0.0,0.0,,0.0,0.0,0.0,0.56,0.0,0.62,,0.5,,0
361,23413,Andrii YATSENKO,ukr,15,8,23,0.65,8.217391304347826,6.260869565217392,0.06,5.0,16.0,0.31,3.71,1.43,2.0,0.2,0.4,2.0,0.46,,0.97,0.27,0.43,0.0,0.0,0.0,0.2,0.99,0.75,0.0,7.29,3.71,0.67,,0.0,0.87,1.86,3.71,0.89,4.86,2.43,2.71,0.59,0.07,0.97,0.03,0.25,0.465,0
362,27548,Igor OVSIANNIKOV,rus,4,2,6,0.67,4.166666666666666,4.0,,,3.0,0.0,5.0,0.0,,,,,,,,0.83,0.93,,,,0.5,,0.75,0.0,6.0,5.0,0.63,,0.0,,0.0,0.0,,0.0,0.0,0.0,0.33,,,,,,0
363,31902,Alexander SEMISOROW,ger,0,5,5,0.0,4.0,9.0,,,,,2.0,0.0,,,,,0.79,,0.0,0.56,0.83,,,,0.0,0.0,0.75,2.0,2.0,2.0,1.0,1.0,2.0,,0.0,0.0,,0.0,0.0,0.0,0.0,,,,0.0,,0
364,27075,Sergey SEMENOV,rus,18,2,20,0.9,5.4,0.6,,,,,2.33,0.0,,,,,,,,0.5,,,,1.0,,,0.75,0.0,4.33,2.33,0.88,,0.0,0.75,1.0,2.67,0.75,2.67,1.0,1.33,0.3,,,,,,0
365,27076,Behnam Aliakbar MEHDIZADEH ARPATAPEH,iri,9,1,10,0.9,3.8,1.0,,,,,2.0,0.0,,,,,,,,0.5,,,,,1.0,,0.75,1.0,2.0,2.0,1.0,1.0,1.0,,0.0,0.0,,0.0,0.0,0.0,0.56,0.68,,,,,0
366,24006,Meirzhan ASHIROV,kaz,9,10,19,0.47,5.842105263157896,5.210526315789473,,,,,2.0,0.0,,,,,0.0,,0.0,0.0,0.0,,,0.0,,0.0,0.75,1.0,2.0,2.0,1.0,1.0,1.0,,0.0,0.0,,0.0,0.0,0.0,0.0,,,,0.0,,0
367,27936,Hossein Ahmad NOURI,iri,7,5,12,0.58,5.0,2.083333333333333,,,,,2.0,0.0,,,,,,,,0.0,0.0,,,,,,0.75,1.0,2.0,2.0,1.0,1.0,1.0,,0.0,0.0,,0.0,0.0,0.0,0.51,0.0,,,,,0
368,22275,Muslim IMADAEV,rus,18,3,21,0.86,7.857142857142858,2.333333333333333,,,,,2.0,0.0,,,,,,,,0.25,1.0,,,0.0,,,0.75,1.0,2.0,2.0,1.0,1.0,1.0,,0.0,0.0,,0.0,0.0,0.0,0.08,,,,,,0
369,23470,Sailike WALIHAN,chn,22,12,34,0.65,4.941176470588236,3.0,,,,,3.14,0.0,,,,,0.0,,0.74,0.38,0.57,0.0,,,0.0,0.0,0.75,0.57,4.86,3.14,0.81,1.0,0.57,0.67,1.14,2.57,0.69,2.86,1.29,1.86,0.54,0.3,,,0.5,,0
370,24032,Sachino DAVITAIA,geo,9,8,17,0.53,4.470588235294118,3.117647058823529,,,,,2.0,0.0,,,,,,,,0.0,,,,,,,0.75,0.0,2.0,2.0,1.0,,0.0,,0.0,0.0,,0.0,0.0,0.0,0.17,,,,,,0
371,20302,Gultakin SHIRINOVA,aze,15,11,26,0.58,6.923076923076923,5.384615384615385,0.01,18.0,45.0,0.4,3.36,1.92,4.0,0.16,0.5,3.0,0.9,,0.74,0.5,0.71,0.0,0.33,0.0,0.11,0.87,0.75,0.2,6.84,3.36,0.72,1.0,0.2,0.94,1.24,2.48,0.94,2.72,1.36,1.44,0.52,0.75,0.46,0.21,0.0,0.5449999999999999,1
372,26246,Nika KENTCHADZE,geo,20,8,28,0.71,5.464285714285714,2.892857142857143,,2.0,3.0,0.67,4.0,6.0,1.0,0.5,,,,,,0.77,1.0,0.0,,,0.0,,0.73,1.0,9.0,4.0,0.57,1.0,1.0,,0.0,0.0,1.0,2.0,1.0,1.0,0.6,1.0,,0.87,,,0
373,28855,Mahdi Asgar EBRAHIMI,iri,13,3,16,0.81,4.75,2.25,,1.0,5.0,0.2,4.5,2.0,,,,,,,,0.57,0.6,,,0.0,,,0.73,1.5,7.5,4.5,0.6,1.0,1.5,0.0,0.0,0.0,0.0,0.0,0.0,1.0,0.08,,,,,,0
374,23212,Krisztian Istvan VANCZA,hun,31,20,51,0.61,4.627450980392156,2.764705882352941,0.6,18.0,48.0,0.58,2.76,2.24,,,,,0.29,,0.0,0.28,0.5,0.0,0.0,0.0,0.4,0.62,0.73,0.18,4.82,2.58,0.79,1.0,0.18,0.73,0.21,0.42,0.8,0.79,0.32,0.39,0.48,0.17,0.24,0.11,0.2,0.525,0
375,23643,Razvan Marian KOVACS,rou,11,12,23,0.48,3.739130434782609,4.608695652173913,0.71,4.0,11.0,0.44,2.64,0.57,1.0,0.5,,,0.0,,0.84,0.44,0.68,,0.0,0.0,0.09,0.87,0.73,0.39,3.33,2.11,0.78,1.0,0.39,1.0,0.22,0.44,1.0,0.44,0.22,0.22,0.6,0.5,0.92,0.26,0.5,0.51,0
376,22641,Parviz NASIBOV,ukr,24,13,37,0.65,3.486486486486486,3.081081081081081,0.66,12.0,13.0,0.92,2.2,1.52,,,,,0.0,,0.61,0.15,0.47,,0.0,0.0,0.13,0.62,0.73,0.24,3.88,2.2,0.9,1.0,0.24,1.0,0.08,0.16,1.0,0.16,0.08,0.08,0.51,0.26,0.46,0.71,0.5,0.475,0
377,22725,Abdellatif Mohamed Ahmed MOHAMED,egy,38,10,48,0.79,4.604166666666666,1.916666666666667,0.55,31.0,45.0,0.69,2.82,2.22,,,,,0.67,,0.0,0.34,0.83,,0.0,0.0,0.0,0.0,0.73,0.51,5.09,2.82,0.8,1.0,0.51,0.78,0.16,0.31,0.8,0.36,0.18,0.22,0.06,,,,0.7,0.5025,1
378,22677,Tamas LEVAI,hun,51,22,73,0.7,4.753424657534247,2.273972602739726,0.11,35.0,64.0,0.55,2.79,1.61,,,,,0.12,,0.0,0.41,0.81,0.0,0.17,0.0,0.29,0.0,0.73,0.22,4.9,2.79,0.81,1.0,0.22,0.82,0.65,1.31,0.86,1.58,0.79,0.92,0.26,,,,0.46,0.305,1
379,22706,Kiril Milenov MILOV,bul,36,14,50,0.72,4.66,2.24,0.37,5.0,13.0,0.38,3.2,1.8,,,,,0.32,,0.0,0.19,1.0,0.0,0.33,0.0,0.07,0.0,0.73,0.2,5.9,3.2,0.74,1.0,0.2,0.85,1.1,2.2,0.85,2.2,1.1,1.3,0.46,0.0,,,0.63,0.47,0
380,23473,Otar ABULADZE,geo,14,12,26,0.54,5.269230769230769,4.230769230769231,0.65,2.0,3.0,0.67,2.75,1.5,,,,,0.29,,0.62,0.07,0.2,0.0,,0.0,0.0,0.94,0.73,0.75,4.0,2.75,0.85,1.0,0.75,1.0,0.25,0.5,0.5,0.5,0.25,0.5,0.52,0.26,0.94,0.55,0.0,0.5475,0
381,22625,Taleh MAMMADOV,aze,33,14,47,0.7,4.063829787234043,2.851063829787234,,3.0,5.0,0.6,2.25,0.88,,,,,,,,0.19,0.0,0.0,,,0.63,,0.73,0.25,3.75,2.25,0.9,1.0,0.25,1.0,0.63,1.25,1.0,1.5,0.75,0.75,0.44,0.15,,0.0,,,0
382,23733,Kamal Ameer BEY,usa,20,13,33,0.61,5.515151515151516,3.03030303030303,0.53,35.0,56.0,0.63,2.66,3.66,,,,,0.77,,0.83,0.39,0.7,0.0,0.4,0.18,0.36,0.8,0.73,0.41,5.72,2.66,0.79,1.0,0.41,0.89,0.25,0.5,0.91,0.63,0.31,0.34,0.55,0.3,0.81,0.51,0.28,0.645,1
383,21648,Iakobi KAJAIA,geo,22,13,35,0.63,3.542857142857143,1.6,0.74,1.0,1.0,1.0,2.0,0.57,,,,,0.0,,0.52,0.29,0.67,,,0.0,1.0,0.63,0.73,0.0,3.43,2.0,0.93,,0.0,0.88,1.0,2.0,0.88,2.0,1.0,1.14,0.46,0.43,0.63,0.68,0.5,0.4825,0
384,22735,Zeynep YETGIL,tur,33,20,53,0.62,5.415094339622642,3.264150943396226,0.0,2.0,6.0,0.33,4.0,3.0,2.0,0.5,,,1.0,,0.74,1.0,1.0,,,,,0.88,0.73,0.5,7.5,4.0,0.62,1.0,0.5,0.0,0.0,0.0,0.5,1.0,0.5,1.0,0.57,1.0,0.16,0.0,0.5,0.575,0
385,28787,Adam Jacob COON,usa,12,6,18,0.67,4.833333333333333,3.0,,,,,2.0,0.0,,,,,,,,0.29,0.5,,,0.0,,,0.73,0.0,1.5,2.0,1.0,,0.0,,0.0,0.0,,0.0,0.0,0.0,0.13,,,,,,0
386,22188,Magomed ABDULKADYROV,rus,11,3,14,0.79,7.714285714285714,3.0,,1.0,2.0,0.5,2.5,1.0,,,,,,,,0.33,0.33,,,,1.0,,0.73,0.0,5.0,2.5,0.83,,0.0,1.0,1.0,2.0,1.0,2.0,1.0,1.0,0.0,,,,,,0
387,23412,Roberti DINGASHVILI,geo,6,14,20,0.3,4.2,7.5,0.42,12.0,24.0,0.5,2.83,1.83,3.0,0.38,0.29,2.0,0.0,,0.58,0.1,0.26,,0.0,0.0,0.04,0.75,0.72,0.72,4.67,2.83,0.81,1.0,0.72,1.0,0.5,1.0,1.0,1.0,0.5,0.5,0.48,0.0,0.78,0.7,0.19,0.405,0
388,29029,Nurbek KYZYROV,kaz,3,2,5,0.6,5.6,4.8,,2.0,3.0,0.67,3.0,8.0,,,,,,,,0.25,0.33,,,,,,0.72,0.0,10.0,3.0,0.6,,0.0,0.0,0.0,0.0,0.0,0.0,0.0,1.0,0.3,,,0.94,,,0
389,20111,Hayk ABRAHAMYAN,arm,5,5,10,0.5,6.3,3.5,,1.0,2.0,0.5,3.0,2.0,,,,,,,,0.43,0.4,,,,0.5,,0.72,0.0,6.0,3.0,0.75,,0.0,1.0,1.0,2.0,1.0,2.0,1.0,1.0,0.0,,,,,,0
390,21572,Erik TORBA,hun,27,32,59,0.46,4.11864406779661,4.305084745762712,0.69,11.0,31.0,0.46,2.5,0.68,,,,,0.29,,0.57,0.23,0.58,0.0,0.0,0.0,0.15,0.6,0.72,0.25,4.09,2.42,0.86,1.0,0.26,0.87,0.74,1.47,0.88,1.7,0.85,0.96,0.53,0.43,0.42,0.24,0.2,0.5575,0
391,27207,Lenur TEMIROV,ukr,16,8,24,0.67,5.041666666666666,3.041666666666667,,2.0,3.0,0.67,3.0,2.0,,,,,,,,0.31,0.4,,,,0.33,,0.72,0.0,6.0,3.0,0.75,,0.0,0.67,0.67,1.33,0.67,1.33,0.67,1.0,0.56,0.26,,0.75,,,0
392,26326,Khanum VELIEVA,rus,39,14,53,0.74,6.547169811320755,1.962264150943396,,1.0,3.0,0.33,4.0,2.0,,,0.5,1.0,,,,1.0,1.0,,,,,,0.72,1.0,6.0,4.0,0.67,1.0,1.0,,0.0,0.0,,0.0,0.0,0.0,0.08,,,,,,0
393,28449,Ante MILKOVIC,cro,3,9,12,0.25,3.666666666666667,3.75,,,,,1.5,0.0,,,,,,,,0.0,,,,,0.0,,0.72,0.0,2.0,1.5,1.0,,0.0,1.0,0.5,1.0,1.0,1.0,0.5,0.5,0.36,0.0,,,,,0
394,20778,Neeraj NEERAJ,ind,16,15,31,0.52,5.096774193548387,4.935483870967742,,1.0,1.0,1.0,1.33,1.33,,,,,0.0,,0.84,0.31,0.75,,0.0,,0.0,0.0,0.72,0.33,2.33,1.33,1.0,1.0,0.33,,0.0,0.0,,0.0,0.0,0.0,0.23,0.0,,,0.0,,0
395,30202,Magomedkhabib KADIMAGOMEDOV,blr,5,1,6,0.83,8.0,3.166666666666667,0.82,2.0,3.0,0.67,3.0,4.0,,,,,0.9,,1.0,0.69,0.88,,0.5,0.0,0.5,0.88,0.72,0.0,6.0,3.0,0.75,,0.0,1.0,1.0,2.0,1.0,2.0,1.0,1.0,0.63,0.75,0.71,0.62,0.0,0.7675,0
396,22477,Sakura MOTOKI,jpn,21,2,23,0.91,6.260869565217392,1.217391304347826,,2.0,3.0,0.67,3.0,4.0,,,,,,,,,,,,,,,0.72,0.0,6.0,3.0,0.75,,0.0,,0.0,0.0,1.0,2.0,1.0,1.0,0.0,,,,,,0
397,29161,Fatih BASKOY,tur,4,4,8,0.5,3.0,2.125,,1.0,2.0,0.5,3.0,4.0,,,,,,,,0.0,,,,0.0,,,0.72,0.0,6.0,3.0,0.75,,0.0,,0.0,0.0,,0.0,0.0,0.0,0.08,,,,,,0
398,27209,Kamran MAMMADOV,aze,8,5,13,0.62,4.461538461538462,2.384615384615385,,,,,1.5,0.0,,,,,,,,0.44,1.0,,,,1.0,,0.72,0.0,2.0,1.5,1.0,,0.0,,0.0,0.0,,0.0,0.0,0.0,0.6,0.45,,,,,0
399,21684,Taybe Mustafa YUSEIN,bul,32,11,43,0.74,5.837209302325581,2.209302325581396,,1.0,3.0,0.33,4.0,2.0,,,1.0,1.0,,,,,,,,,,,0.72,0.0,6.0,4.0,0.67,,0.0,,0.0,0.0,,0.0,0.0,0.0,0.17,,,,,,0
400,27928,Tsuchika SHIMOYAMADAA,jpn,9,9,18,0.5,4.833333333333333,4.666666666666666,,1.0,1.0,1.0,1.0,2.0,,,,,,,,0.17,0.0,,,,1.0,,0.72,0.0,3.0,1.0,1.0,,0.0,1.0,0.5,1.0,1.0,1.0,0.5,0.5,0.41,0.68,,,,,0
401,28360,Akhmed IDRISOV,rus,11,1,12,0.92,8.333333333333332,1.916666666666667,,7.0,16.0,0.44,4.5,8.0,5.0,0.5,,,,,,0.88,1.0,,,0.0,,,0.72,0.0,9.5,4.5,0.5,,0.0,,0.0,0.0,,0.0,0.0,0.0,0.58,0.89,,0.98,,,0
402,27479,Artur SARGSIAN,rus,27,6,33,0.82,6.121212121212121,1.03030303030303,,2.0,2.0,1.0,2.25,1.0,,,,,0.0,,0.0,0.15,0.0,,0.0,,0.2,0.0,0.72,0.0,3.5,2.25,0.9,,0.0,0.5,0.25,0.5,0.5,0.5,0.25,0.5,0.49,0.0,,,0.0,,0
403,23251,Aliakbar Hossein YOUSOFIAHMADCHALI,iri,29,7,36,0.81,5.5,1.555555555555556,,1.0,1.0,1.0,1.6,0.4,,,,,,,,0.22,0.0,,,,1.0,,0.72,0.4,2.0,1.6,1.0,1.0,0.4,,0.0,0.0,,0.0,0.0,0.0,0.49,0.0,,,,,0
404,23443,Tariel GAPHRINDASHVILI,geo,10,8,18,0.56,6.555555555555556,5.222222222222222,0.31,1.0,2.0,0.5,2.5,1.0,,,,,0.02,,0.0,0.09,0.25,,0.0,,0.0,0.66,0.71,0.0,4.5,2.5,0.83,,0.0,1.0,0.5,1.0,1.0,2.0,1.0,1.0,0.23,,0.69,0.79,0.0,0.3175,0
405,22618,Michal TRACZ,pol,6,5,11,0.55,4.090909090909091,3.181818181818182,0.74,1.0,1.0,1.0,2.0,0.0,1.0,1.0,,,0.0,,0.0,0.0,,,,,,0.0,0.71,0.0,1.0,2.0,1.0,,0.0,,0.0,0.0,,0.0,0.0,0.0,0.08,,,,0.5,0.3825,0
406,26217,Afgan KHASHALOV,aze,8,6,14,0.57,4.642857142857143,4.071428571428571,,3.0,4.0,0.75,2.33,2.0,2.0,0.67,,,,,,0.14,1.0,,,0.0,,,0.71,0.33,3.33,2.33,0.88,1.0,0.33,,0.0,0.0,,0.0,0.0,0.0,0.54,0.0,,0.32,,,0
407,26227,Vaghinak MATEVOSYAN,arm,1,3,4,0.25,4.0,3.5,,,,,2.0,0.0,,,,,,,,0.0,,,,,,,0.71,2.0,1.0,2.0,1.0,1.0,1.0,,0.0,0.0,,0.0,0.0,0.0,0.48,0.0,,,,,0
408,22611,Aidos SULTANGALI,kaz,23,11,34,0.68,4.470588235294118,2.441176470588236,,5.0,6.0,0.83,2.43,2.57,,,,,,,,0.32,0.8,,,0.0,0.43,,0.71,0.0,5.14,2.43,0.81,,0.0,0.67,0.29,0.57,0.75,0.86,0.43,0.57,0.06,,,,,,0
409,23667,Tigran GALUSTYAN,fra,4,4,8,0.5,3.375,3.5,0.71,1.0,1.0,1.0,1.33,0.67,,,,,0.55,,0.74,0.29,1.0,,,0.0,,0.0,0.71,0.0,2.0,1.33,1.0,,0.0,1.0,0.33,0.67,1.0,0.67,0.33,0.33,0.29,0.68,,,0.25,0.565,0
410,28443,Ilia ERMOLENKO,rus,13,2,15,0.87,6.0,0.6666666666666666,,,1.0,0.0,2.5,0.0,,,,,,,,0.0,,,,,0.0,,0.71,0.0,4.5,2.5,0.83,,0.0,1.0,1.5,3.0,1.0,3.0,1.5,1.5,0.04,,,,,,0
411,21652,Mantas KNYSTAUTAS,ltu,21,18,39,0.54,2.769230769230769,2.102564102564102,,,,,2.4,0.0,,,,,0.0,,0.62,0.0,,,,0.0,0.0,0.0,0.71,0.0,3.8,2.4,0.86,,0.0,0.75,1.17,2.4,0.75,2.4,1.2,1.6,0.25,0.0,,,0.0,,0
412,24624,Vladyslav LUB,ukr,11,6,17,0.65,3.941176470588235,3.529411764705882,,1.0,1.0,1.0,2.0,0.0,,,,,,,,0.0,0.0,,,,,,0.71,0.0,1.0,2.0,1.0,,0.0,,0.0,0.0,,0.0,0.0,0.0,0.56,0.0,,0.75,,,0
413,23625,KIM Minseok,kor,5,6,11,0.45,3.363636363636364,3.181818181818182,,,,,2.0,0.0,,,,,0.75,,0.0,0.5,,,1.0,,1.0,0.0,0.71,0.0,1.0,2.0,1.0,,0.0,,0.0,0.0,,0.0,0.0,0.0,0.17,,,,1.0,,0
414,28903,Milad Ali REZANEZHAD,iri,5,3,8,0.63,5.625,3.875,,1.0,2.0,1.0,2.0,2.0,,,,,,,,0.5,0.75,0.0,,0.0,0.75,,0.71,0.0,4.5,2.5,0.83,,0.0,,0.0,0.0,,0.0,0.0,0.0,0.54,0.75,,0.0,,,0
415,22540,Tajmuraz Mairbekovic SALKAZANOV,svk,17,3,20,0.85,5.65,2.25,,1.0,3.0,0.33,2.75,0.5,1.0,0.5,,,,,,0.55,0.91,,,0.0,0.0,,0.71,1.25,3.5,2.75,0.85,1.0,1.25,1.0,0.25,0.5,1.0,0.5,0.25,0.25,0.5,0.5,,0.7,,,0
416,25618,Shamil MAMEDOV,ain,17,3,20,0.85,8.35,3.15,0.55,28.0,81.0,0.35,4.2,3.4,11.0,0.22,0.27,4.0,0.75,,0.74,0.58,0.85,,,0.0,0.0,0.93,0.71,0.2,8.35,4.2,0.56,1.0,0.2,0.57,0.6,1.2,0.63,1.5,0.75,1.2,0.62,0.55,0.25,0.38,0.42,0.6575,1
417,25660,Xavier Tramain JOHNSON,usa,8,4,12,0.67,5.916666666666666,2.166666666666667,,,,,1.5,0.0,,,,,0.83,,0.0,0.3,1.0,0.0,0.5,,0.2,0.0,0.7,0.0,1.5,1.5,1.0,,0.0,,0.0,0.0,,0.0,0.0,0.0,0.04,,,,0.5,,0
418,25655,Anvar ALLAKHIAROV,ain,22,4,26,0.85,6.769230769230769,2.038461538461538,0.79,28.0,50.0,0.56,3.28,3.68,,,,,0.2,,0.0,0.27,0.56,,0.2,0.0,0.27,0.0,0.7,0.24,7.04,3.28,0.67,1.0,0.24,0.48,0.48,0.96,0.53,1.32,0.64,1.2,0.42,0.0,,0.0,0.42,0.5275,0
419,23252,Nikolaos NTOUNIAS,gre,5,17,22,0.23,4.0,6.636363636363637,,1.0,1.0,1.0,1.0,2.0,,,,,,,,0.14,0.0,,,,0.25,,0.7,0.0,2.5,1.0,1.0,,0.0,,0.0,0.0,,0.0,0.0,0.0,0.0,,,,,,0
420,22700,A. AZISBEKOV,kgz,5,9,14,0.36,3.785714285714286,4.357142857142857,,,,,1.5,0.0,,,,,0.65,,0.0,0.43,1.0,,1.0,0.0,1.0,0.0,0.7,0.0,1.5,1.5,1.0,,0.0,,0.0,0.0,,0.0,0.0,0.0,0.08,,,,0.5,,0
421,22620,Mehdi Seifollah MOHSEN NEJAD,iri,26,12,38,0.68,5.842105263157896,2.342105263157895,0.03,10.0,41.0,0.24,3.66,0.79,,,,,0.76,,0.0,0.37,0.55,0.0,0.56,0.0,0.63,0.58,0.7,0.37,6.32,3.66,0.67,0.93,0.37,0.86,1.61,3.21,0.86,3.47,1.74,2.03,0.44,0.0,0.35,0.0,0.57,0.4825,1
422,29187,Evan Amadour RAMOS,pur,2,11,13,0.15,2.384615384615385,9.615384615384617,,2.0,2.0,1.0,1.5,1.0,1.0,1.0,1.0,1.0,,,,0.08,0.2,,,0.0,0.0,,0.7,0.0,1.5,1.5,1.0,,0.0,,0.0,0.0,,0.0,0.0,0.0,0.0,,,,,,0
423,22662,Yunus Emre BASAR,tur,29,18,47,0.62,4.765957446808511,2.340425531914894,,3.0,5.0,0.6,2.17,1.5,,,,,0.0,,0.62,0.32,0.2,,,0.0,1.0,0.66,0.7,0.17,3.67,2.17,0.87,1.0,0.17,1.0,0.33,0.67,1.0,0.67,0.33,0.33,0.46,0.0,0.62,,0.5,,0
424,20805,Mansi MANSI,ind,25,17,42,0.6,4.904761904761905,3.476190476190476,,1.0,6.0,0.17,5.0,2.0,,,1.0,1.0,,,,0.5,1.0,,,,0.0,,0.7,0.0,8.0,5.0,0.5,,0.0,,0.0,0.0,,0.0,0.0,0.0,0.0,,,,,,0
425,26193,Adriana Berenis HERNANDEZ SANCHEZ,mex,5,3,8,0.63,5.125,3.5,,,3.0,0.0,4.0,0.0,,,,,,,,0.4,1.0,,,,0.0,,0.7,0.0,8.0,4.0,0.57,,0.0,1.0,1.0,2.0,1.0,4.0,2.0,2.0,0.63,0.68,,0.0,,,0
426,20201,Nihat Zahid MAMMADLI,aze,39,10,49,0.8,5.755102040816327,2.102040816326531,0.29,22.0,40.0,0.55,3.12,1.49,,,,,0.6,,0.73,0.46,0.75,0.0,0.57,0.0,0.56,0.8,0.7,0.24,5.76,3.12,0.73,1.0,0.24,0.67,0.88,1.76,0.68,1.84,0.92,1.35,0.55,0.55,0.62,0.36,0.37,0.5349999999999999,1
427,28922,Eduard GRIGOREV,rus,13,11,24,0.54,4.333333333333333,3.625,,3.0,9.0,0.38,3.5,3.0,3.0,0.43,,,,,,0.33,0.71,,,0.0,0.0,,0.7,1.33,5.67,3.67,0.69,1.0,1.0,1.0,0.33,0.67,1.0,2.0,0.67,0.67,0.6,0.26,,0.36,,,0
428,22743,Mariana DRAGUTAN,mda,30,29,59,0.51,4.694915254237288,5.423728813559322,0.35,1.0,5.0,0.2,4.0,4.0,,,,,1.0,,0.0,1.0,1.0,,,,,0.0,0.7,0.0,10.0,4.0,0.5,,0.0,1.0,2.0,4.0,1.0,6.0,3.0,3.0,0.0,,,,0.0,0.5125,0
429,21645,Mathias BAK,den,3,10,13,0.23,2.923076923076923,5.692307692307692,,,2.0,0.0,3.0,0.0,,,,,0.0,,0.74,0.11,0.2,,,0.0,,0.88,0.7,0.0,5.5,3.0,0.75,,0.0,,0.0,0.0,1.0,2.0,1.0,1.0,0.58,0.0,0.97,0.0,0.5,,0
430,23297,Tulga TUMUR OCHIR,mgl,36,16,52,0.69,6.0,2.461538461538461,0.42,38.0,93.0,0.41,3.54,2.39,10.0,0.25,0.5,5.0,0.77,,0.54,0.49,0.74,0.0,0.0,0.0,0.38,0.57,0.69,0.88,5.68,3.54,0.69,1.0,0.9,0.7,0.34,0.68,0.75,0.88,0.44,0.59,0.43,0.26,0.0,0.0,0.35,0.5775,1
431,30950,Anna FABIAN,srb,5,13,18,0.28,1.944444444444444,5.888888888888888,,1.0,2.0,0.5,2.5,1.0,,,,,,,,0.5,0.71,,,0.0,,,0.69,0.0,4.0,2.5,0.83,,0.0,,0.0,0.0,,0.0,0.0,0.0,0.04,,,,,,0
432,27066,Musa EVLOEV,rus,32,1,33,0.97,5.696969696969697,0.6969696969696969,,1.0,1.0,1.0,2.5,1.0,,,,,,,,0.33,,,,,1.0,,0.69,0.0,4.0,2.5,0.83,,0.0,0.0,0.0,0.0,0.0,0.0,0.0,0.5,0.28,0.68,,,,,0
433,26262,Rasul Magomedovitch MAGOMEDOV,rus,5,2,7,0.71,7.0,3.0,,1.0,4.0,0.25,3.5,1.0,,,,,,,,0.61,0.85,,,,0.0,,0.69,0.0,5.5,3.5,0.7,,0.0,,0.0,0.0,,0.0,0.0,0.0,0.13,,,,,,0
434,28858,Toni Heikki Herman METSOMAEKI,fin,2,10,12,0.17,2.5,5.666666666666666,0.0,,1.0,0.0,2.67,0.0,,,,,0.08,,0.74,0.13,,,0.33,,0.33,0.0,0.69,0.0,4.33,2.67,0.8,,0.0,0.83,1.67,3.33,0.83,3.33,1.67,2.0,0.31,0.26,,,0.5,0.27,0
435,29760,Marlen ASIKEEV,kgz,5,5,10,0.5,4.6,4.7,,2.0,3.0,0.67,2.5,2.0,,,,,,,,0.13,0.33,,,0.0,0.0,,0.69,0.0,4.0,2.5,0.83,,0.0,,0.0,0.0,,0.0,0.0,0.0,0.53,0.0,,,,,0
436,20207,Vitalie ERIOMENCO,mda,20,18,38,0.53,4.736842105263158,3.736842105263158,,,,,1.33,0.0,,,,,,,,0.33,0.4,0.0,,0.0,0.25,,0.69,0.33,1.67,1.33,1.0,1.0,0.33,1.0,0.33,0.67,1.0,0.67,0.33,0.33,0.18,0.0,,,,,0
437,27453,Islam OPIEV,rus,17,5,22,0.77,3.636363636363637,1.590909090909091,,,1.0,0.0,2.5,0.0,,,,,,,,0.33,,,,,,,0.69,0.0,4.0,2.5,0.83,,0.0,1.0,1.0,2.0,1.0,2.0,1.0,1.0,0.27,0.0,,,,,0
438,23250,Fatih BOZKURT,tur,14,7,21,0.67,5.666666666666666,1.857142857142857,,1.0,2.0,0.5,3.0,1.0,,,,,,,,0.0,,,,,,,0.68,0.5,5.0,3.0,0.75,1.0,0.5,0.5,0.33,1.0,0.5,1.0,0.5,1.0,0.46,0.0,,0.0,,,0
439,20431,Deepak DEEPAK,ind,23,20,43,0.53,5.627906976744185,4.953488372093023,,,,,1.0,0.0,,,,,0.18,,0.0,0.17,1.0,0.0,0.0,,0.0,0.0,0.68,0.0,2.0,1.0,1.0,,0.0,,0.0,0.0,1.0,2.0,1.0,1.0,0.0,,,,0.0,,0
440,25058,Kevin USPENSKI,est,3,4,7,0.43,2.571428571428572,3.714285714285714,,,,,1.0,0.0,,,,,0.12,,0.84,0.14,0.33,,,,,0.0,0.68,0.0,2.0,1.0,1.0,,0.0,,0.0,0.0,1.0,2.0,1.0,1.0,0.28,0.0,,,0.0,,0
441,25553,Omid Hossein ARAMI,iri,4,2,6,0.67,3.0,1.5,,2.0,2.0,1.0,3.0,2.0,,,,,,,,0.67,1.0,,,,,,0.68,0.0,5.0,3.0,0.75,,0.0,0.33,0.33,1.0,0.33,1.0,0.5,1.5,0.04,,,,,,0
442,20548,Fardin Shaban HEDAYATI,iri,15,1,16,0.94,7.75,0.8125,,,,,1.0,0.0,,,,,,,,0.0,,,,,0.0,,0.68,0.0,2.0,1.0,1.0,,0.0,,0.0,0.0,,0.0,0.0,0.0,0.28,0.0,,,,,0
443,29264,Pasa Ekrem KARABULUT,tur,5,3,8,0.63,7.125,5.125,,,,,1.0,0.0,,,,,,,,0.11,0.2,,,0.0,0.0,,0.68,0.0,2.0,1.0,1.0,,0.0,1.0,1.0,2.0,1.0,2.0,1.0,1.0,0.0,,,,,,0
444,26014,Assylbek ZHANIBEKULY,kaz,1,4,5,0.2,1.6,3.8,,,,,1.0,0.0,,,,,,,,0.0,0.0,,,,,,0.68,0.0,2.0,1.0,1.0,,0.0,,0.0,0.0,,0.0,0.0,0.0,0.0,,,,,,0
445,20629,Treye Colby TROTMAN,can,5,3,8,0.63,9.125,4.875,0.9,1.0,1.0,1.0,1.0,2.0,,,,,0.0,,0.0,0.0,,,0.0,,0.0,0.0,0.68,0.0,2.0,1.0,1.0,,0.0,,0.0,0.0,,0.0,0.0,0.0,0.0,,,,0.0,0.395,0
446,22724,Eduard SOGHOMONYAN,bra,7,8,15,0.47,4.4,3.866666666666666,0.0,,1.0,0.0,3.0,0.0,,,,,0.0,,0.84,0.0,,,0.0,0.0,0.0,0.66,0.68,0.0,5.0,3.0,0.75,,0.0,1.0,1.0,2.0,1.0,2.0,1.0,1.0,0.59,0.0,0.76,,0.5,0.3175,0
447,29600,Pavel RUDAKOU,blr,1,5,6,0.17,0.6666666666666666,5.166666666666666,,1.0,1.0,1.0,1.0,2.0,,,,,,,,,,,,,,,0.68,0.0,2.0,1.0,1.0,,0.0,,0.0,0.0,,0.0,0.0,0.0,0.0,,,,,,0
448,20206,Olivier Tomasz SKRZYPCZAK,pol,8,15,23,0.35,4.521739130434783,6.826086956521739,,,1.0,0.0,3.0,0.0,,,,,,,,0.27,0.0,,,,0.5,,0.68,0.0,5.0,3.0,0.75,,0.0,,0.0,0.0,1.0,4.0,2.0,2.0,0.4,0.0,,,,,0
449,21618,Rafig HUSEYNOV,aze,40,14,54,0.74,4.25925925925926,2.277777777777778,0.2,24.0,42.0,0.57,2.67,1.83,,,,,0.32,,0.6,0.29,0.62,,0.4,0.0,0.33,0.86,0.68,0.38,4.5,2.67,0.79,1.0,0.38,1.0,0.1,0.19,0.86,0.29,0.14,0.17,0.53,0.45,0.71,0.38,0.57,0.4325,1
450,25960,Nachyn MONGUSH,ain,12,1,13,0.92,8.076923076923077,3.230769230769231,,2.0,3.0,0.67,3.0,4.0,1.0,1.0,1.0,1.0,,,,0.4,0.67,,,,,,0.68,0.0,5.0,3.0,0.75,,0.0,,0.0,0.0,,0.0,0.0,0.0,0.55,0.68,,0.62,,,0
451,27650,Ahmed Mahmoud Elsayed Mohamed KHALIL,egy,6,4,10,0.6,5.4,3.9,,,,,1.0,0.0,,,,,,,,0.0,,,,,0.0,,0.68,0.0,2.0,1.0,1.0,,0.0,,0.0,0.0,,0.0,0.0,0.0,0.0,,,,,,0
452,21568,Etienne KINSINGER,ger,10,11,21,0.48,3.666666666666667,3.476190476190476,,2.0,4.0,0.67,2.0,1.2,,,,,,,,0.23,0.0,,,,0.67,,0.68,0.0,4.0,2.29,0.84,,0.0,0.6,0.43,0.86,0.67,1.14,0.57,0.86,0.49,0.29,,0.0,,,0
453,23461,Yernar FIDAKHMETOV,kaz,10,8,18,0.56,5.0,3.777777777777778,0.99,2.0,3.0,0.67,2.0,4.0,,,,,0.4,,0.84,0.13,0.25,,0.0,0.0,0.0,0.66,0.68,0.0,5.5,2.0,0.8,,0.0,,0.0,0.0,,0.0,0.0,0.0,0.49,0.43,0.85,0.84,0.5,0.64,0
454,23335,Ikhtiyor BOTIROV,uzb,14,8,22,0.64,5.636363636363637,3.227272727272728,,,,,3.0,0.0,,,,,,,,0.0,,,,,0.0,,0.68,1.0,5.0,3.0,0.75,1.0,1.0,0.0,0.0,0.0,0.0,0.0,0.0,1.0,0.3,,,,,,0
455,23327,Magomedkhan MAGOMEDOV,aze,14,5,19,0.74,7.0,2.210526315789473,0.41,23.0,43.0,0.53,3.06,2.78,14.0,0.54,0.47,7.0,0.85,,0.51,0.58,0.71,,1.0,0.0,0.25,0.57,0.68,0.28,5.72,3.06,0.71,1.0,0.28,0.92,0.67,1.33,0.92,1.22,0.61,0.67,0.4,1.0,0.0,0.0,0.21,0.5850000000000001,1
456,22304,Karen KHACHATRYAN,arm,18,9,27,0.67,5.481481481481482,3.37037037037037,,1.0,1.0,1.0,1.0,2.0,,,,,,,,0.67,1.0,,,0.0,,,0.68,0.0,2.0,1.0,1.0,,0.0,,0.0,0.0,,0.0,0.0,0.0,0.32,0.89,,,,,0
457,20282,Albert VARDANYAN,arm,8,6,14,0.57,5.071428571428571,3.142857142857143,,,,,1.0,0.0,,,,,,,,0.33,1.0,0.0,,,0.0,,0.68,0.0,2.0,1.0,1.0,,0.0,,0.0,0.0,1.0,2.0,1.0,1.0,0.2,0.0,,,,,0
458,30100,Lesyan Osvaldo COUSIN OTOMURO,jam,3,8,11,0.27,3.0,4.272727272727272,,,,,1.0,0.0,,,,,,,,0.25,1.0,,,,0.0,,0.68,0.0,2.0,1.0,1.0,,0.0,,0.0,0.0,,0.0,0.0,0.0,0.0,,,,,,0
459,21980,Assylzhan YESSENGELDI,kaz,9,13,22,0.41,5.136363636363637,5.454545454545455,,,,,1.0,0.0,,,,,,,,0.0,0.0,,,,0.0,,0.68,0.0,2.0,1.0,1.0,,0.0,,0.0,0.0,1.0,2.0,1.0,1.0,0.0,,,,,,0
460,35285,Masao TANAKA,jpn,0,1,1,0.0,2.0,9.0,,1.0,1.0,1.0,1.0,2.0,,,,,,,,0.4,0.33,,,0.0,,,0.68,0.0,2.0,1.0,1.0,,0.0,,0.0,0.0,,0.0,0.0,0.0,0.0,,,,,,0
461,22258,Hleb MAKARANKA,blr,16,12,28,0.57,3.642857142857143,3.964285714285714,0.63,3.0,14.0,0.21,2.21,0.36,,,,,0.08,,0.69,0.17,0.57,0.0,0.0,0.0,0.0,0.6,0.68,0.18,3.64,2.21,0.85,1.0,0.18,1.0,0.54,1.07,1.0,1.36,0.68,0.68,0.5,0.07,0.42,0.0,0.0,0.4725,0
462,36846,Nils BUSCHNER,ger,0,2,2,0.0,1.0,9.0,,1.0,1.0,1.0,1.0,2.0,,,,,,,,0.14,0.0,,,0.0,0.33,,0.68,0.0,2.0,1.0,1.0,,0.0,,0.0,0.0,,0.0,0.0,0.0,0.0,,,,,,0
463,26810,Yanan CHEN,chn,3,9,12,0.25,2.75,4.833333333333333,,,,,1.0,0.0,,,,,,,,0.14,,,,,0.0,,0.68,0.0,2.0,1.0,1.0,,0.0,,0.0,0.0,,0.0,0.0,0.0,0.0,,,,,,0
464,20129,Abulfaz NASIROV,aze,10,7,17,0.59,6.11764705882353,5.470588235294118,,,,,1.0,0.0,,,,,,,,0.0,0.0,,,0.0,,,0.68,0.0,2.0,1.0,1.0,,0.0,,0.0,0.0,,0.0,0.0,0.0,0.28,0.0,,,,,0
465,27422,Eltchin IBRAGIMOV,rus,2,1,3,0.67,8.0,4.0,,1.0,1.0,1.0,1.0,2.0,1.0,1.0,,,,,,,,,,,,,0.68,0.0,2.0,1.0,1.0,,0.0,,0.0,0.0,,0.0,0.0,0.0,0.0,,,,,,0
466,27427,Sadyk LALAEV,rus,9,5,14,0.64,4.714285714285714,3.0,,3.0,8.0,0.38,3.67,1.67,,,,,,,,0.53,0.88,0.0,,0.0,0.0,,0.68,0.33,7.17,3.67,0.61,1.0,0.33,0.56,1.67,3.33,0.56,3.33,1.67,3.0,0.47,0.5,,0.81,,,0
467,23596,Magomet EVLOEV,tjk,7,6,13,0.54,4.923076923076923,4.0,,,,,1.0,0.0,,,,,0.08,,0.91,0.13,0.33,,0.0,0.0,0.0,0.66,0.68,0.0,2.0,1.0,1.0,,0.0,,0.0,0.0,1.0,2.0,1.0,1.0,0.53,0.0,0.76,,0.0,,0
468,23433,Anthony VALENCIA GOMEZ,mex,3,4,7,0.43,5.142857142857143,8.428571428571427,0.46,1.0,2.0,0.5,3.0,2.0,,,0.5,1.0,0.0,,0.94,0.0,0.0,,0.0,,0.0,0.0,0.68,1.0,5.0,3.0,0.75,1.0,1.0,1.0,1.0,2.0,1.0,2.0,1.0,1.0,0.32,0.0,,,0.0,0.365,0
469,31964,Eduardo Ivan GAJARDO MENESES,chi,0,10,10,0.0,1.8,9.3,,1.0,1.0,1.0,1.0,2.0,,,,,,,,0.0,0.0,,,,0.0,,0.68,0.0,2.0,1.0,1.0,,0.0,,0.0,0.0,,0.0,0.0,0.0,0.0,,,,,,0
470,22245,Robert KARAPETYAN,arm,5,3,8,0.63,6.625,3.625,,,,,1.0,0.0,,,,,,,,0.25,1.0,,,,0.0,,0.68,0.0,2.0,1.0,1.0,,0.0,,0.0,0.0,,0.0,0.0,0.0,0.0,,,,,,0
471,20248,Rajmund ZURAI,hun,3,6,9,0.33,2.777777777777778,6.111111111111112,,,,,1.0,0.0,,,,,,,,0.17,1.0,,,,0.0,,0.68,0.0,2.0,1.0,1.0,,0.0,,0.0,0.0,,0.0,0.0,0.0,0.53,0.0,,,,,0
472,30074,Junhyeong CHOI,kor,3,1,4,0.75,3.25,1.25,,,,,1.0,0.0,,,,,,,,0.67,1.0,,,,,,0.68,0.0,2.0,1.0,1.0,,0.0,,0.0,0.0,,0.0,0.0,0.0,0.0,,,,,,0
473,22646,Mamadassa SYLLA,fra,14,13,27,0.52,3.888888888888889,4.370370370370369,0.61,12.0,17.0,0.71,2.29,1.71,,,,,0.0,,0.57,0.09,0.25,,0.0,0.0,0.15,0.66,0.68,0.24,3.86,2.29,0.84,1.0,0.29,0.71,0.24,0.57,0.71,0.57,0.24,0.33,0.54,0.15,0.7,0.53,0.4,0.4575,0
474,25580,Kadriye AKSOY,tur,7,10,17,0.41,3.823529411764706,5.529411764705881,0.0,,1.0,0.0,3.0,0.0,,,,,0.75,,0.0,0.5,1.0,,,0.0,,0.0,0.68,0.0,5.0,3.0,0.75,,0.0,,0.0,0.0,,0.0,0.0,0.0,0.08,,,,0.5,0.3775000000000001,0
475,27034,Ahmet UCAR,tur,1,5,6,0.17,3.166666666666667,6.5,,,,,1.0,0.0,,,,,,,,0.2,0.25,,,,0.0,,0.68,0.0,2.0,1.0,1.0,,0.0,1.0,1.0,2.0,1.0,2.0,1.0,1.0,0.0,,,,,,0
476,25647,Takashi ISHIGURO,jpn,4,13,17,0.24,2.823529411764706,6.647058823529412,,,,,1.0,0.0,,,,,0.0,,0.0,0.0,0.0,,0.0,,0.0,0.0,0.68,0.0,2.0,1.0,1.0,,0.0,,0.0,0.0,,0.0,0.0,0.0,0.0,,,,0.0,,0
477,21608,Tornike DZAMASHVILI,geo,7,9,16,0.44,3.25,4.6875,,1.0,1.0,1.0,1.5,0.0,,,,,,,,0.3,0.5,,,0.0,0.5,,0.68,0.0,1.0,1.5,1.0,,0.0,,0.0,0.0,,0.0,0.0,0.0,0.51,0.0,,0.7,,,0
478,29017,Ahmad Yousef BAZRIGHALEH,iri,14,1,15,0.93,9.73333333333333,2.4,,,1.0,0.0,4.0,0.0,,,,,,,,0.5,0.67,,,,,,0.68,1.0,5.0,4.0,0.67,1.0,1.0,0.0,0.0,0.0,0.0,0.0,0.0,1.0,0.08,,,,,,0
479,29002,Ruslan BEKUZAROV,rus,2,2,4,0.5,4.5,3.0,,,,,1.0,0.0,,,,,,,,0.2,,,,,1.0,,0.68,0.0,2.0,1.0,1.0,,0.0,,0.0,0.0,1.0,2.0,1.0,1.0,0.28,0.0,,,,,0
480,22539,Daichi TAKATANI,jpn,18,7,25,0.72,6.64,3.64,0.67,38.0,65.0,0.58,3.33,3.62,31.0,0.58,0.5,2.0,0.32,,0.62,0.21,0.5,0.0,0.0,0.0,0.0,0.87,0.65,0.14,6.0,3.33,0.67,1.0,0.14,0.56,0.43,0.86,0.65,1.33,0.62,0.95,0.54,0.11,0.91,0.75,0.09,0.545,1
481,21979,Saurabh Madhukar IGAVE,ind,6,3,9,0.67,6.888888888888888,6.888888888888888,,1.0,11.0,0.09,6.0,2.0,,,0.5,1.0,,,,0.0,0.0,,,,,,0.65,0.0,10.0,6.0,0.33,,0.0,1.0,2.0,4.0,1.0,4.0,2.0,2.0,0.0,,,,,,0
482,28799,Jack Michael MUELLER,usa,2,2,4,0.5,10.5,9.5,,2.0,6.0,0.33,4.0,6.0,1.0,0.2,,,,,,0.3,0.75,,,0.0,,,0.65,1.0,9.0,4.0,0.5,1.0,1.0,1.0,1.0,2.0,1.0,2.0,1.0,1.0,0.0,,,,,,0
483,22715,Giorgi MELIA,geo,17,16,33,0.52,3.666666666666667,3.454545454545455,,5.0,10.0,0.5,2.71,2.0,,,,,0.33,,0.0,0.31,0.64,0.0,1.0,0.0,0.6,0.0,0.65,0.29,4.86,2.71,0.76,1.0,0.29,0.83,0.71,1.43,0.83,1.43,0.71,0.86,0.43,0.0,,0.26,0.34,,0
484,21583,Artem SURKOV,rus,23,6,29,0.79,5.068965517241379,0.8620689655172413,,,,,3.5,0.0,,,,,,,,0.67,1.0,,,,,,0.65,0.5,5.0,3.5,0.7,1.0,0.5,0.6,1.5,3.0,0.6,3.0,1.5,2.5,0.57,1.0,,,,,0
485,23148,Amirmohammad Babak YAZDANICHERATI,iri,19,7,26,0.73,8.423076923076923,3.615384615384616,,5.0,9.0,0.56,3.5,5.0,2.0,0.5,1.0,1.0,,,,0.54,0.7,,,0.0,,,0.65,0.0,6.5,3.5,0.64,,0.0,,0.33,0.0,,0.67,0.33,0.33,0.0,,,,,,0
486,23134,Andrii DZHELEP,ukr,18,8,26,0.69,6.5,4.384615384615385,,2.0,6.0,0.33,3.5,2.0,1.0,0.33,,,,,,0.6,0.75,,,,,,0.65,0.0,6.5,3.5,0.64,,0.0,1.0,0.5,1.0,0.5,1.0,0.5,1.0,0.6,0.83,,0.0,,,0
487,22753,Anastasia NICHITA,mda,68,10,78,0.87,7.358974358974359,1.371794871794872,0.0,,4.0,0.0,3.5,0.0,,,,,1.0,,0.0,1.0,1.0,,,,,0.96,0.65,0.0,6.5,3.5,0.64,,0.0,1.0,0.5,1.0,1.0,2.0,1.0,1.0,0.34,,0.88,0.0,0.5,0.4975,0
488,21631,Islam ABBASOV,aze,51,18,69,0.74,4.188405797101449,2.217391304347826,0.04,10.0,24.0,0.42,2.84,0.64,,,,,0.03,,0.6,0.4,0.79,0.0,1.0,0.0,0.47,0.62,0.64,0.71,4.4,2.84,0.76,1.0,0.71,0.71,0.55,1.1,0.73,1.21,0.6,0.83,0.55,0.52,0.33,0.3,0.32,0.3150000000000001,1
489,22577,Jden Michael Tbory COX,usa,8,4,12,0.67,6.666666666666666,0.9166666666666666,,3.0,6.0,0.5,4.0,6.0,1.0,0.33,0.5,1.0,,,,1.0,1.0,,,,,,0.64,0.0,7.0,4.0,0.57,,0.0,,0.0,0.0,,0.0,0.0,0.0,0.08,,,,,,0
490,22389,Ahmad Masoud MOHAMMADNEZHADJAVAN,iri,8,6,14,0.57,6.142857142857143,4.642857142857143,,3.0,5.0,0.6,3.0,3.0,1.0,0.5,,,,,,0.25,0.33,0.0,,,0.0,,0.64,0.0,4.5,3.0,0.75,,0.0,,0.0,0.0,,0.0,0.0,0.0,0.55,0.43,,0.88,,,0
491,22663,Zoltan LEVAI,hun,17,3,20,0.85,5.2,1.55,,1.0,1.0,1.0,1.0,1.0,,,,,,,,0.0,0.0,,,,,,0.64,0.0,1.5,1.0,1.0,,0.0,,0.0,0.0,,0.0,0.0,0.0,0.27,,,0.79,,,0
492,22665,Tamerlan SHADUKAYEV,kaz,18,14,32,0.56,4.4375,3.5,,2.0,4.0,0.5,3.0,3.0,,,,,,,,0.17,0.33,,,0.0,,,0.64,0.0,6.5,3.0,0.67,,0.0,0.5,0.5,1.0,0.67,2.0,1.0,1.5,0.47,0.68,,0.0,,,0
493,29039,Nuraida ANARKULOVA,kgz,10,12,22,0.45,3.5,6.045454545454546,,,3.0,0.0,4.0,0.0,,,,,,,,0.4,0.5,0.0,,,0.0,,0.64,1.0,7.0,4.0,0.57,1.0,1.0,,0.0,0.0,,0.0,0.0,0.0,0.27,,,,,,0
494,23388,Lingzhe MENG,chn,25,19,44,0.57,3.431818181818182,2.681818181818182,0.21,7.0,15.0,0.47,2.5,0.39,,,,,0.32,,0.0,0.23,0.65,,0.71,0.07,0.44,0.58,0.64,0.82,3.39,2.5,0.82,1.0,0.84,0.62,0.55,1.05,0.64,1.16,0.61,0.95,0.24,,0.19,,0.28,0.3525,1
495,22644,Alejandro SANCHO,usa,10,11,21,0.48,4.333333333333333,4.476190476190476,,,,,1.0,0.0,,,,,0.18,,0.84,0.17,0.0,,0.33,,0.33,0.6,0.64,0.0,1.5,1.0,1.0,,0.0,,0.0,0.0,,0.0,0.0,0.0,0.54,0.11,0.47,,0.25,,0
496,23699,Albaro RUDECINDO CAMACHO,dom,6,4,10,0.6,6.4,3.6,0.28,2.0,6.0,0.33,3.0,1.33,1.0,0.5,0.25,1.0,0.0,,0.0,0.09,0.25,,,0.0,,0.0,0.64,0.0,6.0,3.0,0.69,,0.0,1.0,2.0,4.0,1.0,4.0,2.0,2.0,0.0,,,,0.0,0.23,0
497,22628,Leri ABULADZE,geo,46,12,58,0.79,5.431034482758621,2.637931034482758,,1.0,1.0,1.0,2.25,1.0,,,,,0.55,,0.0,0.13,0.0,,1.0,,1.0,0.0,0.64,0.0,4.0,2.25,0.82,,0.0,0.6,0.75,1.5,0.6,1.5,0.75,1.25,0.44,0.0,,,0.5,,0
498,20747,Adlan ASKAROV,kaz,20,14,34,0.59,6.941176470588236,6.323529411764706,,4.0,10.0,0.4,4.5,4.0,2.0,0.33,,,,,,0.38,0.5,0.0,,0.0,0.38,,0.64,0.0,8.0,4.5,0.5,,0.0,0.5,0.5,1.0,0.5,1.0,0.5,1.0,0.7,0.5,,0.51,,,0
499,20740,Horst Justin Junior LEHR,ger,17,12,29,0.59,4.931034482758621,5.103448275862069,0.11,14.0,36.0,0.41,3.15,3.31,3.0,0.3,0.5,3.0,0.4,,0.54,0.49,0.89,,0.0,0.13,0.33,0.81,0.64,0.43,6.07,3.14,0.68,1.0,0.43,0.67,0.14,0.29,0.88,1.0,0.5,0.57,0.53,0.78,0.22,0.67,0.0,0.42,0
500,27487,Zurabi GEDEKHAURI,rus,10,7,17,0.59,3.058823529411765,2.0,,,,,1.0,0.0,,,,,,,,0.0,0.0,,,,0.0,,0.64,0.0,1.5,1.0,1.0,,0.0,1.0,0.5,1.0,1.0,1.0,0.5,0.5,0.23,0.0,,,,,0
501,21557,Jamaladdin MAGOMEDOV,aze,12,4,16,0.75,5.875,3.125,,2.0,4.0,0.5,3.0,3.0,2.0,1.0,,,,,,0.67,1.0,,,0.0,,,0.64,0.0,6.5,3.0,0.67,,0.0,1.0,1.5,3.0,1.0,3.0,1.5,1.5,0.0,,,,,,0
502,21415,Kumar RAVI,ind,26,6,32,0.81,8.9375,3.40625,,2.0,5.0,0.4,4.0,4.0,1.0,0.33,1.0,1.0,,,,0.0,,,,,,,0.64,1.0,7.0,4.0,0.57,1.0,1.0,,0.0,0.0,,0.0,0.0,0.0,0.57,0.0,,0.97,,,0
503,22566,Akhmed Adamovich MAGAMAEV,bul,4,4,8,0.5,3.5,2.0,,4.0,5.0,0.8,2.5,3.0,3.0,0.75,1.0,1.0,,,,0.33,1.0,,,0.0,,,0.64,0.0,3.0,2.5,0.83,,0.0,,0.0,0.0,,0.0,0.0,0.0,0.43,0.68,,0.44,,,0
504,27033,Amiran SHAVADZE,geo,6,3,9,0.67,5.888888888888888,3.888888888888889,,,,,1.0,0.0,,,,,,,,0.08,0.25,0.0,,,0.0,,0.64,0.0,1.5,1.0,1.0,,0.0,1.0,0.5,1.0,1.0,1.0,0.5,0.5,0.24,0.0,,,,,0
505,30929,Artur Sergeevitch CHEBODAEV,rus,4,1,5,0.8,7.8,4.0,,,1.0,0.0,4.0,0.0,,,,,,,,0.36,0.67,,,0.0,0.0,,0.64,1.0,7.0,4.0,0.57,1.0,1.0,0.5,1.0,2.0,0.5,2.0,1.0,2.0,0.6,0.0,,0.0,,,0
506,25663,Souleymen NASR,tun,9,6,15,0.6,3.866666666666666,3.6,,,,,1.0,0.0,,,,,0.0,,0.0,0.0,0.0,,0.0,,0.0,0.0,0.64,0.5,1.5,1.0,1.0,1.0,1.0,,0.0,0.0,,0.0,0.0,0.0,0.04,,,,0.25,,0
507,28833,Ali Khalil SHABANIBENGAR,iri,9,2,11,0.82,8.090909090909092,1.636363636363636,,,3.0,0.0,3.5,0.0,,,,,,,,0.55,0.75,,,0.0,0.0,,0.63,2.0,4.5,3.5,0.7,1.0,2.0,,0.0,0.0,,0.0,0.0,0.0,0.51,0.83,,,,,0
508,20323,Birgul SOLTANOVA,aze,15,15,30,0.5,5.1,4.766666666666667,0.37,29.0,54.0,0.54,2.68,2.43,9.0,0.53,0.48,11.0,0.75,,0.0,0.45,0.65,0.0,0.0,0.33,0.08,0.0,0.63,0.21,5.11,2.68,0.73,1.0,0.25,0.88,0.25,0.5,0.89,0.57,0.29,0.32,0.0,,,,0.0,0.4375,1
509,28918,Volodymyr BURUKOV,ukr,3,5,8,0.38,4.25,6.875,,2.0,3.0,0.67,2.0,8.0,,,,,,,,0.57,0.57,,,,1.0,,0.63,0.0,8.0,2.0,0.67,,0.0,,0.0,0.0,,0.0,0.0,0.0,0.6,0.52,,0.75,,,0
510,22502,Aliabbas RZAZADE,aze,27,6,33,0.82,7.545454545454546,3.696969696969697,0.37,32.0,137.0,0.23,3.97,3.06,2.0,0.08,0.23,3.0,0.91,,0.69,0.71,0.84,,0.43,0.3,0.36,0.63,0.63,0.59,8.25,3.97,0.52,0.9,0.59,0.82,1.16,2.63,0.84,2.5,1.13,1.34,0.4,0.75,0.16,0.05,0.11,0.5775,1
511,28280,Rafal Andrzej KRAJEWSKI,pol,12,19,31,0.39,2.451612903225806,3.870967741935484,,1.0,2.0,0.5,1.57,0.57,,,,,,,,0.05,0.0,,,0.0,0.0,,0.63,0.29,2.43,1.57,0.92,1.0,0.29,1.0,0.13,0.29,1.0,0.29,0.14,0.14,0.47,0.0,,0.0,,,0
512,24011,Nurkozha KAIPANOV,kaz,21,13,34,0.62,6.411764705882352,3.441176470588236,0.07,3.0,10.0,0.3,3.5,1.5,2.0,0.33,,,0.08,,0.71,0.23,0.33,,0.25,0.0,0.25,0.88,0.63,0.75,6.0,3.5,0.64,1.0,0.75,0.67,0.5,1.0,0.75,1.5,0.75,1.0,0.55,0.11,0.54,0.11,0.25,0.3325,0
513,22712,Braxton James AMOS,usa,13,5,18,0.72,6.277777777777778,3.611111111111111,,1.0,1.0,1.0,0.5,2.0,,,,,,,,0.0,0.0,,,,0.0,,0.63,0.0,2.0,0.5,1.0,,0.0,,0.0,0.0,,0.0,0.0,0.0,0.0,,,,,,0
514,20413,Sujeet SUJEET,ind,16,2,18,0.89,9.277777777777777,1.833333333333333,0.0,1.0,4.0,0.25,3.5,1.0,,,0.5,1.0,0.66,,0.0,0.4,0.44,,,1.0,,0.0,0.63,2.0,4.5,3.5,0.7,1.0,2.0,,0.0,0.0,,0.0,0.0,0.0,0.04,,,,0.5,0.3325,0
515,22497,Toshihiro HASEGAWA,jpn,16,3,19,0.84,6.736842105263158,3.578947368421053,,3.0,11.0,0.27,4.5,3.0,2.0,0.22,,,,,,0.14,1.0,0.0,,0.0,0.0,,0.63,0.5,7.0,4.5,0.53,1.0,0.5,1.0,0.5,1.0,1.0,2.0,1.0,1.0,0.62,0.26,,0.45,,,0
516,22716,Sabah Saleh SHARIATI,aze,9,7,16,0.56,3.5,2.4375,,,,,1.0,0.0,,,,,,,,0.2,0.5,,,0.0,,,0.63,0.0,1.33,1.0,1.0,,0.0,1.0,0.33,0.67,1.0,0.67,0.33,0.33,0.28,,,,,,0
517,22545,Hrayr ALIKHANYAN,arm,21,18,39,0.54,5.615384615384616,4.666666666666666,,5.0,7.0,0.71,3.33,3.33,4.0,0.67,,,,,,0.57,1.0,0.0,,,0.0,,0.63,1.0,5.33,3.33,0.67,1.0,1.0,0.33,0.33,0.67,0.33,0.67,0.33,1.0,0.03,,,,,,0
518,22643,Mateusz BERNATEK,pol,9,6,15,0.6,4.8,2.6,,,,,2.0,0.0,,,,,,,,0.36,0.6,,,,0.5,,0.63,0.0,3.0,2.0,0.86,,0.0,0.67,0.67,1.33,0.67,1.33,0.67,1.0,0.49,0.43,,,,,0
519,22299,Giorgi TSOPURASHVILI,geo,14,6,20,0.7,5.55,2.15,,,,,1.0,0.0,,,,,0.0,,0.74,0.0,0.0,,,,,0.66,0.62,0.0,1.0,1.0,1.0,,0.0,,0.0,0.0,,0.0,0.0,0.0,0.56,0.0,0.62,,0.5,,0
520,21819,Oscar PINO HINDS,cub,34,8,42,0.81,5.595238095238095,1.476190476190476,0.96,3.0,3.0,1.0,2.46,0.92,,,,,0.0,,0.62,0.08,1.0,,,0.0,0.0,0.6,0.62,0.23,4.46,2.46,0.76,0.6,0.46,0.89,0.64,1.23,0.89,1.23,0.62,0.69,0.44,0.0,0.0,,0.5,0.505,1
521,28000,Erhan YAYLACI,tur,22,9,31,0.71,7.193548387096774,3.774193548387097,,1.0,2.0,0.5,3.0,2.0,,,,,,,,0.33,0.5,,,0.0,,,0.62,0.0,4.0,3.0,0.75,,0.0,,0.0,0.0,,0.0,0.0,0.0,0.08,,,,,,0
522,28021,Ararat MANUCHARYAN,arm,5,3,8,0.63,5.5,2.125,,2.0,4.0,0.5,3.0,3.0,,,,,,,,0.33,0.0,,,,,,0.62,0.0,6.0,3.0,0.67,,0.0,0.5,0.5,1.0,0.5,1.0,0.5,1.0,0.31,,,,,,0
523,21797,Ariel FIS BATISTA,cub,7,2,9,0.78,5.555555555555556,2.222222222222222,,,,,1.0,0.0,,,,,,,,0.0,0.0,0.0,,,0.0,,0.62,0.0,1.0,1.0,1.0,,0.0,,0.0,0.0,,0.0,0.0,0.0,0.33,0.0,,,,,0
524,27505,Farshad Mirahmad BELFAKEH,iri,3,1,4,0.75,3.75,3.25,,,,,1.0,0.0,,,,,,,,0.5,0.75,,,0.0,,,0.62,0.0,1.0,1.0,1.0,,0.0,,0.0,0.0,,0.0,0.0,0.0,0.33,0.0,,,,,0
525,28039,Nikoloz TCHIKAIDZE,geo,12,7,19,0.63,5.263157894736842,4.421052631578947,,,,,1.0,0.0,,,,,,,,0.0,0.0,,,,,,0.62,0.0,1.0,1.0,1.0,,0.0,,0.0,0.0,,0.0,0.0,0.0,0.36,0.0,,,,,0
526,27484,Oleg AGAKHANOV,rus,1,2,3,0.33,3.333333333333333,4.333333333333333,,,,,1.0,0.0,,,,,,,,,,,,,,,0.62,0.0,1.0,1.0,1.0,,0.0,1.0,1.0,1.0,,0.0,0.0,0.0,0.0,,,,,,0
527,27482,Rafael TSITSUASHVILI,rus,3,1,4,0.75,1.0,2.5,,1.0,1.0,1.0,1.0,1.0,1.0,1.0,,,,,,,,,,,,,0.62,0.0,1.0,1.0,1.0,,0.0,,0.0,0.0,,0.0,0.0,0.0,0.0,,,,,,0
528,28063,Robert ERSEK,hun,6,10,16,0.38,3.4375,3.125,,,,,1.0,0.0,,,,,,,,0.0,,,,,0.0,,0.62,1.0,1.0,1.0,1.0,1.0,1.0,,0.0,0.0,,0.0,0.0,0.0,0.23,,,,,,0
529,21722,Joseph Daniel COLON,usa,16,6,22,0.73,8.045454545454545,3.954545454545455,,3.0,8.0,0.38,4.0,6.0,1.0,0.5,,,,,,0.8,0.75,,,,,,0.62,0.0,10.0,4.0,0.44,,0.0,,0.0,0.0,,0.0,0.0,0.0,0.0,,,,,,0
530,21702,Koumba Selene Fanta LARROQUE,fra,31,6,37,0.84,5.594594594594595,1.621621621621621,,,,,1.0,0.0,,,,,,,,0.67,1.0,,,,,,0.62,0.0,1.0,1.0,1.0,,0.0,,0.0,0.0,,0.0,0.0,0.0,0.08,,,,,,0
531,28274,Oskar Alexander Patrick JOHANSSON,swe,1,4,5,0.2,2.8,6.4,,,,,1.0,0.0,,,,,,,,0.0,0.0,,,,0.0,,0.62,0.0,1.0,1.0,1.0,,0.0,,0.0,0.0,,0.0,0.0,0.0,0.36,0.0,,,,,0
532,23608,Buheeerdun BUHEEERDUN,chn,11,7,18,0.61,4.333333333333333,4.666666666666666,,,,,1.0,0.0,,,,,,,,0.0,0.0,,,,0.0,,0.62,0.0,1.0,1.0,1.0,,0.0,,0.0,0.0,,0.0,0.0,0.0,0.0,,,,,,0
533,27205,Dmytro TSYMBALIUK,ukr,3,7,10,0.3,2.1,4.8,,,,,1.0,0.0,,,,,,,,0.0,0.0,,,,0.0,,0.62,0.0,1.0,1.0,1.0,,0.0,,0.0,0.0,,0.0,0.0,0.0,0.33,0.0,,,,,0
534,22322,Tomasz Jacek WAWRZYNCZYK,pol,13,12,25,0.52,4.16,3.84,,,,,1.0,0.0,,,,,,,,0.0,0.0,,,,,,0.62,1.0,1.0,1.0,1.0,1.0,1.0,,0.0,0.0,,0.0,0.0,0.0,0.0,,,,,,0
535,22323,Marcel ALBINI,cze,7,17,24,0.29,2.625,6.375,,,,,1.0,0.0,,,,,0.0,,0.0,0.0,0.0,,,0.0,,0.0,0.62,0.0,1.0,1.0,1.0,,0.0,,0.0,0.0,,0.0,0.0,0.0,0.08,,,,0.5,,0
536,22395,Seyfulla ITAEV,fra,11,8,19,0.58,6.368421052631579,3.789473684210527,,2.0,2.0,1.0,3.0,3.0,,,,,,,,0.25,0.25,,,,,,0.62,0.0,4.0,3.0,0.75,,0.0,,0.0,0.0,,0.0,0.0,0.0,0.59,0.0,,0.87,,,0
537,27163,Aryan PANWAR,ind,3,5,8,0.38,4.125,3.875,,,,,1.0,0.0,,,,,,,,0.0,0.0,,,,,,0.62,0.0,1.0,1.0,1.0,,0.0,,0.0,0.0,,0.0,0.0,0.0,0.08,,,,,,0
538,22431,Saeid Morad Gholi ESMAEILI LEIVESI,iri,13,1,14,0.93,6.571428571428571,2.428571428571429,,,,,1.0,0.0,,,,,,,,0.75,1.0,,,,1.0,,0.62,0.0,1.0,1.0,1.0,,0.0,,0.0,0.0,,0.0,0.0,0.0,0.51,1.0,,,,,0
539,28412,Ihor KUROCHKIN,ukr,8,8,16,0.5,5.25,4.3125,,1.0,1.0,1.0,0.67,1.33,,,,,,,,0.44,0.5,,,,1.0,,0.62,0.0,1.67,0.67,1.0,,0.0,,0.0,0.0,,0.0,0.0,0.0,0.41,0.0,,,,,0
540,22446,Emad Mohamed Ibrahim Mohamed Elemam GHALY,egy,6,4,10,0.6,6.6,4.3,,,,,1.0,0.0,,,,,0.0,,0.74,0.0,,,0.0,0.0,0.0,0.66,0.62,0.0,1.0,1.0,1.0,,0.0,,0.0,0.0,,0.0,0.0,0.0,0.56,0.0,0.62,,0.5,,0
541,21649,Balint LAM,hun,11,8,19,0.58,3.105263157894737,1.736842105263158,,,,,1.0,0.0,,,,,,,,0.11,,,,,0.0,,0.62,0.33,1.0,1.0,1.0,1.0,0.33,,0.0,0.0,,0.0,0.0,0.0,0.06,,,,,,0
542,21644,Cenk ILDEM,tur,9,6,15,0.6,2.533333333333333,2.733333333333333,,,,,1.0,0.0,,,,,,,,0.0,,,,,0.0,,0.62,1.0,1.0,1.0,1.0,1.0,1.0,,0.0,0.0,,0.0,0.0,0.0,0.0,,,,,,0
543,21640,Orkhan NURIYEV,aze,13,11,24,0.54,2.458333333333333,2.5,,,,,1.0,0.0,,,,,,,,0.0,0.0,,,,,,0.62,1.0,1.0,1.0,1.0,1.0,1.0,,0.0,0.0,,0.0,0.0,0.0,0.0,,,,,,0
544,27026,Yadollah Mohammadkazem MOHEBI,iri,6,1,7,0.86,9.0,2.0,,,,,1.0,0.0,,,,,,,,0.5,0.75,,,,,,0.62,0.0,1.0,1.0,1.0,,0.0,,0.0,0.0,,0.0,0.0,0.0,0.08,,,,,,0
545,22518,Vazgen TEVANYAN,arm,45,11,56,0.8,6.75,2.535714285714286,0.42,50.0,171.0,0.29,4.43,2.0,36.0,0.26,0.33,4.0,0.95,,0.96,0.77,0.94,0.0,0.43,0.0,0.37,0.99,0.62,0.83,7.54,4.43,0.5,0.98,0.91,0.6,1.06,2.15,0.63,2.37,1.17,1.85,0.66,0.87,0.85,0.28,0.32,0.6625,1
546,22524,Cavit ACAR,tur,9,4,13,0.69,5.615384615384616,4.846153846153847,,,,,1.0,0.0,,,,,,,,0.14,0.33,,,,,,0.62,0.0,1.0,1.0,1.0,,0.0,,0.0,0.0,,0.0,0.0,0.0,0.0,,,,,,0
547,21623,Zarko DICKOV,srb,4,10,14,0.29,2.785714285714286,5.857142857142857,,,,,1.0,0.0,,,,,,,,0.0,,,,0.0,,,0.62,0.0,1.0,1.0,1.0,,0.0,,0.0,0.0,,0.0,0.0,0.0,0.43,0.0,,,,,0
548,28784,Pontus Johan LUND,swe,4,7,11,0.36,1.363636363636364,4.727272727272728,,,,,1.0,0.0,,,,,,,,0.1,0.2,,,,0.0,,0.62,0.5,1.0,1.0,1.0,1.0,0.5,,0.0,0.0,,0.0,0.0,0.0,0.04,,,,,,0
549,26869,Ahmet YUCEL,tur,3,3,6,0.5,3.333333333333333,4.5,,,,,1.0,0.0,,,,,,,,0.0,0.0,,,,,,0.62,0.0,1.0,1.0,1.0,,0.0,,0.0,0.0,1.0,1.0,1.0,1.0,0.55,0.0,,,,,0
550,21610,Viktor NEMES,srb,37,16,53,0.7,3.566037735849057,1.471698113207547,,,1.0,0.0,1.67,0.0,,,,,0.18,,0.82,0.21,0.33,0.0,,,0.0,0.0,0.62,0.5,2.0,1.67,0.91,1.0,0.5,1.0,0.13,0.33,1.0,0.33,0.17,0.17,0.5,0.0,,,0.5,,0
551,22542,Diego Antonio SANDOVAL ZARCO,mex,7,9,16,0.44,5.125,7.5,,,,,1.0,0.0,,,,,,,,0.0,,,,,0.0,,0.62,0.0,1.0,1.0,1.0,,0.0,,0.0,0.0,,0.0,0.0,0.0,0.0,,,,,,0
552,21603,Denis HORVATH,svk,5,15,20,0.25,1.95,5.9,,,,,1.0,0.0,,,,,,,,0.4,0.0,,,1.0,0.0,,0.62,0.0,1.0,1.0,1.0,,0.0,,0.0,0.0,,0.0,0.0,0.0,0.36,0.75,,,,,0
553,21593,Yasin OZAY,fra,3,8,11,0.27,3.545454545454545,4.181818181818182,,,,,1.0,0.0,,,,,,,,0.25,0.67,,,,0.0,,0.62,0.0,1.0,1.0,1.0,,0.0,,0.0,0.0,,0.0,0.0,0.0,0.33,0.26,,,,,0
554,26789,Tamas NADJ,srb,1,2,3,0.33,4.333333333333333,1.666666666666667,,,,,,,,,,,,,,0.0,0.0,,,,,,0.62,0.0,1.0,1.0,1.0,,0.0,,0.0,0.0,,0.0,0.0,0.0,0.31,,,,,,0
555,22579,Feyzullah AKTURK,tur,33,15,48,0.69,6.625,3.291666666666667,,,,,1.0,0.0,,,,,,,,0.4,0.5,,,0.0,,,0.62,1.0,1.0,1.0,1.0,1.0,1.0,,0.0,0.0,,0.0,0.0,0.0,0.0,,,,,,0
556,28914,Marko KOSCEVIC,cro,6,9,15,0.4,2.466666666666667,3.133333333333333,,,,,1.0,0.0,,,,,,,,0.0,,,,,0.0,,0.62,0.0,1.0,1.0,1.0,,0.0,,0.0,0.0,,0.0,0.0,0.0,0.08,,,,,,0
557,21530,Johnny Just BUR,fra,11,13,24,0.46,3.875,3.583333333333333,,,,,1.0,0.0,,,,,0.0,,0.84,0.0,0.0,,0.0,,0.0,0.0,0.62,0.0,1.0,1.0,1.0,,0.0,,0.0,0.0,,0.0,0.0,0.0,0.36,0.0,,,0.5,,0
558,28992,Alexandru SOLOMON,rou,2,4,6,0.33,3.333333333333333,4.166666666666666,,,,,1.0,0.0,,,,,,,,0.33,,,,,,,0.62,0.0,1.0,1.0,1.0,,0.0,,0.0,0.0,,0.0,0.0,0.0,0.28,0.0,,,,,0
559,29032,Damdinsuren TSEND,mgl,1,3,4,0.25,0.25,5.5,,,,,1.0,0.0,,,,,,,,0.0,0.0,,,0.0,0.0,,0.62,0.0,1.0,1.0,1.0,,0.0,,0.0,0.0,,0.0,0.0,0.0,0.55,0.0,,,,,0
560,22654,Valentin PETIC,mda,16,22,38,0.42,3.263157894736842,4.026315789473684,,,,,2.5,0.0,,,,,,,,0.5,1.0,,,,1.0,,0.62,0.5,2.5,2.5,0.83,1.0,0.5,0.0,0.0,0.0,0.0,0.0,0.0,0.5,0.64,0.26,,,,,0
561,29150,Rares Daniel CHINTOAN,rou,1,4,5,0.2,3.2,7.6,,,,,1.0,0.0,,,,,,,,0.0,0.0,,,0.0,,,0.62,1.0,1.0,1.0,1.0,1.0,1.0,,0.0,0.0,,0.0,0.0,0.0,0.0,,,,,,0
562,29165,CHUGOSHVILI Georgi,blr,1,1,2,0.5,2.0,1.0,,,,,1.0,0.0,,,,,,,,0.5,,,,,1.0,,0.62,0.0,1.0,1.0,1.0,,0.0,,0.0,0.0,,0.0,0.0,0.0,0.33,0.68,,,,,0
563,29210,Junsik YUN,kor,5,8,13,0.38,3.0,4.307692307692308,,,,,1.0,0.0,,,,,,,,0.13,1.0,,,0.0,0.0,,0.62,1.0,1.0,1.0,1.0,1.0,1.0,,0.0,0.0,,0.0,0.0,0.0,0.3,0.26,,,,,0
564,26016,Mariia TIUMEREKOVA,ain,20,6,26,0.77,6.730769230769231,3.038461538461538,,,,,1.0,0.0,,,,,,,,0.25,0.25,,,0.0,1.0,,0.62,1.0,1.0,1.0,1.0,1.0,1.0,,0.0,0.0,,0.0,0.0,0.0,0.0,,,,,,0
565,29353,Diego Alberto MARTINEZ DE LEIJA,mex,8,10,18,0.44,4.555555555555556,3.833333333333333,,,,,1.0,0.0,,,,,,,,0.0,0.0,,,,,,0.62,0.0,1.0,1.0,1.0,,0.0,,0.0,0.0,,0.0,0.0,0.0,0.08,,,,,,0
566,26013,Razmik KURDYAN,arm,9,7,16,0.56,2.875,3.0,,,,,1.0,0.0,,,,,,,,0.0,0.0,,,,,,0.62,1.0,1.0,1.0,1.0,1.0,1.0,,0.0,0.0,,0.0,0.0,0.0,0.2,0.0,,,,,0
567,29592,Roman Aleksandrovich IVANOV,rus,1,3,4,0.25,1.5,6.5,,,,,1.0,0.0,,,,,,,,0.17,1.0,0.0,,,0.0,,0.62,0.0,1.0,1.0,1.0,,0.0,,0.0,0.0,,0.0,0.0,0.0,0.4,0.15,,,,,0
568,25974,Inalbek SHERIEV,ain,11,2,13,0.85,8.923076923076923,2.538461538461538,,,,,1.0,0.0,,,,,,,,0.0,0.0,,,,,,0.62,0.0,1.0,1.0,1.0,,0.0,,0.0,0.0,,0.0,0.0,0.0,0.0,,,,,,0
569,22699,Andrii ANTONIUK,ukr,2,5,7,0.29,2.857142857142857,2.428571428571429,,,,,1.0,0.0,,,,,,,,0.0,,,,,0.0,,0.62,0.0,1.0,1.0,1.0,,0.0,,0.0,0.0,,0.0,0.0,0.0,0.08,,,,,,0
570,29615,Mirbek SARABEKOV,kgz,2,2,4,0.5,4.75,8.5,,,,,1.0,0.0,,,,,,,,0.0,0.0,,,,,,0.62,1.0,1.0,1.0,1.0,1.0,1.0,,0.0,0.0,,0.0,0.0,0.0,0.3,0.0,,,,,0
571,29764,Sergei KUTUZOV,rus,12,4,16,0.75,6.25,2.0625,,,,,1.0,0.0,,,,,,,,0.0,0.0,,,0.0,,,0.62,0.0,1.0,1.0,1.0,,0.0,,0.0,0.0,,0.0,0.0,0.0,0.31,,,,,,0
572,29954,Bilial MAKHOV,rus,3,1,4,0.75,5.75,2.0,,,1.0,0.0,3.0,0.0,,,,,,,,0.14,1.0,,,,,,0.62,0.5,4.0,3.0,0.75,1.0,0.5,,0.0,0.0,,0.0,0.0,0.0,0.08,,,,,,0
573,30044,Murad BAZAROV,aze,3,4,7,0.43,3.285714285714286,3.142857142857143,,,,,1.0,0.0,,,,,,,,0.22,1.0,0.0,,0.0,0.33,,0.62,0.5,1.0,1.0,1.0,1.0,0.5,,0.0,0.0,,0.0,0.0,0.0,0.48,0.26,,,,,0
574,25679,Ilya YUDCHYTS,ain,2,4,6,0.33,1.833333333333333,4.666666666666666,,,,,1.0,0.0,,,,,0.0,,0.0,0.0,,,,0.0,,0.0,0.62,0.0,1.0,1.0,1.0,,0.0,,0.0,0.0,,0.0,0.0,0.0,0.08,,,,0.5,,0
575,25567,Vahid DADKHAH GHASEM ABADI,iri,3,3,6,0.5,4.0,4.166666666666666,,,,,1.0,0.0,,,,,,,,0.0,,,,0.0,0.0,,0.62,0.0,1.0,1.0,1.0,,0.0,,0.0,0.0,,0.0,0.0,0.0,0.33,0.0,,,,,0
576,20742,Thomas Patrick GILMAN,usa,31,8,39,0.79,7.615384615384614,2.948717948717949,,5.0,17.0,0.29,4.2,2.0,4.0,0.27,,,,,,0.52,0.74,,,0.0,,,0.62,2.0,6.0,4.2,0.58,0.77,2.0,1.0,0.2,0.4,1.0,0.4,0.2,0.2,0.62,0.76,,0.31,,,0
577,23227,Akylbek TALANTBEKOV,kgz,13,5,18,0.72,5.944444444444445,2.333333333333333,,,,,1.0,0.0,,,,,,,,0.5,1.0,,,0.0,,,0.62,0.0,1.0,1.0,1.0,,0.0,,0.0,0.0,,0.0,0.0,0.0,0.56,0.68,,,,,0
578,23230,Beka GURULI,geo,11,8,19,0.58,4.315789473684211,3.368421052631579,,,,,1.0,0.0,,,,,,,,0.33,0.33,,,,,,0.62,0.0,1.0,1.0,1.0,,0.0,,0.0,0.0,,0.0,0.0,0.0,0.28,0.0,,,,,0
579,24170,Munthir Abdullah A JANDU,ksa,3,12,15,0.2,2.4,7.133333333333333,,,,,1.0,0.0,,,,,0.55,,0.0,0.33,0.67,,,0.0,,0.0,0.62,1.0,1.0,1.0,1.0,1.0,1.0,,0.0,0.0,,0.0,0.0,0.0,0.0,,,,0.0,,0
580,30780,Ramin Soltanmorad TAHERISARTANG,iri,4,1,5,0.8,2.4,1.6,,,,,1.0,0.0,,,,,,,,0.0,,,,,,,0.62,0.0,1.0,1.0,1.0,,0.0,,0.0,0.0,,0.0,0.0,0.0,0.33,0.0,,,,,0
581,24036,Azamat KUSTUBAYEV,kaz,9,14,23,0.39,2.956521739130435,3.608695652173913,,,,,1.0,0.0,,,,,0.0,,0.0,0.0,,,,,,0.0,0.62,0.0,1.0,1.0,1.0,,0.0,,0.0,0.0,,0.0,0.0,0.0,0.08,,,,0.5,,0
582,30961,Mustafa SESSIZ,tur,1,3,4,0.25,1.75,4.25,,,1.0,0.0,3.0,0.0,,,,,,,,0.94,1.0,,,,,,0.62,0.0,4.0,3.0,0.75,,0.0,,0.0,0.0,,0.0,0.0,0.0,0.17,,,,,,0
583,24027,Dastan KADYROV,kgz,2,6,8,0.25,3.125,5.25,,,,,1.0,0.0,,,,,,,,0.0,,,,,0.0,,0.62,1.0,1.0,1.0,1.0,1.0,1.0,,0.0,0.0,,0.0,0.0,0.0,0.0,,,,,,0
584,30965,Abdurahman ALTAN,tur,1,3,4,0.25,1.0,4.0,,,,,1.0,0.0,,,,,,,,0.0,,,,,0.0,,0.62,0.0,1.0,1.0,1.0,,0.0,,0.0,0.0,,0.0,0.0,0.0,0.36,0.0,,,,,0
585,31009,Aref Mozafar HABIBOLLAHI,iri,1,1,2,0.5,0.5,4.5,,,,,1.0,0.0,,,,,,,,0.25,0.0,,,,0.0,,0.62,0.0,1.0,1.0,1.0,,0.0,,0.0,0.0,,0.0,0.0,0.0,0.08,,,,,,0
586,24017,Zaur BERADZE,geo,7,5,12,0.58,3.75,3.5,,,,,1.0,0.0,,,,,0.0,,0.74,0.0,0.0,,,,,0.66,0.62,0.0,1.0,1.0,1.0,,0.0,,0.0,0.0,,0.0,0.0,0.0,0.56,0.0,0.62,,0.5,,0
587,31011,Sanzhar SERIKKAN,kaz,1,4,5,0.2,3.6,4.8,,,,,1.0,0.0,,,,,,,,0.0,,,,,0.0,,0.62,0.0,1.0,1.0,1.0,,0.0,,0.0,0.0,,0.0,0.0,0.0,0.31,,,,,,0
588,31092,Omar Essam Elsayed Abdelalim OKIL,egy,2,2,4,0.5,5.5,4.25,,,,,1.0,0.0,,,,,0.18,,0.96,0.17,0.33,0.0,,0.0,0.0,0.66,0.62,0.0,1.0,1.0,1.0,,0.0,,0.0,0.0,,0.0,0.0,0.0,0.64,0.11,0.62,,0.5,,0
589,32529,Singh KARANJIT,ind,0,2,2,0.0,1.0,6.0,,,,,1.0,0.0,,,,,0.0,,0.0,0.0,,,0.0,,0.0,0.0,0.62,0.0,1.0,1.0,1.0,,0.0,,0.0,0.0,,0.0,0.0,0.0,0.0,,,,0.0,,0
590,32536,Sota OKUMURA,jpn,0,8,8,0.0,0.25,7.5,,,,,1.0,0.0,,,,,0.0,,0.62,0.0,,,0.0,,0.0,0.66,0.62,0.0,1.0,1.0,1.0,,0.0,,0.0,0.0,,0.0,0.0,0.0,0.51,0.0,0.62,,0.5,,0
591,23729,Nilton Gonzalo Marcos SOTO GARCIA,per,6,13,19,0.32,2.736842105263158,4.894736842105263,,,,,1.0,0.0,,,,,,,,0.0,0.0,,,0.0,0.0,,0.62,0.0,1.0,1.0,1.0,,0.0,,0.0,0.0,,0.0,0.0,0.0,0.48,0.0,,,,,0
592,34476,Varlami KVARATSKHELIA,geo,0,1,1,0.0,1.0,3.0,,,,,1.0,0.0,,,,,,,,0.33,,,,,1.0,,0.62,0.0,1.0,1.0,1.0,,0.0,,0.0,0.0,,0.0,0.0,0.0,0.08,,,,,,0
593,35056,Gergely BUERSOELY,svk,0,3,3,0.0,0.3333333333333333,7.333333333333333,,,,,1.0,0.0,,,,,,,,0.0,0.0,,,,0.0,,0.62,0.0,1.0,1.0,1.0,,0.0,,0.0,0.0,,0.0,0.0,0.0,0.33,0.0,,,,,0
594,23663,Nikolai Soheil MOHAMMADI,den,2,3,5,0.4,3.4,6.0,,,,,1.0,0.0,,,,,0.0,,0.0,0.0,0.0,,0.0,,0.0,0.0,0.62,0.0,1.0,1.0,1.0,,0.0,,0.0,0.0,,0.0,0.0,0.0,0.08,,,,0.5,,0
595,35601,Bopembe Arsen SYCHEV,blr,0,1,1,0.0,1.0,2.0,,,,,1.0,0.0,,,,,,,,0.33,,,,0.0,1.0,,0.62,0.0,1.0,1.0,1.0,,0.0,,0.0,0.0,,0.0,0.0,0.0,0.51,0.0,,,,,0
596,35888,Ali FARMANOV,aze,0,1,1,0.0,1.0,7.0,,,,,1.0,0.0,,,,,,,,0.25,0.5,,,,0.0,,0.62,0.0,1.0,1.0,1.0,,0.0,,0.0,0.0,,0.0,0.0,0.0,0.43,0.0,,,,,0
597,36252,Samatbek CHONORALIEV,kgz,0,2,2,0.0,1.0,6.0,,,,,1.0,0.0,,,,,,,,0.33,0.0,,,,1.0,,0.62,0.0,1.0,1.0,1.0,,0.0,,0.0,0.0,,0.0,0.0,0.0,0.08,,,,,,0
598,36691,Kusum KUSUM,ind,0,2,2,0.0,0.5,6.5,,,,,1.0,0.0,,,,,,,,0.25,1.0,,,0.0,,,0.62,0.0,1.0,1.0,1.0,,0.0,,0.0,0.0,,0.0,0.0,0.0,0.08,,,,,,0
599,37116,Emincan ENEZ,tur,0,1,1,0.0,1.0,5.0,,,,,1.0,0.0,,,,,,,,0.25,1.0,,,,,,0.62,0.0,1.0,1.0,1.0,,0.0,,0.0,0.0,,0.0,0.0,0.0,0.08,,,,,,0
600,23617,Kodai SAKURABA,jpn,9,8,17,0.53,5.11764705882353,4.176470588235294,,,,,1.0,0.0,,,,,0.0,,0.0,0.0,,,0.0,,0.0,0.0,0.62,0.0,1.0,1.0,1.0,,0.0,,0.0,0.0,,0.0,0.0,0.0,0.0,,,,0.0,,0
601,20107,Ivaylo Milenov TISOV,bul,3,8,11,0.27,4.818181818181817,10.45454545454545,,,,,1.0,0.0,,,,,,,,0.33,0.5,,,,,,0.62,1.0,1.0,1.0,1.0,1.0,1.0,,0.0,0.0,,0.0,0.0,0.0,0.0,,,,,,0
602,28054,Ihar YARASHEVICH,blr,12,6,18,0.67,5.222222222222222,3.5,,2.0,4.0,0.5,2.5,3.0,,,,,,,,0.08,0.0,,,0.0,0.5,,0.56,0.5,5.5,2.5,0.71,1.0,0.5,1.0,0.5,1.0,1.0,1.0,0.5,0.5,0.0,,,,,,0
603,25661,Aliaksandr LIAVONCHYK,ain,15,8,23,0.65,3.826086956521739,2.608695652173913,,1.0,3.0,0.33,2.33,0.67,,,,,,,,0.0,0.0,,,,0.0,,0.56,0.0,4.0,2.33,0.78,,0.0,1.0,0.67,1.33,1.0,2.0,1.0,1.0,0.46,0.0,,,,,0
604,28031,Miakhdi Abubakarovitch IAKHIAEV,rus,8,5,13,0.62,3.846153846153846,2.769230769230769,,1.0,2.0,0.5,2.67,0.0,,,,,,,,0.17,0.0,,,,1.0,,0.56,1.0,2.67,2.67,0.8,1.0,1.0,0.0,0.0,0.0,0.0,0.0,0.0,0.33,0.46,0.0,,,,,0
605,24003,Meirambek KARTBAY,kaz,9,5,14,0.64,5.642857142857143,4.928571428571429,0.37,2.0,4.0,0.5,2.33,1.33,2.0,0.67,,,0.4,,0.58,0.25,0.43,,0.0,0.0,0.0,0.59,0.56,0.67,3.67,2.33,0.78,1.0,0.67,1.0,0.33,0.67,1.0,0.67,0.33,0.33,0.43,0.0,0.0,0.0,0.17,0.4400000000000001,0
606,22512,Ulukbek ZHOLDOSHBEKOV,kgz,23,13,36,0.64,5.944444444444445,4.805555555555556,0.0,1.0,5.0,0.2,2.67,1.33,,,,,0.29,,0.0,0.39,0.69,,,0.0,0.0,0.0,0.56,0.0,6.0,2.67,0.67,,0.0,1.0,0.67,1.33,1.0,2.67,1.33,1.33,0.44,1.0,,0.0,0.0,0.3225,0
607,26301,Jan ZIRN,ger,4,5,9,0.44,3.333333333333333,5.777777777777778,,1.0,3.0,0.33,2.33,0.67,,,,,,,,0.18,0.0,,,,0.0,,0.56,1.33,3.67,2.33,0.78,1.0,1.67,,0.0,0.0,,0.0,0.0,0.0,0.29,,,0.72,,,0
608,28843,Libin DING,chn,2,2,4,0.5,4.5,7.0,,,1.0,,1.0,0.0,,,,,,,,0.25,1.0,,,0.0,0.4,,0.56,0.5,4.0,2.0,0.8,1.0,0.5,0.0,0.0,0.0,0.5,1.0,0.5,1.0,0.48,0.26,,0.84,,,0
609,20772,Geno PETRIASHVILI,geo,49,11,60,0.82,7.266666666666666,2.566666666666667,0.15,29.0,68.0,0.43,3.44,3.44,19.0,0.37,,,0.0,,0.0,0.22,0.55,,0.33,0.0,0.4,0.0,0.56,0.11,6.22,3.44,0.6,1.0,0.11,0.93,0.72,1.44,0.93,1.44,0.72,0.78,0.42,1.0,,0.1,0.0,0.2825,1
610,21482,Zavur UGUEV,rus,18,3,21,0.86,6.714285714285714,2.428571428571429,0.35,16.0,49.0,0.33,3.77,2.08,12.0,0.33,0.33,1.0,0.86,,0.84,0.68,0.76,,,,,0.66,0.56,0.08,6.23,3.77,0.58,1.0,0.08,1.0,0.69,1.38,1.0,1.54,0.77,0.77,0.63,0.86,0.04,0.24,0.13,0.6,1
611,23660,Georgij TIBILOV,srb,14,5,19,0.74,5.210526315789473,2.421052631578948,0.77,2.0,2.0,1.0,2.0,1.33,,,,,0.48,,0.58,0.3,0.5,,0.67,0.0,0.67,0.76,0.56,0.33,2.33,2.0,0.86,1.0,0.33,0.0,0.0,0.0,0.0,0.0,0.0,0.33,0.51,0.0,0.76,0.81,0.34,0.5800000000000001,0
612,22685,Rosian Ognyanov DERMANSKI,bul,2,8,10,0.2,1.6,4.7,,,1.0,0.0,3.0,0.0,,,,,,,,0.0,,,,0.0,,,0.55,1.0,3.0,3.0,0.75,1.0,1.0,,0.0,0.0,,0.0,0.0,0.0,0.17,,,,,,0
613,25656,Samuel GURRIA VIGUERAS,mex,7,7,14,0.5,5.571428571428571,5.857142857142857,,,,,0.5,0.0,,,,,0.0,,0.74,0.0,0.0,,,0.0,,0.0,0.55,0.0,1.0,0.5,1.0,,0.0,,0.0,0.0,,0.0,0.0,0.0,0.2,0.0,,,0.0,,0
614,27524,Azamat TUSKAEV,rus,11,1,12,0.92,6.333333333333333,1.25,,2.0,12.0,0.29,4.0,2.0,2.0,0.33,,,,,,0.67,0.86,,,0.0,,,0.55,0.33,6.33,3.67,0.58,1.0,0.33,1.0,1.0,2.0,1.0,2.0,1.0,1.0,0.6,0.85,,0.35,,,0
615,27927,Mirzobek RAKHMATOV,uzb,11,15,26,0.42,4.423076923076923,4.307692307692308,,1.0,3.0,0.33,3.0,4.0,,,,,,,,0.13,0.0,0.0,,,0.0,,0.55,1.0,7.0,3.0,0.6,1.0,1.0,,0.0,0.0,,0.0,0.0,0.0,0.33,0.0,,,,,0
616,23678,David OVASAPYAN,arm,16,16,32,0.5,2.625,2.4375,,,,,1.36,0.0,,,,,,,,0.11,1.0,,,0.14,0.14,,0.55,0.21,2.07,1.36,0.9,1.0,0.21,0.71,0.47,0.71,0.71,0.71,0.36,0.5,0.46,0.01,,,,,0
617,21569,Murad MAMMADOV,aze,35,17,52,0.67,5.211538461538462,2.5,0.0,22.0,41.0,0.54,2.91,1.68,,,,,0.63,,0.57,0.33,0.57,0.0,1.0,0.0,0.62,0.58,0.55,0.23,5.2,2.91,0.67,1.0,0.3,0.63,0.75,1.5,0.63,1.5,0.75,1.18,0.44,0.68,0.0,0.0,0.5,0.405,1
618,25874,Perica DIMITRIJEVIC,srb,2,8,10,0.2,2.1,7.8,,,,,0.5,0.0,,,,,,,,0.0,0.0,,,,0.0,,0.55,0.0,1.0,0.5,1.0,,0.0,,0.0,0.0,1.0,1.0,0.5,0.5,0.2,0.0,,,,,0
619,20298,Chadia AYACHI,fra,12,10,22,0.55,5.045454545454546,5.090909090909091,,1.0,2.0,0.5,3.0,4.0,,,,,,,,0.25,0.5,0.0,,,0.25,,0.55,0.0,7.0,3.0,0.6,,0.0,0.0,0.0,0.0,0.0,0.0,0.0,1.0,0.63,0.15,,0.94,,,0
620,22514,Islam DUDAEV,alb,11,7,18,0.61,5.777777777777778,4.166666666666666,,9.0,43.0,0.43,3.75,4.5,3.0,0.3,0.5,1.0,,,,0.43,0.68,,,0.0,0.0,,0.55,0.42,6.5,3.67,0.6,1.0,0.42,0.83,0.71,1.67,0.83,1.67,0.83,1.0,0.5,0.53,,0.53,,,0
621,23480,Gurami KHETSURIANI,geo,13,7,20,0.65,4.0,2.2,0.0,3.0,7.0,0.43,2.67,1.67,,,,,0.18,,0.0,0.33,0.5,,,0.0,1.0,0.0,0.55,0.5,4.17,2.67,0.73,1.0,0.5,0.0,0.0,0.0,0.33,0.33,0.17,0.5,0.27,0.43,,,0.5,0.25,0
622,20101,Simone Vincenzo PIRODDU,ita,23,16,39,0.59,5.615384615384616,4.769230769230769,0.52,39.0,107.0,0.36,3.34,2.26,14.0,0.24,0.59,10.0,0.6,,0.83,0.44,0.67,,0.14,0.0,0.2,0.88,0.55,0.58,5.53,3.34,0.63,0.96,0.58,0.5,0.05,0.11,0.5,0.11,0.05,0.11,0.62,0.55,0.42,0.46,0.22,0.5725,1
623,27204,Kaly SULAIMANOV,kgz,10,7,17,0.59,3.823529411764706,4.411764705882352,,1.0,3.0,0.33,3.0,4.0,,,,,,,,0.29,1.0,,,0.0,0.5,,0.55,1.0,7.0,3.0,0.6,1.0,1.0,,0.0,0.0,,0.0,0.0,0.0,0.0,,,,,,0
624,30113,Niklas OHLEN,swe,2,1,3,0.67,5.666666666666666,2.666666666666667,,1.0,2.0,0.5,3.0,2.0,,,,,,,,0.0,0.0,0.0,,,0.0,,0.55,0.0,7.0,3.0,0.6,,0.0,0.5,1.0,4.0,0.5,4.0,1.0,2.0,0.62,0.0,,0.0,,,0
625,21550,Elizbar ODIKADZE,geo,28,12,40,0.7,4.925,2.925,,6.0,16.0,0.38,3.5,3.5,5.0,0.42,,,,,,0.59,0.71,,,,0.0,,0.55,0.75,6.5,3.5,0.58,1.0,0.75,1.0,0.5,1.0,1.0,1.0,0.5,0.5,0.41,0.68,,0.79,,,0
626,26408,Aleksandr BOGOMOEV,rus,12,1,13,0.92,5.615384615384616,1.538461538461538,,2.0,4.0,0.5,3.0,6.0,1.0,0.33,,,,,,0.7,0.7,,,,,,0.55,0.0,7.0,3.0,0.6,,0.0,,0.0,0.0,,0.0,0.0,0.0,0.62,0.75,,0.62,,,0
627,24026,Aftandil TAALAIBEK UULU,kgz,2,2,4,0.5,4.25,6.25,,,,,0.5,0.0,,,,,0.43,,0.0,0.27,0.5,,0.17,,0.17,0.0,0.55,0.0,1.0,0.5,1.0,,0.0,,0.0,0.0,,0.0,0.0,0.0,0.0,,,,0.0,,0
628,23669,LÉVAI Zoltán,hun,4,3,7,0.57,2.571428571428572,2.285714285714286,0.52,2.0,4.0,0.5,2.5,3.0,,,,,0.55,,0.62,0.33,,,0.0,0.0,0.0,0.0,0.55,0.0,5.0,2.5,0.71,,0.0,,0.0,0.0,,0.0,0.0,0.0,0.28,0.0,,,0.5,0.475,0
629,21635,Tadeusz MICHALIK,pol,22,15,37,0.59,4.432432432432432,3.0,,2.0,3.0,0.67,1.5,1.5,,,,,,,,0.08,0.0,,,0.0,0.33,,0.55,0.25,2.75,1.5,0.86,1.0,0.25,1.0,0.25,0.5,1.0,0.5,0.25,0.25,0.51,0.0,,,,,0
630,22434,Chiezo MARUYAMA,jpn,6,4,10,0.6,3.9,4.4,0.39,1.0,2.0,0.5,3.0,1.0,,,,,0.0,,0.0,0.0,,,0.0,,0.0,0.88,0.55,0.0,3.0,3.0,0.75,,0.0,,0.0,0.0,,0.0,0.0,0.0,0.3,,0.44,0.49,0.0,0.3100000000000001,0
631,27500,Mohammad Hossein ELYASI,iri,5,4,9,0.56,5.0,6.222222222222222,,,2.0,0.0,2.5,0.0,,,,,,,,0.14,0.25,,,0.0,,,0.55,0.0,5.0,2.5,0.71,,0.0,1.0,2.0,4.0,1.0,4.0,2.0,2.0,0.0,,,,,,0
632,27012,Zushen LIN,chn,5,9,14,0.36,4.642857142857143,5.0,,,,,3.0,0.0,,,,,,,,0.17,0.33,,,0.0,,,0.55,3.0,3.0,3.0,0.75,1.0,3.0,0.0,0.0,0.0,0.0,0.0,0.0,1.0,0.55,0.43,,,,,0
633,28380,Isa DEMIR,tur,4,6,10,0.4,5.3,5.0,,3.0,8.0,0.38,4.0,8.0,2.0,0.29,1.0,1.0,,,,0.65,0.88,0.0,,0.0,0.25,,0.55,1.0,9.0,4.0,0.44,1.0,1.0,,0.0,0.0,,0.0,0.0,0.0,0.66,0.68,,0.88,,,0
634,25636,David Morris TAYLOR,usa,9,0,9,1.0,8.88888888888889,1.888888888888889,0.77,12.0,29.0,0.41,3.8,5.2,5.0,0.26,0.5,2.0,0.93,,0.57,0.73,0.78,,,,,0.77,0.54,0.0,7.8,3.8,0.5,,0.0,1.0,0.8,1.6,1.0,2.0,1.0,1.0,0.47,1.0,0.07,0.05,0.1,0.6775,0
635,23224,Mohammad Reza Hojatollah MOKHTARI,iri,14,8,22,0.64,5.636363636363637,3.227272727272728,,1.0,2.0,0.5,1.5,1.0,,,,,,,,0.17,0.25,,,,0.0,,0.54,0.0,3.4,2.0,0.91,,0.0,1.0,0.2,0.4,1.0,0.4,0.2,0.2,0.54,0.0,,,,,0
636,20114,Khamzat Timourovitch ARSAMERZOUEV,fra,17,15,32,0.53,4.90625,3.75,0.51,21.0,61.0,0.36,3.14,2.18,7.0,0.25,0.4,2.0,0.93,,0.73,0.33,0.71,0.0,,0.0,0.0,0.8,0.54,0.29,6.1,3.24,0.61,0.86,0.29,0.76,0.76,1.52,0.79,1.81,0.9,1.14,0.57,0.43,0.17,0.39,0.1,0.6375,1
637,27919,Shota TANOKURA,jpn,5,2,7,0.71,5.0,2.857142857142857,,1.0,3.0,0.33,3.0,2.0,,,,,,,,0.0,0.0,,,0.0,,,0.54,1.0,5.0,3.0,0.67,1.0,1.0,1.0,0.5,1.0,1.0,1.0,0.5,0.5,0.04,,,,,,0
638,20271,Mario VUKOVIC,srb,6,15,21,0.29,2.857142857142857,4.047619047619048,,1.0,1.0,1.0,1.0,0.0,,,,,,,,0.0,,,,,0.0,,0.54,0.0,0.0,1.0,1.0,,0.0,,0.0,0.0,,0.0,0.0,0.0,0.0,,,,,,0
639,22401,Ziraddin BAYRAMOV,aze,27,9,36,0.75,6.861111111111112,3.388888888888889,0.75,73.0,167.0,0.44,3.59,4.59,20.0,0.27,0.54,34.0,0.43,,0.0,0.63,0.8,0.0,,0.08,0.71,0.0,0.54,0.09,7.15,3.59,0.53,1.0,0.09,0.64,0.68,1.35,0.65,1.41,0.71,1.09,0.02,,,,0.17,0.435,1
640,22614,Justas PETRAVICIUS,ltu,11,27,38,0.29,3.526315789473684,4.684210526315789,0.0,2.0,5.0,0.4,2.14,0.86,,,,,0.18,,0.71,0.09,0.0,,1.0,0.0,0.25,0.6,0.54,0.43,3.29,2.14,0.79,1.0,0.43,0.5,0.14,0.29,0.5,0.29,0.14,0.29,0.56,0.0,0.42,0.0,0.25,0.32,0
641,22227,Islam Aslangereyvic ABUEV,aze,9,6,15,0.6,3.333333333333333,3.066666666666667,,1.0,1.0,1.0,1.0,0.0,1.0,1.0,,,,,,0.0,,,,,0.0,,0.54,0.0,0.0,1.0,1.0,,0.0,,0.0,0.0,,0.0,0.0,0.0,0.0,,,,,,0
642,27522,Yevhenii SAVETA,ukr,3,6,9,0.33,2.333333333333333,5.777777777777778,,,2.0,0.0,3.0,0.0,,,,,,,,0.0,0.0,,,,,,0.54,0.0,5.0,3.0,0.67,,0.0,1.0,0.5,1.0,1.0,1.0,0.5,0.5,0.08,,,,,,0
643,23881,Ishak GHAIOU,alg,14,9,23,0.61,4.956521739130435,3.217391304347826,,,,,0.5,0.0,,,,,0.0,,0.0,0.13,0.0,,,0.0,0.25,0.66,0.53,0.0,0.5,0.5,1.0,,0.0,,0.0,0.0,,0.0,0.0,0.0,0.53,0.15,0.62,,0.5,,0
644,21499,Ilman MUKHTAROV,fra,8,7,15,0.53,4.8,5.533333333333333,,11.0,28.0,0.39,3.67,3.33,4.0,0.24,,,,,,0.7,1.0,0.0,,0.0,0.0,,0.53,0.17,6.5,3.67,0.55,1.0,0.17,1.0,0.43,1.0,1.0,1.0,0.5,0.5,0.63,0.89,,0.73,,,0
645,22639,Joni KHETSURIANI,geo,23,15,38,0.61,4.736842105263158,2.815789473684211,0.21,16.0,34.0,0.47,2.39,1.91,,,,,0.05,,0.0,0.24,0.5,0.0,,0.0,0.31,0.62,0.53,0.22,4.04,2.39,0.73,1.0,0.22,0.6,0.13,0.26,0.6,0.26,0.13,0.22,0.47,0.06,0.48,0.24,0.5,0.315,1
646,21573,Armen MELIKYAN,arm,10,11,21,0.48,5.476190476190476,4.238095238095238,,2.0,3.0,0.67,2.5,1.5,,,,,,,,0.05,0.33,,,0.0,0.0,,0.53,0.25,4.5,2.5,0.71,1.0,0.25,0.67,0.5,1.0,0.67,1.0,0.5,0.75,0.49,0.0,,,,,0
647,23309,Fazli ERYILMAZ,tur,19,9,28,0.68,4.75,2.107142857142857,,,,,0.5,0.0,,,,,,,,0.22,1.0,,,0.0,0.0,,0.53,0.5,0.5,0.5,1.0,1.0,0.5,,0.0,0.0,,0.0,0.0,0.0,0.24,0.43,,,,,0
648,20202,Melkamu FETENE,isr,16,14,30,0.53,4.566666666666666,4.1,,,,,0.5,0.0,,,,,0.0,,0.0,0.0,0.0,,0.0,,0.0,0.0,0.53,0.0,0.5,0.5,1.0,,0.0,,0.0,0.0,,0.0,0.0,0.0,0.04,,,,0.25,,0
649,23736,David Elias CHOC HUOC,gua,7,11,18,0.39,4.166666666666666,5.0,,,1.0,0.0,2.0,0.0,,,,,0.0,,0.84,0.11,0.33,0.0,0.0,0.0,0.0,0.81,0.53,0.0,3.0,2.0,0.8,,0.0,,0.0,0.0,,0.0,0.0,0.0,0.5,0.0,0.9,,0.0,,0
650,22052,Vikas VIKAS,ind,15,18,33,0.45,4.757575757575758,5.0,,,,,0.5,0.0,,,,,0.83,,0.62,0.38,0.5,,,,,0.66,0.53,0.0,0.5,0.5,1.0,,0.0,,0.0,0.0,,0.0,0.0,0.0,0.44,1.0,0.62,,0.5,,0
651,22708,Beksultan Makhamadzhanovich MAKHMUDOV,kgz,12,12,24,0.5,3.25,3.75,,,,,0.5,0.0,,,,,0.0,,0.0,0.0,,,,,0.0,0.0,0.53,0.0,0.5,0.5,1.0,,0.0,,0.0,0.0,,0.0,0.0,0.0,0.04,,,,0.5,,0
652,26271,Viktor PETRYK,ukr,3,8,11,0.27,3.636363636363637,4.090909090909091,,1.0,2.0,0.5,1.5,0.5,,,,,0.0,,0.74,0.31,0.5,,,0.0,0.5,0.0,0.53,0.25,2.25,1.5,0.86,1.0,0.25,,0.0,0.0,1.0,0.5,0.25,0.25,0.5,0.03,,0.0,0.0,,0
653,28907,Arkadiusz Marcin KULYNYCZ,pol,10,7,17,0.59,4.11764705882353,3.235294117647059,,2.0,2.0,1.0,2.0,2.67,,,,,,,,0.07,0.17,,,0.0,,,0.53,0.0,4.33,2.0,0.75,,0.0,0.33,0.33,0.67,0.33,0.67,0.33,1.0,0.55,0.0,,0.75,,,0
654,30046,Nazir Rachidovitch ABDULLAEV,rus,11,3,14,0.79,4.142857142857143,1.928571428571429,,,1.0,,2.0,0.0,,,,,,,,0.25,0.5,,,,,,0.53,0.33,3.33,2.33,0.88,1.0,0.33,0.0,0.0,0.0,0.0,0.0,0.0,0.33,0.47,0.68,,,,,0
655,22698,Viorel BURDUJA,mda,2,10,12,0.17,2.416666666666667,5.666666666666666,,,,,0.5,0.0,,,,,0.0,,0.84,0.0,,,0.0,0.0,0.0,0.0,0.53,0.0,0.5,0.5,1.0,,0.0,,0.0,0.0,,0.0,0.0,0.0,0.32,0.0,,,0.5,,0
656,22223,Sergei KOZYREV,rus,20,4,24,0.83,6.958333333333333,1.916666666666667,,6.0,9.0,0.67,2.33,4.67,5.0,0.63,1.0,1.0,,,,0.27,0.75,,,0.0,0.0,,0.53,0.0,5.0,2.33,0.7,,0.0,,0.0,0.0,,0.0,0.0,0.0,0.03,,,,,,0
657,20495,Hardeep HARDEEP,ind,6,10,16,0.38,2.625,4.5,,,,,0.5,0.0,,,,,,,,0.0,0.0,,,,0.0,,0.53,0.0,0.5,0.5,1.0,,0.0,,0.0,0.0,,0.0,0.0,0.0,0.04,,,,,,0
658,20760,Azamat DAULETBEKOV,kaz,36,24,60,0.6,5.216666666666667,3.2,0.49,52.0,116.0,0.45,3.18,2.61,30.0,0.39,0.44,4.0,0.48,,0.74,0.5,0.7,0.33,0.0,0.0,0.65,0.81,0.53,0.16,5.45,3.18,0.62,1.0,0.16,0.71,0.58,1.11,0.72,1.16,0.61,0.84,0.43,0.31,0.86,0.08,0.5,0.4825,1
659,23486,Zviadi PATARIDZE,geo,18,4,22,0.82,4.545454545454546,1.136363636363636,0.26,1.0,3.0,0.33,2.0,1.0,,,,,0.29,,0.0,0.33,,,1.0,0.0,1.0,0.0,0.53,1.25,3.0,2.0,0.8,1.0,1.25,,0.0,0.0,,0.0,0.0,0.0,0.22,,,,0.0,0.325,0
660,23245,Markus RAGGINGER,aut,24,15,39,0.62,3.794871794871794,2.435897435897436,,,,,0.5,0.0,,,,,0.4,,0.0,0.14,,,1.0,0.0,0.5,0.0,0.53,0.0,0.5,0.5,1.0,,0.0,,0.0,0.0,,0.0,0.0,0.0,0.23,0.0,,,0.5,,0
661,28772,Ignazio SANFILIPPO,ita,6,17,23,0.26,2.08695652173913,5.956521739130435,,,,,0.5,0.0,,,,,0.0,,0.94,0.0,0.0,,0.0,0.0,0.0,0.0,0.53,0.0,0.5,0.5,1.0,,0.0,,0.0,0.0,1.0,0.5,0.5,0.5,0.28,0.0,,,0.0,,0
662,23561,Murad AHMADIYEV,aze,7,4,11,0.64,4.272727272727272,3.363636363636364,0.78,2.0,3.0,0.67,1.83,1.33,,,,,0.67,,0.74,0.29,0.45,0.0,0.0,0.0,0.0,0.66,0.53,0.17,3.67,1.83,0.79,1.0,0.17,0.75,0.5,1.0,0.8,1.33,0.67,0.83,0.46,0.68,0.69,,0.13,0.6100000000000001,0
663,21633,Viktor LORINCZ,hun,32,7,39,0.82,4.512820512820513,1.282051282051282,,,,,2.0,0.0,,,,,,,,0.22,0.5,,,,0.4,,0.53,0.2,2.4,2.0,0.83,1.0,0.2,0.5,0.4,0.8,0.5,0.8,0.4,0.8,0.48,0.26,,,,,0
664,22718,Muminjon ABDULLAEV,uzb,28,12,40,0.7,4.75,1.975,,,3.0,0.0,2.29,0.0,,,,,,,,0.13,0.25,0.0,,0.0,0.0,,0.52,0.14,3.43,2.29,0.76,1.0,0.14,0.8,1.14,2.29,0.8,2.29,1.14,1.43,0.25,0.0,,,,,0
665,29743,Kurban SHIRAEV,rus,8,1,9,0.89,7.222222222222222,2.111111111111111,,1.0,9.0,0.11,5.0,2.0,1.0,0.11,,,,,,0.88,1.0,,,,0.67,,0.52,0.0,10.0,5.0,0.31,,0.0,1.0,1.0,2.0,1.0,4.0,2.0,2.0,0.0,,,,,,0
666,22722,Cohlton Michael SCHULTZ,usa,11,10,21,0.52,3.761904761904761,2.952380952380953,,,1.0,0.0,1.5,0.0,,,,,0.0,,0.0,0.2,0.33,,,0.0,0.5,0.0,0.52,0.0,2.0,1.5,0.86,,0.0,1.0,0.2,0.5,1.0,0.5,0.25,0.25,0.42,0.0,,,0.0,,0
667,21605,Roman VLASOV,rus,30,2,32,0.94,6.5625,0.875,,2.0,3.0,0.67,2.5,1.5,,,,,,,,0.4,1.0,,,,,,0.52,0.25,4.25,2.5,0.71,1.0,0.25,0.5,0.5,1.0,0.5,1.0,0.5,1.0,0.08,,,,,,0
668,24020,Magomed IBRAGIMOV,uzb,9,7,16,0.56,5.75,5.5,0.44,1.0,3.0,0.33,3.0,4.0,,,,,0.75,,0.74,0.5,0.67,,0.0,,0.0,0.88,0.51,1.0,6.0,3.0,0.6,1.0,1.0,,0.0,0.0,,0.0,0.0,0.0,0.63,1.0,0.11,0.0,0.5,0.5825,0
669,27464,Adlan AKIEV,rus,18,3,21,0.86,6.428571428571429,1.047619047619048,,,,,2.0,0.0,,,,,,,,0.0,,,,0.0,,,0.51,0.0,2.5,2.0,0.8,,0.0,0.0,0.0,0.0,0.0,0.0,0.0,0.5,0.48,0.0,,,,,0
670,23677,Vladen KOZLIUK,ukr,9,7,16,0.56,5.0,3.6875,0.0,2.0,6.0,0.33,2.33,3.0,,,,,0.55,,0.0,0.6,1.0,0.0,,,0.0,0.0,0.51,0.0,6.0,2.33,0.64,,0.0,,0.0,0.0,1.0,1.33,0.67,0.67,0.25,,,0.88,0.5,0.3275,0
671,21781,Dicther Hans TORO CASTANEDA,col,19,11,30,0.63,6.6,3.766666666666667,,,1.0,0.0,2.5,0.0,,,,,,,,0.2,0.5,,,0.0,0.0,,0.51,0.0,4.0,2.5,0.71,,0.0,1.0,1.0,2.0,1.0,2.0,1.0,1.0,0.08,,,,,,0
672,22726,Oleksandr CHERNETSKYY,ukr,3,9,12,0.25,2.5,3.666666666666667,,,1.0,0.0,1.5,0.0,,,,,,,,0.0,,,,0.0,0.0,,0.51,0.25,1.75,1.5,0.86,1.0,0.25,,0.0,0.0,,0.0,0.0,0.0,0.08,,,,,,0
673,25627,Zaurbek SIDAKOV,ain,26,1,27,0.96,7.074074074074074,1.888888888888889,0.47,23.0,75.0,0.31,3.5,2.25,15.0,0.28,0.4,6.0,0.93,,0.91,0.79,0.92,,0.0,0.0,0.33,0.88,0.51,0.4,6.2,3.5,0.55,1.0,0.4,0.67,0.4,0.9,0.67,0.9,0.4,0.6,0.66,0.9,0.79,0.35,0.34,0.6425000000000001,1
674,26790,Mirambek AINAGULOV,kaz,15,10,25,0.6,5.24,3.52,,1.0,3.0,0.5,2.0,2.0,,,,,,,,0.13,0.0,,,0.0,,,0.51,0.5,4.0,2.5,0.71,1.0,0.5,1.0,1.0,2.0,1.0,2.0,1.0,1.0,0.58,0.05,,0.44,,,0
675,23177,Evsem SHVELIDZE,geo,7,6,13,0.54,5.923076923076923,5.846153846153847,,1.0,5.0,0.2,4.0,4.0,1.0,0.33,,,,,,0.4,0.63,0.0,,,0.0,,0.51,1.0,9.0,4.0,0.4,1.0,1.0,0.5,1.0,2.0,0.67,4.0,2.0,3.0,0.66,0.17,,0.0,,,0
676,23798,Sabri MNASRIA,tun,2,8,10,0.2,2.0,8.0,,1.0,1.0,1.0,0.5,0.0,1.0,1.0,,,,,,0.23,0.67,0.0,,,0.0,,0.51,0.0,0.0,0.5,1.0,,0.0,,0.0,0.0,,0.0,0.0,0.0,0.0,,,,,,0
677,23369,Bozo STARCEVIC,cro,13,11,24,0.54,3.25,3.291666666666667,,,,,2.0,0.0,,,,,0.75,,0.0,0.6,1.0,,,,,0.94,0.51,0.5,2.5,2.0,0.8,1.0,0.5,0.5,0.5,1.0,0.5,1.0,0.5,1.0,0.36,,0.86,,0.5,,0
678,21507,Magomedmurad GADZHIEV,pol,25,7,32,0.78,4.9375,1.875,,,1.0,0.0,2.33,0.0,,,,,,,,0.61,0.9,,,0.0,1.0,,0.51,0.33,2.33,2.33,0.78,1.0,0.33,,0.0,0.0,,0.0,0.0,0.0,0.61,0.75,,0.0,,,0
679,23622,Mehdi Mohammad BALIHAMZEHDEH,iri,16,5,21,0.76,5.0,3.380952380952381,0.0,1.0,2.0,0.5,2.0,0.5,,,,,0.08,,0.0,0.08,0.0,,0.0,0.0,0.0,0.0,0.51,0.75,2.5,2.0,0.8,1.0,0.75,1.0,0.25,0.5,1.0,0.5,0.25,0.25,0.45,0.0,,0.7,0.25,0.26,0
680,23514,Thomas EPP,sui,4,8,12,0.33,2.166666666666667,6.416666666666666,,,3.0,,1.0,0.0,,,,,0.0,,0.84,0.54,1.0,,,0.0,,0.0,0.5,0.5,2.75,2.0,0.89,1.0,0.5,,0.0,0.0,1.0,1.0,0.5,0.5,0.58,0.68,,0.79,0.0,,0
681,29591,Rakhmatsikhudo KHAIBARAU,blr,2,5,7,0.29,1.571428571428571,5.714285714285714,,,,,0.33,0.0,,,,,,,,0.25,0.25,,,,0.33,,0.5,0.0,0.33,0.33,1.0,,0.0,,0.0,0.0,,0.0,0.0,0.0,0.43,0.0,,,,,0
682,23481,Artur OMAROV,cze,21,19,40,0.53,2.675,3.25,0.05,11.0,32.0,0.34,2.0,0.86,,,,,0.41,,0.0,0.27,0.71,0.0,0.05,0.0,0.16,0.0,0.5,0.3,3.08,2.0,0.77,1.0,0.32,1.0,0.11,0.22,1.0,0.27,0.14,0.14,0.06,,,,0.39,0.255,1
683,23331,Kamil Tomasz KOSCIOLEK,pol,18,11,29,0.62,4.655172413793104,3.586206896551724,,,,,0.33,0.0,,,,,0.08,,0.0,0.23,0.5,0.0,0.0,0.0,0.0,0.0,0.5,0.0,0.33,0.33,1.0,,0.0,,0.0,0.0,,0.0,0.0,0.0,0.0,,,,0.0,,0
684,22372,Viktoria VESSO,est,22,19,41,0.54,5.048780487804878,4.292682926829268,0.98,3.0,7.0,0.43,2.67,3.33,,,,,0.0,,0.0,0.36,0.71,,,0.0,0.0,0.0,0.5,0.0,5.67,2.67,0.62,,0.0,,0.0,0.0,1.0,0.67,0.33,0.33,0.03,,,,0.0,0.3775,0
685,21479,Stevan Andria MICIC,srb,21,7,28,0.75,6.714285714285714,3.0,0.28,37.0,86.0,0.45,3.37,4.11,25.0,0.39,0.63,5.0,0.76,,0.71,0.66,0.77,,1.0,0.11,0.67,0.94,0.5,0.16,6.37,3.37,0.54,1.0,0.21,0.75,0.16,0.32,1.0,0.63,0.32,0.32,0.43,0.83,0.27,0.04,0.13,0.4925,1
686,24037,Azat SALIDINOV,kgz,9,12,21,0.43,3.80952380952381,4.238095238095238,,,,,0.33,0.0,,,,,0.02,,0.0,0.09,0.33,,0.0,0.0,0.0,0.0,0.5,0.0,0.33,0.33,1.0,,0.0,,0.0,0.0,,0.0,0.0,0.0,0.03,,,,0.17,,0
687,22637,Murat FIRAT,tur,30,17,47,0.64,4.425531914893617,3.574468085106383,0.68,3.0,5.0,0.6,2.13,0.5,,,,,0.02,,0.83,0.19,0.33,0.0,0.0,,0.17,0.63,0.5,0.38,2.75,2.13,0.77,1.0,0.38,0.67,0.18,0.5,0.75,0.75,0.38,0.5,0.54,0.01,0.14,0.25,0.34,0.4350000000000001,0
688,21561,Ekrem OZTURK,tur,26,13,39,0.67,5.615384615384616,3.487179487179487,,,,,0.33,0.0,,,,,,,,0.06,0.0,,,,0.0,,0.5,0.0,0.33,0.33,1.0,,0.0,,0.0,0.0,,0.0,0.0,0.0,0.03,,,,,,0
689,30054,Stepan DAVID,cze,2,17,19,0.11,0.9473684210526316,4.684210526315789,,,,,0.33,0.0,,,,,,,,0.0,0.0,,,,0.0,,0.5,0.0,0.33,0.33,1.0,,0.0,,0.0,0.0,,0.0,0.0,0.0,0.22,0.0,,,,,0
690,20754,Yones Aliakbar EMAMICHOGHAEI,iri,33,12,45,0.73,7.244444444444444,3.088888888888889,0.26,21.0,77.0,0.27,3.78,2.67,5.0,0.16,0.5,3.0,0.29,,0.82,0.6,0.72,,0.0,0.0,0.75,0.81,0.5,0.89,6.5,3.78,0.5,0.94,0.89,0.64,0.5,1.0,0.62,0.89,0.44,0.72,0.43,0.02,0.05,0.04,0.0,0.37,1
691,26295,Gazi KHALILOV,rus,13,8,21,0.62,4.142857142857143,4.285714285714286,,2.0,4.0,0.5,2.0,4.0,,,,,,,,0.0,,0.0,,0.0,0.0,,0.5,0.0,5.5,2.0,0.67,,0.0,,0.0,0.0,,0.0,0.0,0.0,0.29,0.0,,,,,0
692,20409,Arslan RAKHIMOV,uzb,8,10,18,0.44,4.388888888888888,4.555555555555556,0.26,2.0,5.0,0.4,2.0,2.67,1.0,0.25,,,0.02,,0.74,0.08,1.0,,0.0,,0.0,0.6,0.5,0.0,5.33,2.0,0.67,,0.0,1.0,1.0,2.0,1.0,2.67,1.33,1.33,0.44,0.0,0.0,0.0,0.0,0.305,0
693,25555,Seunghak KIM,kor,16,8,24,0.67,5.25,2.708333333333333,0.37,17.0,36.0,0.47,2.41,2.82,,,,,0.65,,0.0,0.24,0.63,0.0,,0.0,0.11,0.0,0.5,0.12,5.0,2.41,0.66,1.0,0.12,0.88,0.41,0.94,0.88,0.94,0.41,0.47,0.46,0.52,,0.38,0.25,0.495,0
694,23099,Raiber Jose RODRIGUEZ OROZCO,ven,5,4,9,0.56,5.888888888888888,3.444444444444444,0.28,1.0,2.0,0.5,2.25,1.0,,,,,0.79,,0.82,0.56,0.75,,1.0,,1.0,0.81,0.5,0.0,4.5,2.25,0.69,,0.0,0.83,1.25,2.5,0.83,2.5,1.25,1.5,0.59,0.75,0.49,,0.25,0.54,0
695,23417,Abzal OKENOV,kaz,1,6,7,0.14,5.142857142857143,7.285714285714285,0.96,2.0,4.0,0.5,3.0,8.0,,,,,0.3,,0.0,0.21,0.75,0.0,,,0.0,0.0,0.5,0.0,10.0,3.0,0.43,,0.0,,0.0,0.0,,0.0,0.0,0.0,0.0,,,,0.0,0.44,0
696,22765,Jia LONG,chn,19,8,27,0.7,6.62962962962963,3.185185185185185,,1.0,5.0,0.2,4.0,2.0,,,,,,,,0.67,1.0,,,,,,0.5,0.0,6.0,4.0,0.5,,0.0,,0.0,0.0,,0.0,0.0,0.0,0.08,,,,,,0
697,22513,Jahongirmirza TUROBOV,uzb,14,15,29,0.48,6.172413793103448,5.862068965517242,0.0,3.0,9.0,0.33,2.75,1.5,2.0,0.29,,,0.0,,0.0,0.2,0.33,,0.0,,0.13,0.0,0.49,0.0,6.0,2.75,0.58,,0.0,0.8,1.0,2.5,0.86,3.5,1.5,1.75,0.0,,,,0.0,0.1225,0
698,23415,Almaz SMANBEKOV,kgz,17,9,26,0.65,6.346153846153847,4.538461538461538,0.46,28.0,88.0,0.32,3.55,3.45,3.0,0.09,0.42,5.0,0.9,,0.62,0.64,0.86,0.0,0.33,0.0,0.19,0.59,0.49,0.0,6.7,3.55,0.5,,0.0,0.69,0.45,0.9,0.67,1.2,0.6,0.9,0.46,0.88,0.0,0.0,0.75,0.5775,1
699,20750,Syrbaz TALGAT,kaz,28,19,47,0.6,5.851063829787233,4.702127659574468,,2.0,10.0,0.2,3.33,1.33,2.0,0.2,,,,,,0.53,0.57,,,0.0,0.5,,0.49,1.33,5.33,3.33,0.56,1.0,1.33,1.0,1.0,2.0,1.0,2.0,1.0,1.0,0.0,,,,,,0
700,28015,Tigran MINASYAN,arm,15,7,22,0.68,7.272727272727272,3.045454545454545,,1.0,3.0,0.33,1.8,0.8,,,,,,,,0.26,0.0,0.0,,0.0,0.5,,0.49,0.0,3.4,1.8,0.75,,0.0,0.83,1.0,2.0,0.83,2.0,1.0,1.2,0.43,0.0,,,,,0
701,21567,Dato CHKHARTISHVILI,geo,10,8,18,0.56,4.722222222222222,3.888888888888889,,1.0,2.0,0.5,2.0,1.33,,,,,,,,0.23,0.0,0.0,,,0.67,,0.49,1.0,3.0,2.0,0.75,1.0,1.0,0.0,0.0,0.0,0.0,0.0,0.0,0.33,0.06,,,,,,0
702,21626,Kristoffer Zakarias BERG,swe,26,17,43,0.6,4.0,2.627906976744186,,3.0,8.0,0.38,2.5,2.5,,,,,,,,0.31,0.75,,,0.0,0.33,,0.49,1.0,4.25,2.5,0.67,1.0,1.0,,0.0,0.0,,0.0,0.0,0.0,0.42,0.0,,,,,0
703,22751,Zhala ALIYEVA,aze,24,19,43,0.56,4.674418604651162,6.372093023255815,0.26,29.0,84.0,0.35,2.56,1.66,1.0,0.17,,,0.77,,0.0,0.4,0.63,0.0,0.3,0.14,0.09,0.0,0.49,0.17,4.71,2.56,0.65,0.78,0.17,1.0,0.29,0.59,1.0,0.68,0.34,0.34,0.01,,,,0.04,0.3825,1
704,26883,Norik HARUTYUNYAN,arm,5,5,10,0.5,5.2,3.9,,,2.0,0.0,2.5,0.0,,,,,,,,0.46,0.8,,,0.0,1.0,,0.49,1.0,3.0,2.5,0.71,1.0,1.0,,0.0,0.0,,0.0,0.0,0.0,0.64,0.29,,0.0,,,0
705,21624,Zurabi DATUNASHVILI,geo,25,8,33,0.76,4.181818181818182,2.060606060606061,,2.0,7.0,0.29,2.44,0.67,,,,,,,,0.37,0.67,,,0.0,0.8,,0.49,0.44,4.0,2.44,0.69,1.0,0.44,0.33,0.22,0.67,0.43,0.89,0.33,0.78,0.57,0.52,,0.46,,,0
706,26012,Apostolos Panagiotis TSIOVOLOS,gre,2,5,7,0.29,2.571428571428572,4.428571428571429,0.6,1.0,2.0,0.5,2.0,4.0,,,,,0.0,,0.0,0.0,0.0,,,,,0.0,0.49,1.0,5.0,2.0,0.67,1.0,1.0,,0.0,0.0,,0.0,0.0,0.0,0.0,,,,0.0,0.2725,0
707,26801,Bin YANG,chn,7,4,11,0.64,4.272727272727272,3.909090909090909,,,,,3.0,0.0,,,,,,,,0.75,1.0,,,,1.0,,0.49,0.0,5.0,3.0,0.6,,0.0,0.5,1.0,2.0,0.5,2.0,1.0,2.0,0.08,,,,,,0
708,22043,Abror ATABAEV,uzb,26,7,33,0.79,5.757575757575758,2.636363636363636,,,1.0,0.0,1.33,0.0,,,,,0.12,,0.71,0.09,0.33,,,0.0,0.0,0.66,0.49,0.0,2.67,1.33,0.8,,0.0,1.0,0.67,2.0,1.0,2.0,0.67,0.67,0.56,0.0,0.69,0.0,0.5,,0
709,22768,Pauline Denise LECARPENTIER,fra,11,11,22,0.5,3.0,3.909090909090909,,2.0,4.0,0.5,3.0,4.0,2.0,0.67,,,,,,0.33,1.0,,,,,,0.49,0.0,5.0,3.0,0.6,,0.0,,0.0,0.0,,0.0,0.0,0.0,0.0,,,,,,0
710,22587,Givi MATCHARASHVILI,geo,26,9,35,0.74,7.171428571428571,3.314285714285715,0.24,39.0,205.0,0.19,4.09,2.82,21.0,0.14,0.08,1.0,0.91,,0.74,0.65,0.84,,1.0,0.0,0.83,0.79,0.49,0.15,7.55,4.09,0.42,1.0,0.15,0.81,1.45,2.91,0.81,2.91,1.45,1.79,0.48,0.86,0.04,0.01,0.6,0.53,1
711,23193,Vakhit GALAYEV,aze,10,5,15,0.67,5.8,2.4,,1.0,1.0,1.0,2.0,4.0,1.0,1.0,,,,,,0.0,,,,,,,0.49,0.0,5.0,2.0,0.67,,0.0,0.0,0.0,0.0,0.0,0.0,0.0,1.0,0.56,0.0,,0.94,,,0
712,21847,Forrest Ann MOLINARI,usa,30,13,43,0.7,5.255813953488372,2.534883720930233,,2.0,4.0,0.5,3.0,4.0,2.0,0.5,,,,,,0.6,0.75,,,,,,0.49,0.0,5.0,3.0,0.6,,0.0,,0.0,0.0,,0.0,0.0,0.0,0.08,,,,,,0
713,22690,Naser Ghasem ALIZADEH,iri,28,8,36,0.78,4.694444444444445,2.277777777777778,,,,,1.6,0.0,,,,,0.29,,0.0,0.5,0.75,0.0,,0.0,0.5,0.0,0.49,0.0,2.4,1.6,0.8,,0.0,0.8,0.8,1.6,0.8,1.6,0.8,1.0,0.07,,,,0.5,,0
714,23372,Ivan HUKLEK,cro,20,14,34,0.59,5.205882352941177,3.941176470588235,0.0,,5.0,0.0,2.75,0.0,,,,,1.0,,0.0,0.2,0.33,,,,0.0,0.0,0.48,0.0,3.75,2.75,0.65,,0.0,0.75,0.75,1.5,0.75,1.5,0.75,1.0,0.52,0.0,,0.0,1.0,0.5,0
715,25658,Oleksandr HRUSHYN,ukr,15,13,28,0.54,5.107142857142857,3.428571428571429,,,,,1.33,0.0,,,,,,,,0.11,0.25,,,0.0,0.25,,0.48,0.0,2.33,1.33,0.8,0.0,0.0,,0.0,0.0,,0.0,0.0,0.0,0.44,0.0,,,,,0
716,23381,Daniel GASTL,aut,7,10,17,0.41,2.411764705882353,2.705882352941176,,,3.0,0.0,2.5,0.0,,,,,0.0,,0.0,0.13,0.0,,,,0.67,0.0,0.48,0.33,3.33,2.5,0.68,1.0,0.33,0.4,0.33,0.67,0.43,1.0,0.5,1.17,0.28,,,,0.5,,0
717,20284,Adolf BAZSO,hun,13,8,21,0.62,3.428571428571429,3.19047619047619,,2.0,3.0,0.67,1.5,3.0,,,,,,,,0.25,0.5,,,0.0,,,0.48,0.5,3.5,1.5,0.75,1.0,0.5,,0.0,0.0,,0.0,0.0,0.0,0.46,1.0,,0.8,,,0
718,22635,Mate NEMES,srb,23,10,33,0.7,4.636363636363637,2.666666666666667,0.33,5.0,31.0,0.16,2.97,0.62,,,,,0.67,,0.57,0.38,0.72,0.0,,0.0,0.3,0.79,0.48,0.0,4.93,2.97,0.59,,0.0,0.62,0.97,1.93,0.62,1.93,0.97,1.55,0.59,0.43,0.29,0.04,0.6,0.5175,1
719,22705,Nikoloz KAKHELASHVILI,ita,36,23,59,0.61,3.457627118644068,1.915254237288136,,,3.0,0.0,1.8,0.0,,,,,0.0,,0.54,0.0,0.0,,0.0,0.0,0.0,0.6,0.48,0.2,2.5,1.8,0.75,1.0,0.3,0.57,0.4,0.8,0.57,0.8,0.4,0.7,0.47,0.0,0.42,,0.5,,0
720,23137,Erik ARUSHANIAN,ukr,31,13,44,0.7,8.068181818181818,4.863636363636364,0.17,6.0,21.0,0.29,3.5,4.0,2.0,0.13,1.0,1.0,0.85,,0.94,0.55,0.72,,0.33,0.0,0.13,0.96,0.48,0.25,7.5,3.5,0.44,0.5,0.25,0.67,0.5,1.0,0.67,1.0,0.5,0.75,0.57,0.83,0.02,0.05,0.0,0.5175,0
721,22723,Dariusz Attila VITEK,hun,23,16,39,0.59,4.538461538461538,3.256410256410256,0.39,4.0,7.0,0.57,2.0,1.71,,,,,0.0,,0.54,0.32,0.4,,,0.0,0.75,0.0,0.48,0.14,3.71,2.0,0.7,1.0,0.14,0.4,0.25,0.57,0.57,1.14,0.57,1.0,0.44,0.15,,0.0,0.25,0.3275,0
722,22616,Liguo CAO,chn,16,16,32,0.5,3.9375,4.1875,0.02,13.0,36.0,0.36,2.36,1.36,,,,,0.32,,0.0,0.31,0.74,0.0,0.0,0.0,0.0,0.0,0.48,0.25,4.07,2.36,0.65,1.0,0.32,0.9,0.32,0.64,0.92,0.86,0.39,0.43,0.05,,,,0.34,0.2175,1
723,23428,Alibek OSMONOV,kgz,14,11,25,0.56,5.68,4.52,0.26,1.0,3.0,0.33,2.0,2.0,,,,,0.29,,0.0,0.2,0.5,,0.0,0.0,0.0,0.0,0.48,0.5,4.5,2.0,0.67,1.0,1.0,,0.0,0.0,,0.0,0.0,0.0,0.0,,,,0.0,0.2575,0
724,22522,Tsogbadrakh TSEVEENSUREN,mgl,13,10,23,0.57,5.304347826086957,3.217391304347826,,,4.0,0.0,2.25,0.0,,,,,,,,0.4,0.89,,,0.0,0.0,,0.48,0.5,3.5,2.25,0.69,1.0,0.5,1.0,0.5,1.0,1.0,1.0,0.5,0.5,0.2,0.0,,,,,0
725,21548,Vladislav BAJCAJEV,rus,13,4,17,0.76,6.411764705882352,1.941176470588236,,8.0,14.0,0.57,3.25,2.5,6.0,0.6,1.0,1.0,,,,0.74,0.85,,,0.0,,,0.48,0.25,4.25,3.25,0.59,1.0,0.25,0.5,0.5,1.0,0.5,1.0,0.5,1.0,0.02,,,,,,0
726,22554,Georgios KOUGIOUMTSIDIS,gre,41,22,63,0.65,7.222222222222222,5.412698412698413,0.35,75.0,370.0,0.2,4.05,2.75,48.0,0.16,0.27,9.0,0.81,,0.91,0.57,0.73,0.11,0.0,0.03,0.26,0.97,0.48,0.43,7.41,4.05,0.4,1.0,0.43,0.64,0.8,1.61,0.73,2.39,1.18,1.62,0.65,0.7,0.54,0.31,0.18,0.5725,1
727,23389,Beka KANDELAKI,aze,10,9,19,0.53,3.894736842105263,1.789473684210526,0.0,3.0,12.0,0.25,2.33,0.67,,,,,0.4,,0.7,0.18,0.5,,1.0,0.0,0.38,0.0,0.48,0.11,4.11,2.33,0.65,1.0,0.11,0.7,1.06,2.11,0.71,2.22,1.11,1.56,0.47,0.02,,,0.5,0.3375,1
728,21629,Bekkhan OZDOEV,rus,15,4,19,0.79,6.157894736842104,1.631578947368421,,,2.0,0.0,3.0,0.0,,,,,,,,0.22,1.0,0.0,,0.0,0.0,,0.48,0.0,4.5,3.0,0.6,,0.0,0.75,1.5,3.0,0.75,3.0,1.5,2.0,0.48,0.0,,,,,0
729,25560,Sanan SULEYMANOV,aze,26,11,37,0.7,5.0,1.810810810810811,0.66,20.0,39.0,0.51,3.06,1.81,,,,,0.43,,0.0,0.47,0.74,0.0,,0.0,0.0,0.79,0.48,0.28,5.39,3.06,0.55,1.0,0.28,0.56,0.61,1.22,0.58,1.28,0.64,1.11,0.28,,0.29,0.39,0.38,0.4625,1
730,30966,Furkan YILDIZ,tur,5,3,8,0.63,5.75,2.75,,1.0,1.0,1.0,1.5,2.0,,,,,,,,0.0,0.0,,,,0.0,,0.48,0.0,3.0,1.5,0.75,,0.0,1.0,0.5,0.5,1.0,0.5,0.5,0.5,0.04,,,,,,0
731,23319,Avtandil KENTCHADZE,geo,45,15,60,0.75,7.783333333333333,3.35,0.48,13.0,43.0,0.3,3.71,4.29,2.0,0.13,0.36,8.0,0.85,,0.99,0.59,0.8,,,0.0,0.1,0.98,0.48,0.43,7.14,3.71,0.44,1.0,0.43,1.0,0.57,1.14,1.0,1.14,0.57,0.57,0.65,0.69,0.94,0.54,0.0,0.615,0
732,25677,Romas FRIDRIKAS,ltu,5,15,20,0.25,2.0,3.45,0.74,4.0,7.0,0.57,1.16,0.74,,,,,0.55,,0.54,0.17,0.43,,1.0,0.0,0.4,0.59,0.47,0.16,2.05,1.16,0.81,1.0,0.16,0.5,0.05,0.11,0.67,0.21,0.11,0.16,0.48,0.02,0.37,0.0,0.25,0.56,0
733,21779,Andres Roberto MONTANO ARROYO,ecu,23,13,36,0.64,6.111111111111112,3.444444444444444,,1.0,8.0,0.17,2.14,0.57,,,,,0.0,,0.0,0.25,0.33,1.0,0.0,0.0,0.0,0.0,0.47,0.13,4.38,2.38,0.63,1.0,0.13,0.6,0.75,1.5,0.67,2.0,1.0,1.5,0.43,0.0,,0.0,0.25,,0
734,27938,Muhammadali SHAMSIDDINOV,uzb,5,7,12,0.42,3.333333333333333,3.75,,,1.0,0.0,1.5,0.0,,,,,,,,0.0,0.0,,,,,,0.47,0.0,2.5,1.5,0.75,,0.0,1.0,0.5,1.0,1.0,1.0,0.5,0.5,0.24,0.0,,,,,0
735,21637,Matti Elias KUOSMANEN,fin,16,12,28,0.57,3.75,3.642857142857143,,,,,1.33,0.0,,,,,,,,0.0,,,,0.0,0.0,,0.47,0.0,1.67,1.33,0.8,,0.0,0.0,0.0,0.0,0.5,0.67,0.33,0.67,0.29,,,,,,0
736,35258,Davit GEVORGYAN,arm,0,2,2,0.0,4.0,6.0,,1.0,6.0,0.17,4.0,2.0,1.0,0.17,,,,,,0.76,0.83,0.0,,,0.5,,0.47,2.0,6.0,4.0,0.44,1.0,2.0,,0.0,0.0,,0.0,0.0,0.0,0.65,0.76,,0.0,,,0
737,26417,Batmagnai BATCHULUUN,mgl,13,7,20,0.65,5.95,5.6,,1.0,3.0,0.33,3.0,1.0,,,,,,,,1.0,1.0,,,,,,0.47,0.0,4.0,3.0,0.6,,0.0,,0.0,0.0,,0.0,0.0,0.0,0.0,,,,,,0
738,22777,Kendra Augustine Jocelyne DACHER,fra,12,13,25,0.48,4.08,4.96,0.46,1.0,2.0,0.5,2.0,2.0,,,0.5,1.0,0.83,,0.0,0.6,1.0,,,0.0,,0.0,0.47,0.0,4.0,2.0,0.67,,0.0,1.0,1.0,2.0,1.0,2.0,1.0,1.0,0.0,,,,0.0,0.4399999999999999,0
739,20782,Furkan BAYRAK,tur,14,8,22,0.64,4.727272727272728,2.318181818181818,,1.0,3.0,0.33,2.5,2.0,,,,,,,,0.3,,,,0.0,0.0,,0.47,0.5,4.0,2.5,0.63,1.0,0.5,,0.0,0.0,,0.0,0.0,0.0,0.58,0.0,,0.84,,,0
740,27540,Isa SHAPIEV,uzb,6,7,13,0.46,5.461538461538462,5.923076923076923,,2.0,4.0,0.5,3.0,3.0,,,0.67,2.0,,,,0.75,1.0,,,,,,0.47,0.0,4.0,3.0,0.6,,0.0,,0.0,0.0,,0.0,0.0,0.0,0.08,,,,,,0
741,23611,Hanjae CHUNG,kor,17,9,26,0.65,4.884615384615385,3.576923076923077,0.9,1.0,1.0,1.0,1.33,0.67,,,,,0.75,,0.0,0.53,0.8,,,0.0,0.0,0.0,0.47,0.33,1.67,1.33,0.8,1.0,0.33,0.0,0.0,0.0,0.0,0.0,0.0,0.33,0.06,,,,0.5,0.545,0
742,23446,Bobur ISLOMOV,uzb,13,13,26,0.5,5.115384615384616,5.269230769230769,0.82,2.0,3.0,0.67,1.5,2.0,1.0,0.5,,,0.55,,0.99,0.2,0.75,0.0,0.0,,0.0,0.88,0.47,0.0,2.5,1.5,0.75,,0.0,,0.0,0.0,,0.0,0.0,0.0,0.57,0.45,0.54,0.44,0.0,0.6024999999999999,0
743,21493,Haji ALIYEV,aze,38,11,49,0.78,6.163265306122449,2.795918367346939,0.28,59.0,237.0,0.25,3.8,3.08,48.0,0.23,0.44,8.0,0.84,,0.53,0.62,0.85,0.0,0.0,0.0,0.13,0.66,0.47,0.83,6.55,3.8,0.44,1.0,0.88,0.96,0.55,1.1,0.96,1.25,0.6,0.63,0.44,0.06,0.0,0.0,0.18,0.5075000000000001,1
744,26986,Murshid MUTALIMOV,rus,3,2,5,0.6,5.8,3.0,,1.0,6.0,0.17,4.0,2.0,,,,,,,,0.5,0.67,,,0.0,,,0.47,1.0,6.0,4.0,0.44,1.0,1.0,,0.0,0.0,,0.0,0.0,0.0,0.0,,,,,,0
745,26233,Evghenii VOLCOV,rou,1,5,6,0.17,3.333333333333333,8.833333333333332,,,2.0,0.0,3.0,0.0,,,,,,,,0.25,0.4,,,,0.0,,0.47,1.0,4.0,3.0,0.6,1.0,1.0,,0.0,0.0,,0.0,0.0,0.0,0.55,0.0,,0.0,,,0
746,21528,Ali SHABANAU,blr,19,9,28,0.68,5.142857142857143,2.857142857142857,,3.0,12.0,0.25,3.33,2.0,1.0,0.17,,,,,,0.64,0.78,1.0,,0.0,1.0,,0.47,0.33,5.0,3.33,0.53,1.0,0.33,,0.0,0.0,,0.0,0.0,0.0,0.66,0.5,,0.15,,,0
747,27035,Firuz TUKHTAEV,uzb,9,9,18,0.5,4.777777777777778,2.944444444444444,,,,,1.75,0.0,,,,,,,,0.14,0.33,,,,0.0,,0.46,0.0,3.0,1.75,0.7,,0.0,0.57,1.0,2.0,0.57,2.0,1.0,1.75,0.04,,,,,,0
748,28226,Pooja DHANDA,ind,15,6,21,0.71,6.0,4.476190476190476,,2.0,4.0,0.5,2.0,8.0,,,,,,,,0.5,0.67,,,,,,0.46,0.0,8.0,2.0,0.5,,0.0,,0.0,0.0,,0.0,0.0,0.0,0.5,1.0,,0.98,,,0
749,22681,Jalgasbay BERDIMURATOV,uzb,39,25,64,0.61,4.53125,3.203125,0.48,36.0,61.0,0.59,2.3,2.09,,,,,0.33,,0.0,0.22,0.73,0.0,0.1,0.0,0.18,0.0,0.46,0.25,4.52,2.3,0.62,1.0,0.27,0.68,0.23,0.5,0.73,0.61,0.29,0.39,0.05,,,,0.35,0.33,1
750,22704,Metehan BASAR,tur,31,23,54,0.57,2.092592592592593,2.166666666666667,,,,,0.86,0.0,,,,,,,0.0,0.06,0.0,,,0.0,0.33,0.0,0.46,0.14,0.86,0.86,0.86,1.0,0.14,,0.0,0.0,,0.0,0.0,0.0,0.25,,,,0.0,,0
751,21575,Donior ISLAMOV,mda,15,20,35,0.43,3.514285714285714,4.685714285714286,,,1.0,0.0,1.5,0.0,,,,,0.12,,0.0,0.12,0.5,0.0,,0.0,0.0,0.0,0.46,0.0,2.25,1.5,0.75,,0.0,0.5,0.25,0.5,0.5,0.5,0.25,0.5,0.53,0.05,,,1.0,,0
752,26318,Olena NASIBOVA KREMZER,ukr,14,6,20,0.7,4.8,3.4,,3.0,7.0,0.43,2.5,4.0,,,0.67,2.0,,,,0.73,0.89,,,,,,0.46,0.0,5.5,2.5,0.56,,0.0,,0.0,0.0,1.0,1.0,0.5,0.5,0.49,1.0,,0.84,,,0
753,21813,Luillys Jose PEREZ MORA,ven,22,14,36,0.61,3.722222222222222,2.972222222222222,,2.0,4.0,0.5,1.67,2.0,,,,,,,,0.27,,0.0,,,0.0,,0.46,1.0,3.0,1.67,0.71,1.0,1.0,,0.0,0.0,,0.0,0.0,0.0,0.0,,,,,,0
754,28970,Saban KIZILTAS,tur,7,7,14,0.5,4.0,5.785714285714286,,1.0,4.0,0.25,2.33,0.67,,,,,,,,0.2,0.38,,,0.0,0.0,,0.46,0.33,3.67,2.33,0.64,1.0,0.33,1.0,1.0,2.0,1.0,2.0,1.0,1.0,0.58,0.17,,0.15,,,0
755,29269,Asgar ALIZADA,aze,6,2,8,0.75,8.75,4.625,,1.0,4.0,0.25,3.0,4.0,,,,,,,,0.27,0.25,,,0.0,1.0,,0.45,0.0,6.0,3.0,0.5,,0.0,,0.0,0.0,,0.0,0.0,0.0,0.62,0.5,,0.0,,,0
756,22603,Daniel LIGETI,hun,28,28,56,0.5,4.357142857142857,4.071428571428571,0.79,14.0,41.0,0.34,1.77,1.37,3.0,0.23,,,0.05,,0.0,0.34,0.64,0.0,0.0,0.0,0.06,0.0,0.45,0.17,3.69,1.77,0.67,0.86,0.17,0.83,0.14,0.29,0.91,0.63,0.29,0.31,0.01,,,,0.0,0.325,1
757,26324,Moa Lena Maria NYGREN,swe,8,10,18,0.44,3.111111111111111,4.111111111111112,,1.0,4.0,0.25,3.0,2.0,1.0,1.0,,,,,,0.0,0.0,,,,0.0,,0.45,0.0,6.0,3.0,0.5,,0.0,,0.0,0.0,,0.0,0.0,0.0,0.0,,,,,,0
758,20141,Dzhabrail GADZHIEV,aze,45,9,54,0.83,6.851851851851852,2.648148148148148,,,5.0,0.0,3.0,0.0,,,,,0.75,,0.0,0.5,1.0,,,0.0,,0.0,0.45,0.0,4.33,3.0,0.56,0.0,0.0,1.0,1.0,1.33,1.0,1.33,0.67,0.67,0.52,0.68,,0.0,0.5,,0
759,28363,Hyeonsu CHO,kor,6,5,11,0.55,7.181818181818182,6.636363636363637,,3.0,14.0,0.21,4.0,3.0,2.0,0.15,,,,,,0.4,0.55,,,0.0,0.0,,0.45,0.5,6.0,4.0,0.42,1.0,0.5,,0.0,0.0,1.0,1.0,0.5,0.5,0.67,0.29,,0.36,,,0
760,23656,Abraham De Jesus CONYEDO RUANO,ita,24,20,44,0.55,3.318181818181818,4.227272727272728,0.06,22.0,63.0,0.35,2.28,1.25,10.0,0.32,0.38,6.0,0.63,,0.73,0.37,0.59,0.0,1.0,0.13,0.27,0.65,0.45,0.5,3.56,2.28,0.64,1.0,0.5,1.0,0.31,0.63,1.0,0.63,0.31,0.31,0.57,0.5,0.24,0.28,0.13,0.4275,1
761,21671,Evelina Georgieva NIKOLOVA,bul,27,17,44,0.61,4.727272727272728,5.159090909090909,,,3.0,0.0,3.0,0.0,,,,,,,,1.0,1.0,,,,,,0.45,0.0,6.0,3.0,0.5,,0.0,,0.0,0.0,,0.0,0.0,0.0,0.3,,,0.0,,,0
762,23892,Bachir SID AZARA,alg,23,11,34,0.68,4.852941176470588,1.470588235294118,,1.0,1.0,1.0,1.5,1.0,,,,,0.0,,0.62,0.0,0.0,,,,,0.0,0.45,0.0,2.0,1.5,0.75,,0.0,0.0,0.0,0.0,0.0,0.0,0.0,0.5,0.27,0.0,,,0.5,,0
763,23379,Tyrone STERKENBURG,ned,14,15,29,0.48,3.931034482758621,4.103448275862069,0.0,,2.0,0.0,2.0,0.0,,,,,0.0,,0.9,0.0,0.0,,0.0,0.0,0.0,0.6,0.45,0.33,3.33,2.0,0.67,1.0,0.33,1.0,1.0,2.0,0.75,2.0,1.0,1.33,0.55,0.0,0.42,0.0,0.25,0.25,0
764,22667,Aram VARDANYAN,uzb,18,20,38,0.47,4.342105263157896,4.236842105263158,,,,,0.83,0.0,,,,,0.3,,0.52,0.2,0.56,,0.0,0.0,0.0,0.59,0.45,0.0,1.33,0.83,0.83,,0.0,0.5,0.9,0.33,0.5,0.33,0.17,0.33,0.41,0.0,0.42,,0.0,,0
765,22679,Dias KALEN,kaz,5,9,14,0.36,4.0,3.0,,,1.0,0.0,1.5,0.0,,,,,,,,0.29,0.0,,,,,,0.45,0.0,2.0,1.5,0.75,,0.0,1.0,0.5,1.0,1.0,1.0,0.5,0.5,0.04,,,,,,0
766,29494,Krystyna SOKOLOVSKA,ukr,7,2,9,0.78,6.0,2.555555555555556,,3.0,5.0,0.6,3.0,6.0,2.0,1.0,0.5,1.0,,,,0.33,0.5,,,,,,0.45,0.0,6.0,3.0,0.5,,0.0,0.0,0.0,0.0,0.0,0.0,0.0,1.0,0.0,,,,,,0
767,23455,Akhmed TAZHUDINOV,brn,18,1,19,0.95,8.526315789473683,1.68421052631579,0.66,4.0,9.0,0.44,3.0,4.0,3.0,0.43,,,0.96,,0.0,0.88,0.86,,1.0,,1.0,0.0,0.45,0.0,6.0,3.0,0.5,,0.0,0.0,0.0,0.0,0.0,0.0,0.0,0.5,0.0,,,,0.0,0.5175,1
768,22517,Iszmail MUSZUKAJEV,hun,12,8,20,0.6,4.95,2.8,,2.0,9.0,0.33,2.67,1.33,2.0,0.33,,,,,,0.64,1.0,,,0.0,,,0.44,0.0,6.5,3.0,0.6,,0.0,0.67,0.5,1.0,0.75,2.0,0.75,1.0,0.23,0.26,,,,,0
769,25561,Azat SADYKOV,kaz,5,8,13,0.38,2.692307692307693,3.384615384615385,,,1.0,0.0,2.0,0.0,,,,,,,,0.5,0.0,,,,,,0.44,0.0,3.0,2.0,0.67,,0.0,,0.0,0.0,,0.0,0.0,0.0,0.56,1.0,,0.0,,,0
770,22216,Danylo STASIUK,ukr,15,8,23,0.65,5.565217391304348,2.478260869565217,,1.0,2.0,0.5,2.0,2.0,,,1.0,1.0,,,,0.6,0.75,,,0.0,,,0.44,1.0,3.0,2.0,0.67,1.0,1.0,,0.0,0.0,,0.0,0.0,0.0,0.55,0.68,,0.62,,,0
771,23170,Abdulvasi BALTA,tur,10,4,14,0.71,4.785714285714286,5.0,,,1.0,0.0,2.0,0.0,,,,,,,,0.33,0.6,,,,0.0,,0.44,0.0,3.0,2.0,0.67,,0.0,,0.0,0.0,,0.0,0.0,0.0,0.71,0.11,,0.0,,,0
772,20756,Ali Bakhtiar SAVADKOUHI,iri,28,7,35,0.8,7.228571428571427,2.428571428571429,,1.0,1.0,1.0,2.0,2.0,1.0,1.0,,,,,,0.89,1.0,,,0.0,,,0.44,0.0,3.0,2.0,0.67,,0.0,,0.0,0.0,,0.0,0.0,0.0,0.68,0.91,,0.87,,,0
773,21579,Stig-Andre BERGE,nor,11,10,21,0.52,3.0,3.0,,,1.0,0.0,1.33,0.0,,,,,,,,0.25,1.0,,,,0.33,,0.44,0.0,1.75,1.5,0.75,,0.0,1.0,0.25,0.5,1.0,0.5,0.25,0.25,0.55,0.68,,0.0,,,0
774,23754,Nathali Josefina GRIMAN HERRERA,ven,7,6,13,0.54,5.153846153846153,4.384615384615385,0.0,,1.0,0.0,2.0,0.0,,,,,0.88,,0.0,0.67,1.0,,,,,0.0,0.44,0.0,3.0,2.0,0.67,,0.0,,0.0,0.0,,0.0,0.0,0.0,0.08,,,,0.5,0.35,0
775,22670,Shohei YABIKU,jpn,16,10,26,0.62,4.692307692307692,3.692307692307692,,1.0,2.0,0.5,2.0,2.0,,,,,,,,0.29,0.5,,,0.0,,,0.44,1.0,3.0,2.0,0.67,1.0,1.0,,0.0,0.0,,0.0,0.0,0.0,0.0,,,,,,0
776,23414,Nicholas Raymond SURIANO,usa,6,4,10,0.6,2.9,2.7,0.0,,2.0,0.0,3.0,0.0,,,,,0.0,,0.62,0.0,0.0,,0.0,0.0,0.0,0.94,0.44,3.0,3.0,3.0,0.6,1.0,3.0,,0.0,0.0,,0.0,0.0,0.0,0.52,0.0,0.82,0.0,0.0,0.24,0
777,23612,Yernur FIDAKHMETOV,kaz,11,8,19,0.58,4.684210526315789,4.052631578947368,0.31,1.0,2.0,0.5,2.5,1.0,,,,,0.65,,0.0,0.43,0.5,1.0,,,1.0,0.0,0.44,1.0,3.0,2.5,0.63,1.0,1.0,,0.0,0.0,,0.0,0.0,0.0,0.08,,,,0.5,0.3700000000000001,0
778,21426,Naveen NAVEEN,ind,33,35,68,0.49,4.058823529411764,4.132352941176471,,,,,1.0,0.0,,,,,0.62,,0.0,0.27,,,0.5,0.0,0.43,0.0,0.44,0.0,0.8,1.0,0.83,,0.0,0.0,0.0,0.0,0.0,0.0,0.0,0.2,0.46,0.0,,,1.0,,0
779,28205,Parviz HADIBASMANJ,iri,4,0,4,1.0,14.75,4.0,,,1.0,0.0,2.0,0.0,,,,,,,,0.92,0.92,,,,,,0.44,0.0,3.0,2.0,0.67,,0.0,,0.0,0.0,,0.0,0.0,0.0,0.08,,,,,,0
780,23516,Adam Visrailovitch BIBOULATOV,fra,1,9,10,0.1,2.2,9.8,0.0,,1.0,0.0,2.0,0.0,,,,,0.29,,0.84,0.2,0.25,,,,,0.81,0.44,1.0,3.0,2.0,0.67,1.0,1.0,,0.0,0.0,,0.0,0.0,0.0,0.55,0.43,0.22,0.0,0.0,0.32,0
781,28057,Nazarshah FATULLAYEV,aze,4,3,7,0.57,3.571428571428572,3.285714285714286,,,,,2.0,0.0,,,,,,,,0.0,,,,,0.0,,0.44,0.0,3.0,2.0,0.67,,0.0,,0.0,0.0,,0.0,0.0,0.0,0.55,0.0,,,,,0
782,20102,Ahmet KARAVUS,tur,5,4,9,0.56,7.222222222222222,7.777777777777779,,1.0,1.0,1.0,2.0,2.0,,,,,,,,0.29,0.5,,,0.0,,,0.44,1.0,3.0,2.0,0.67,1.0,1.0,,0.0,0.0,,0.0,0.0,0.0,0.6,0.26,,0.87,,,0
783,22232,Ilias IANDAROV,rus,9,2,11,0.82,7.727272727272727,2.090909090909091,,,,,2.0,0.0,,,,,,,,0.0,,,,0.0,,,0.44,1.0,3.0,2.0,0.67,1.0,1.0,,0.0,0.0,,0.0,0.0,0.0,0.53,0.0,,,,,0
784,23341,Mateusz Radoslaw SZEWCZUK,pol,3,11,14,0.21,2.714285714285714,6.928571428571429,0.9,1.0,1.0,1.0,1.0,0.67,,,,,0.94,,0.62,0.43,0.8,,1.0,0.0,0.6,0.94,0.44,0.25,1.5,1.0,0.8,1.0,0.25,0.5,0.25,0.5,0.5,0.5,0.25,0.5,0.48,0.75,0.91,0.7,0.5,0.69,0
785,21538,Fatih ERDIN,tur,38,18,56,0.68,5.142857142857143,3.464285714285714,,5.0,17.0,0.29,2.43,1.43,4.0,0.33,,,,,,0.52,0.73,0.0,,0.0,0.29,,0.44,0.0,4.29,2.43,0.59,,0.0,1.0,0.57,1.14,1.0,1.14,0.57,0.57,0.51,0.43,,0.09,,,0
786,20808,Sandra PARUSZEWSKI,ger,12,17,29,0.41,3.896551724137931,4.620689655172414,,,,,2.0,0.0,,,,,0.88,,0.62,0.67,1.0,,,,,0.66,0.44,0.0,3.0,2.0,0.67,,0.0,,0.0,0.0,,0.0,0.0,0.0,0.43,1.0,0.62,,0.0,,0
787,23144,Ikromzhon KHADZHIMURODOV,kgz,13,10,23,0.57,6.0,5.826086956521739,0.46,1.0,2.0,0.5,2.0,2.0,1.0,1.0,,,0.32,,0.62,0.22,0.33,,0.0,,0.0,0.0,0.44,0.0,3.0,2.0,0.67,,0.0,,0.0,0.0,,0.0,0.0,0.0,0.28,0.0,,,0.5,0.375,0
788,23621,Masato SUMI,jpn,13,13,26,0.5,3.576923076923077,2.653846153846154,0.9,1.0,1.0,1.0,2.0,1.0,,,,,0.0,,0.0,0.25,0.5,,0.0,,0.0,0.0,0.44,0.0,3.0,2.0,0.67,,0.0,1.0,0.5,1.0,1.0,1.0,0.5,0.5,0.08,,,,1.0,0.355,0
789,26270,Artur PETROSIAN,rus,13,7,20,0.65,4.25,2.5,,,,,2.0,0.0,,,,,,,,0.0,0.0,,,,,,0.44,0.0,3.0,2.0,0.67,,0.0,0.0,0.0,0.0,0.0,0.0,0.0,1.0,0.28,0.0,,,,,0
790,21420,Bajrang BAJRANG,ind,54,10,64,0.84,6.953125,3.203125,,11.0,36.0,0.31,3.33,2.67,3.0,0.18,0.33,1.0,,,,0.59,0.72,,,0.0,0.75,,0.44,0.67,5.44,3.33,0.48,1.0,0.67,0.22,0.22,0.44,0.22,0.44,0.22,1.0,0.57,0.55,,0.0,,,0
791,28032,Ismail GUN,tur,13,7,20,0.65,6.15,2.3,,1.0,2.0,0.5,1.75,0.5,,,,,,,,0.0,0.0,,,,,,0.42,0.0,2.25,1.75,0.7,,0.0,0.33,0.25,0.5,0.33,0.5,0.25,0.75,0.52,0.0,,0.0,,,0
792,23374,Vjekoslav LUBURIC,cro,3,7,10,0.3,1.3,3.9,,,,,1.5,0.0,,,,,0.75,,0.0,0.25,1.0,,,0.0,0.0,0.0,0.42,0.0,1.5,1.5,0.75,,0.0,,0.0,0.0,,0.0,0.0,0.0,0.38,0.0,,,1.0,,0
793,28218,Arata SONODA,jpn,7,16,23,0.3,2.434782608695652,4.913043478260869,,1.0,1.0,1.0,1.67,0.67,,,,,,,,0.31,0.75,,,0.0,0.4,,0.42,0.33,2.33,1.67,0.71,1.0,0.33,0.5,0.25,0.67,0.5,0.67,0.33,0.67,0.26,0.43,,,,,0
794,21695,Elis MANOLOVA,aze,34,30,64,0.53,3.703125,3.125,0.0,16.0,94.0,0.17,2.28,0.7,9.0,0.18,0.2,1.0,0.76,,0.0,0.56,0.84,0.0,0.0,0.0,0.0,0.0,0.42,0.25,3.79,2.28,0.61,1.0,0.25,0.75,0.21,0.42,0.81,0.77,0.39,0.47,0.04,,,,0.25,0.305,1
795,22375,Amina Roxana CAPEZAN,rou,25,19,44,0.57,5.0,4.227272727272728,0.17,1.0,7.0,0.14,4.0,2.0,,,,,0.75,,0.0,0.5,0.75,,0.0,0.0,,0.0,0.42,0.0,6.0,4.0,0.4,,0.0,1.0,1.0,2.0,1.0,2.0,1.0,1.0,0.08,,,,0.5,0.355,0
796,23192,Yurii IDZINSKYI,ukr,11,11,22,0.5,5.545454545454546,4.045454545454546,,,3.0,0.0,4.0,0.0,,,,,,,,0.6,1.0,,,0.0,,,0.42,2.0,5.0,4.0,0.44,1.0,2.0,0.0,0.0,0.0,0.0,0.0,0.0,1.0,0.64,0.75,,0.0,,,0
797,22709,Alex Gergo SZOKE,hun,39,16,55,0.71,4.454545454545455,2.272727272727273,0.0,,2.0,0.0,1.71,0.0,,,,,0.0,,0.0,0.23,1.0,0.0,,0.0,0.1,0.0,0.42,0.0,2.43,1.71,0.71,,0.0,0.6,0.43,0.86,0.6,0.86,0.43,0.71,0.08,,,,0.5,0.125,0
798,21764,Kyven Ross GADSON,usa,3,3,6,0.5,3.833333333333333,5.333333333333333,,1.0,5.0,0.2,4.0,2.0,1.0,0.25,,,,,,0.33,1.0,,,,0.0,,0.42,0.0,6.0,4.0,0.4,0.0,0.0,0.5,1.0,2.0,0.5,2.0,1.0,2.0,0.69,1.0,,0.62,,,0
799,21566,Jacopo SANDRON,ita,14,16,30,0.47,3.1,3.566666666666667,0.0,4.0,9.0,0.44,1.6,1.0,,,,,0.29,,0.0,0.32,0.73,,0.25,0.0,0.33,0.0,0.42,0.1,2.6,1.6,0.7,1.0,0.1,0.0,0.0,0.0,0.0,0.0,0.0,0.1,0.52,0.77,,0.08,0.0,0.3075,0
800,23239,Istvan TAKACS,hun,54,8,62,0.87,4.919354838709677,2.274193548387097,0.26,3.0,10.0,0.3,2.13,1.0,,,,,0.29,,0.0,0.2,0.3,,,0.0,0.0,0.0,0.42,0.13,3.25,2.13,0.63,1.0,0.13,0.33,0.13,0.25,0.75,0.75,0.38,0.5,0.51,0.0,,0.12,0.5,0.37,0
801,24033,Kaharman KISSYMETOV,kaz,10,10,20,0.5,3.25,3.75,,1.0,2.0,0.5,1.25,1.0,,,,,,,,0.08,0.5,0.0,,0.0,0.0,,0.42,0.0,2.75,1.25,0.71,,0.0,0.0,0.0,0.0,0.0,0.0,0.0,0.25,0.25,0.0,,,,,0
802,25646,Vladislav VALIEV,ain,16,4,20,0.8,4.8,1.4,,2.0,5.0,0.4,3.0,4.0,,,1.0,1.0,,,,1.0,1.0,,,,,,0.42,0.0,5.0,3.0,0.5,,0.0,,0.0,0.0,,0.0,0.0,0.0,0.08,,,,,,0
803,28092,Asli DEMIR,tur,14,19,33,0.42,4.454545454545455,4.666666666666666,,,2.0,0.0,3.0,0.0,,,,,,,,0.5,0.5,,,,1.0,,0.42,0.0,5.0,3.0,0.5,,0.0,,0.0,0.0,,0.0,0.0,0.0,0.08,,,,,,0
804,26488,Ayaulym KASSYMOVA,kaz,10,22,32,0.31,4.1875,6.0625,,,3.0,0.0,3.0,0.0,,,,,,,,0.33,1.0,,,,,,0.42,0.0,5.0,3.0,0.5,,0.0,,0.0,0.0,,0.0,0.0,0.0,0.0,,,,,,0
805,22155,Giorgi TCHOLADZE,geo,7,5,12,0.58,7.5,8.666666666666666,,1.0,4.0,0.25,3.0,2.0,,,,,,,,0.42,0.63,,,0.0,0.0,,0.42,1.0,5.0,3.0,0.5,1.0,1.0,,0.0,0.0,,0.0,0.0,0.0,0.0,,,,,,0
806,23400,Nikolett SZABO,hun,2,12,14,0.14,2.142857142857143,6.857142857142857,0.0,,3.0,0.0,3.0,0.0,,,,,0.81,,0.91,0.57,0.8,,,0.0,,0.88,0.42,0.0,5.0,3.0,0.5,,0.0,,0.0,0.0,,0.0,0.0,0.0,0.69,0.26,0.16,0.0,0.5,0.48,0
807,26989,Seungchul LEE,kor,6,12,18,0.33,4.5,5.777777777777778,,3.0,11.0,0.27,3.5,3.0,1.0,0.33,,,,,,0.42,0.6,,,,1.0,,0.42,1.0,5.5,3.5,0.44,1.0,1.0,0.0,0.0,0.0,0.0,0.0,0.0,0.5,0.0,,,,,,0
808,22184,Turan BAYRAMOV,aze,53,14,67,0.79,5.462686567164179,1.91044776119403,0.02,27.0,181.0,0.15,3.3,1.2,4.0,0.13,,,0.85,,0.0,0.74,0.97,,0.0,0.19,0.56,0.0,0.42,0.43,5.73,3.3,0.44,0.74,0.45,0.36,0.28,0.57,0.43,0.73,0.37,0.85,0.05,,,,0.27,0.335,1
809,23329,Ibrahim CIFTCI,tur,12,11,23,0.52,4.956521739130435,3.391304347826087,0.47,29.0,105.0,0.28,3.14,2.82,20.0,0.26,0.55,6.0,0.81,,0.84,0.56,0.8,,1.0,0.0,0.67,0.88,0.42,0.45,5.68,3.14,0.46,1.0,0.45,0.85,0.5,1.0,0.89,1.55,0.77,0.86,0.64,0.77,0.16,0.09,0.12,0.585,1
810,22301,Exauce MUKUBU,nor,29,19,48,0.6,5.208333333333333,2.895833333333333,0.0,,1.0,0.0,2.0,0.0,,,,,0.88,,0.0,0.67,1.0,,,0.0,,0.0,0.41,1.0,2.0,2.0,0.67,1.0,1.0,,0.0,0.0,,0.0,0.0,0.0,0.08,,,,0.5,0.3425,0
811,20812,Elena Heike BRUGGER,ger,19,22,41,0.46,4.439024390243903,4.0,0.28,5.0,14.0,0.36,3.0,3.33,5.0,0.45,,,0.0,,0.0,0.45,0.63,,,,,0.0,0.41,0.33,5.33,3.0,0.47,1.0,0.33,0.67,0.67,1.33,0.67,1.33,0.67,1.0,0.56,0.68,,0.49,0.0,0.3125,0
812,21762,Jose Daniel DIAZ ROBERTTI,ven,20,17,37,0.54,4.675675675675676,3.45945945945946,,,2.0,0.0,2.0,0.0,,,,,,,,0.14,0.25,,,0.0,,,0.41,1.0,2.0,2.0,0.67,1.0,1.0,,0.0,0.0,,0.0,0.0,0.0,0.26,,,0.0,,,0
813,21885,Oussama LARIBI,alg,11,6,17,0.65,6.0,4.705882352941177,,,,,2.0,0.0,,,,,,,,0.17,0.2,,,,,,0.41,1.0,2.0,2.0,0.67,1.0,1.0,0.0,0.0,0.0,0.0,0.0,0.0,1.0,0.71,0.11,,,,,0
814,22713,Aleksandar Georgije STJEPANETIC,swe,8,11,19,0.42,1.842105263157895,4.684210526315789,,1.0,4.0,0.25,1.21,0.0,,,,,0.0,,0.82,0.21,0.5,0.0,0.0,0.0,0.17,0.0,0.41,0.0,1.64,1.21,0.74,,0.0,0.57,0.29,0.57,0.57,0.57,0.29,0.5,0.48,0.31,,0.0,0.25,,0
815,23320,Zahid VALENCIA,usa,22,3,25,0.88,8.2,2.48,,,14.0,0.0,5.0,0.0,,,,,,,,0.93,1.0,,,,,,0.41,0.0,7.0,5.0,0.26,,0.0,1.0,1.0,2.0,1.0,2.0,1.0,1.0,0.25,,,,,,0
816,23347,Reza Mahdi ABBASI,iri,6,4,10,0.6,5.5,3.2,,,,,2.0,0.0,,,,,0.0,,0.84,0.0,,,0.0,,0.0,0.81,0.41,0.0,2.0,2.0,0.67,,0.0,,0.0,0.0,,0.0,0.0,0.0,0.64,0.0,0.22,,0.5,,0
817,23725,Kevin Yuran DE ARMAS RODRIGUEZS,cub,2,5,7,0.29,2.857142857142857,4.857142857142857,,,,,2.0,0.0,,,,,0.29,,0.94,0.2,0.5,,,0.0,,0.66,0.41,1.0,2.0,2.0,0.67,1.0,1.0,0.0,0.0,0.0,0.0,0.0,0.0,1.0,0.63,0.15,0.62,,0.5,,0
818,26126,Beau Reynald BARTLETT,usa,8,2,10,0.8,7.0,2.0,,,1.0,0.0,2.0,0.0,,,,,,,,0.5,0.67,,,0.0,,,0.41,2.0,2.0,2.0,0.67,1.0,2.0,,0.0,0.0,,0.0,0.0,0.0,0.0,,,,,,0
819,27831,Javier DUMENIGO GONZALEZ,cub,3,1,4,0.75,4.75,3.5,,,,,2.0,0.0,,,,,,,,0.6,,,,,,,0.41,1.0,2.0,2.0,0.67,1.0,1.0,0.0,0.0,0.0,0.0,0.0,0.0,1.0,0.08,,,,,,0
820,28058,Bedirhan TAN,tur,7,5,12,0.58,3.0,2.916666666666667,,,1.0,0.0,2.0,0.0,,,,,,,,0.0,,,,,,,0.41,0.0,2.0,2.0,0.67,,0.0,,0.0,0.0,,0.0,0.0,0.0,0.17,,,,,,0
821,28782,Dimitrios TSEKERIDIS,gre,1,3,4,0.25,1.75,5.0,,,1.0,0.0,2.0,0.0,,,,,,,,0.13,,,,0.0,0.0,,0.41,1.0,2.0,2.0,0.67,1.0,1.0,,0.0,0.0,,0.0,0.0,0.0,0.32,0.15,,,,,0
822,29225,Kadir KAMAL,tur,11,5,16,0.69,5.125,1.75,,1.0,5.0,0.2,2.67,0.67,,,,,,,,0.3,0.67,,,0.0,1.0,,0.41,0.67,3.33,2.67,0.57,1.0,0.67,0.0,0.0,0.0,0.0,0.0,0.0,0.33,0.61,0.5,,0.0,,,0
823,30075,Yevgeniy POLIVADOV,kaz,4,9,13,0.31,2.230769230769231,3.153846153846154,,,,,2.0,0.0,,,,,,,,0.2,,0.0,,,,,0.41,0.0,2.0,2.0,0.67,,0.0,0.0,0.0,0.0,0.0,0.0,0.0,1.0,0.17,,,,,,0
824,30235,Sebastian PETRAC,cro,1,2,3,0.33,4.666666666666666,5.0,,,1.0,0.0,2.0,0.0,,,,,,,,0.2,0.5,,,,0.0,,0.41,0.0,2.0,2.0,0.67,,0.0,,0.0,0.0,,0.0,0.0,0.0,0.0,,,,,,0
825,30977,Tofig ALIYEV,aze,1,3,4,0.25,5.5,6.5,,,,,2.0,0.0,,,,,,,,0.33,0.5,,,,,,0.41,1.0,2.0,2.0,0.67,1.0,1.0,,0.0,0.0,,0.0,0.0,0.0,0.61,0.0,,,,,0
826,32553,Abdelrahman Ehab Mohamed ELSEFY,egy,0,2,2,0.0,1.5,6.5,0.0,,1.0,0.0,2.0,0.0,,,,,0.0,,0.0,0.0,,,0.0,,0.0,0.0,0.41,0.0,2.0,2.0,0.67,,0.0,,0.0,0.0,,0.0,0.0,0.0,0.08,,,,0.5,0.1225,0
827,35504,Simeon Srdzhan STANKOVICH,bul,0,2,2,0.0,3.0,3.5,,,1.0,0.0,2.0,0.0,,,,,,,,0.0,,,,,,,0.41,1.0,2.0,2.0,0.67,1.0,1.0,,0.0,0.0,,0.0,0.0,0.0,0.51,0.0,,,,,0
828,28908,Dogan GOKTAS,tur,7,8,15,0.47,5.266666666666667,2.4,,2.0,2.0,1.0,2.0,3.0,,,,,,,,0.2,1.0,,,,0.0,,0.4,0.5,4.5,2.0,0.57,1.0,0.5,0.5,0.5,1.0,0.5,1.0,0.5,1.0,0.0,,,,,,0
829,22693,Damian VON EUW,sui,13,21,34,0.38,3.823529411764706,4.323529411764706,0.71,1.0,3.0,0.33,1.0,0.33,,,,,0.0,,0.0,0.17,0.5,,0.0,0.17,0.25,0.0,0.4,0.0,1.5,1.0,0.75,,0.0,,0.0,0.0,1.0,0.33,0.17,0.17,0.24,0.26,,,0.25,0.3375,0
830,21563,Helary MAEGISALU,est,11,24,35,0.31,2.2,5.6,0.0,,2.0,0.0,1.13,0.0,,,,,0.0,,0.74,0.26,0.56,0.0,0.0,0.0,0.25,0.81,0.4,0.63,1.38,1.13,0.75,1.0,0.63,,0.0,0.0,1.0,0.25,0.13,0.13,0.47,0.01,0.38,0.0,0.5,0.2175,0
831,22510,Georgi Valentinov VANGELOV,bul,20,18,38,0.53,5.157894736842104,4.026315789473684,0.06,24.0,125.0,0.24,3.36,2.32,17.0,0.22,0.32,6.0,0.3,,0.71,0.51,0.72,0.0,0.25,0.33,0.21,0.87,0.4,0.17,4.7,2.9,0.45,0.83,0.17,0.86,0.6,1.2,0.86,1.2,0.6,0.7,0.67,0.69,0.18,0.35,0.0,0.3575,0
832,23645,Mikyay Salim NAIM,bul,9,15,24,0.38,5.0,5.833333333333333,0.0,6.0,21.0,0.29,2.57,2.0,4.0,0.33,,,0.67,,1.0,0.55,0.73,,0.5,0.0,0.33,0.94,0.39,0.0,5.0,2.57,0.5,,0.0,0.75,0.86,1.71,0.71,1.43,0.71,1.0,0.58,0.75,0.0,0.01,0.5,0.41,0
833,23683,Morena DE VITA,ita,12,12,24,0.5,4.333333333333333,5.875,0.9,3.0,11.0,0.27,3.0,3.0,2.0,0.2,1.0,1.0,0.88,,0.0,0.2,0.29,0.0,,0.0,0.0,0.0,0.39,0.0,6.0,3.0,0.43,,0.0,,0.0,0.0,1.0,1.0,0.5,0.5,0.0,,,,0.0,0.5425,0
834,25619,Alibeg Saigidgusein M ALIBEGOV,brn,9,13,22,0.41,4.818181818181817,6.136363636363637,,2.0,5.0,0.4,2.0,1.33,1.0,0.33,0.5,1.0,0.55,,0.0,0.4,0.73,,0.0,,0.0,0.0,0.39,0.33,3.33,2.0,0.6,1.0,0.33,0.0,0.0,0.0,0.0,0.0,0.0,0.33,0.53,0.87,,0.21,0.0,,0
835,30933,Murad EVLOEV,aze,7,4,11,0.64,6.0,4.454545454545455,,1.0,4.0,0.25,3.0,2.0,,,,,,,,0.2,1.0,,,0.0,,,0.39,1.0,4.0,3.0,0.5,1.0,1.0,,0.0,0.0,1.0,2.0,1.0,1.0,0.72,0.15,,0.41,,,0
836,22501,Vladimir EGOROV,mkd,10,15,25,0.4,3.2,5.2,0.08,16.0,50.0,0.32,2.04,1.33,6.0,0.21,0.5,1.0,0.4,,0.58,0.37,0.67,,0.0,0.0,0.1,0.0,0.39,0.17,3.42,2.04,0.58,1.0,0.17,1.0,0.58,1.17,1.0,1.25,0.63,0.63,0.43,0.53,,0.24,0.17,0.325,0
837,29035,Kalidin ASYKEEV,kgz,8,9,17,0.47,3.588235294117647,3.176470588235294,,,1.0,0.0,1.25,0.0,,,,,,,,0.33,0.25,0.0,,,,,0.39,0.0,1.5,1.25,0.71,,0.0,0.0,0.0,0.0,0.0,0.0,0.0,0.25,0.31,0.0,,,,,0
838,22731,Julie Martine SABATIE,fra,6,11,17,0.35,2.647058823529412,4.176470588235294,0.0,,3.0,0.0,3.0,0.0,,,,,0.83,,0.94,0.6,0.78,,1.0,0.0,1.0,0.94,0.39,1.0,4.0,3.0,0.5,1.0,1.0,,0.0,0.0,,0.0,0.0,0.0,0.63,0.75,0.09,0.0,0.0,0.4625,0
839,22362,Irina RINGACI,mda,66,18,84,0.79,7.559523809523809,2.880952380952381,0.0,1.0,7.0,0.14,2.33,0.67,,,,,,,0.0,1.0,1.0,,,,,0.0,0.39,0.0,4.0,2.33,0.54,,0.0,,0.0,0.0,,0.0,0.0,0.0,0.0,,,,0.0,,0
840,29745,Alan KUDZOEV,rus,3,1,4,0.75,8.75,4.0,,1.0,4.0,0.25,3.0,4.0,,,,,,,,0.75,1.0,,,,,,0.39,1.0,7.0,3.0,0.38,1.0,1.0,0.33,1.0,2.0,0.33,2.0,1.0,3.0,0.55,0.83,,0.0,,,0
841,28802,Ali RAHIMZADE,aze,9,6,15,0.6,3.6,3.666666666666667,,1.0,4.0,0.25,3.0,2.0,1.0,0.33,,,,,,0.67,0.83,,,,,,0.39,2.0,4.0,3.0,0.5,1.0,2.0,,0.0,0.0,,0.0,0.0,0.0,0.0,,,,,,0
842,22400,Yehia Mohamed Salah Mohamed HAFEZ,egy,9,6,15,0.6,5.066666666666666,5.266666666666667,,,2.0,0.0,3.0,0.0,,,,,,,,0.29,0.4,,,,0.0,,0.39,1.0,4.0,3.0,0.5,1.0,1.0,0.0,0.0,0.0,0.0,0.0,0.0,1.0,0.0,,,,,,0
843,26762,Xingru PEI,chn,13,5,18,0.72,4.277777777777778,2.111111111111111,,1.0,4.0,0.25,3.0,2.0,1.0,0.5,,,,,,1.0,1.0,,,,,,0.39,1.0,4.0,3.0,0.5,1.0,1.0,,0.0,0.0,,0.0,0.0,0.0,0.08,,,,,,0
844,22158,Manvel KHNDZRTSYAN,arm,23,12,35,0.66,7.085714285714285,4.285714285714286,0.63,4.0,26.0,0.15,3.2,1.4,3.0,0.23,,,0.6,,0.97,0.19,0.33,,,0.0,0.0,0.96,0.39,0.2,5.6,3.2,0.41,1.0,0.2,0.89,1.6,3.2,0.89,3.2,1.6,1.8,0.55,0.15,0.88,0.39,0.0,0.5425,0
845,21536,Zbigniew Mateusz BARANOWSKI,pol,18,9,27,0.67,5.74074074074074,3.666666666666667,,4.0,16.0,0.25,3.0,1.0,3.0,0.21,,,,,,0.3,0.43,,,0.0,,,0.39,0.5,4.5,3.0,0.48,1.0,0.75,0.5,0.25,0.5,0.5,0.5,0.25,0.5,0.02,,,,,,0
846,22255,Niklas Jan Olov Pontus OEHLEN,swe,24,15,39,0.62,4.41025641025641,3.794871794871794,0.71,3.0,7.0,0.43,1.33,1.0,,,,,0.08,,0.74,0.32,0.64,,,0.0,0.0,0.0,0.39,0.0,2.33,1.33,0.67,,0.0,1.0,0.17,0.33,1.0,0.67,0.33,0.33,0.51,0.68,,0.15,0.25,0.4225,0
847,23651,Dauren KURUGLIEV,gre,12,3,15,0.8,7.466666666666666,1.6,,2.0,9.0,0.22,3.0,2.0,,,0.33,1.0,,,,0.2,0.4,0.0,,0.0,0.33,,0.39,1.5,5.0,3.0,0.46,1.0,2.0,,0.0,0.0,,0.0,0.0,0.0,0.54,0.0,,0.19,,,0
848,23362,Amin Yavar KAVIYANINEJAD,iri,37,9,46,0.8,5.217391304347825,1.695652173913044,,1.0,5.0,0.2,1.6,0.8,,,,,0.95,,0.0,0.33,0.0,,,,,0.66,0.38,0.0,3.0,1.6,0.62,,0.0,1.0,0.4,0.8,1.0,0.8,0.4,0.4,0.26,,0.69,,0.5,,0
849,25678,Heiki NABI,est,10,11,21,0.48,1.380952380952381,2.0,,,,,1.19,0.0,,,,,0.03,,0.0,0.19,0.67,,0.0,0.0,0.43,0.66,0.38,0.06,1.44,1.19,0.7,1.0,0.06,0.27,0.19,0.38,0.27,0.38,0.19,0.69,0.48,0.0,0.14,,0.25,,0
850,22710,Felix BALDAUF,nor,20,17,37,0.54,3.729729729729729,2.621621621621621,0.0,3.0,8.0,0.38,1.75,1.25,,,,,0.46,,0.0,0.19,0.67,0.0,0.5,0.0,0.22,0.0,0.38,0.25,2.88,1.75,0.61,1.0,0.25,0.0,0.0,0.0,0.0,0.0,0.0,0.5,0.46,0.26,,0.0,0.5,0.325,0
851,21592,Morten THORESEN,nor,24,18,42,0.57,3.476190476190476,3.333333333333333,,1.0,4.0,0.25,1.33,0.67,,,,,0.29,,0.74,0.26,0.63,,,0.0,0.2,0.0,0.38,0.17,2.0,1.33,0.67,1.0,0.17,0.5,0.17,0.33,0.5,0.33,0.17,0.33,0.58,0.43,,0.18,0.0,,0
852,28920,Munir Recep AKTAS,tur,5,4,9,0.56,6.111111111111112,3.666666666666667,,3.0,8.0,0.38,2.5,4.0,2.0,0.33,,,,,,0.22,0.29,,,,0.0,,0.38,0.0,5.5,2.5,0.45,,0.0,0.5,0.5,1.0,0.5,1.0,0.5,1.0,0.04,,,,,,0
853,22174,Hamza ALACA,tur,21,11,32,0.66,7.90625,5.0,,11.0,37.0,0.3,3.17,4.0,10.0,0.29,0.5,1.0,,,,0.51,0.65,,,,0.38,,0.38,0.33,6.0,3.17,0.38,1.0,0.33,0.0,0.0,0.0,0.5,0.67,0.33,0.67,0.59,0.75,,0.28,,,0
854,25716,Ayata SUZUKI,jpn,11,5,16,0.69,6.4375,2.75,,1.0,5.0,0.2,2.0,0.8,,,,,,,,0.38,0.6,,,,0.0,,0.38,0.0,3.6,2.0,0.56,,0.0,0.33,0.4,0.8,0.43,1.6,0.6,1.4,0.07,,,,,,0
855,22717,Amin MIRZAZADEH,iri,29,4,33,0.88,3.909090909090909,1.181818181818182,,,,,1.6,0.0,,,,,0.0,,0.0,0.2,,,,,1.0,0.65,0.38,0.2,1.6,1.6,0.67,1.0,0.2,0.0,0.0,0.0,0.0,0.0,0.0,0.8,0.32,,0.24,,0.63,,0
856,23661,Christopher Josef KRAEMER,ger,7,7,14,0.5,4.285714285714286,5.214285714285714,0.11,1.0,5.0,0.2,1.83,0.33,,,,,0.19,,0.73,0.14,0.33,,0.33,0.0,0.29,0.58,0.38,0.83,2.5,1.83,0.61,1.0,0.83,0.5,0.29,0.67,0.5,0.67,0.33,0.67,0.5,0.06,0.36,,0.25,0.295,0
857,20794,Amine GUENNICHI,tun,17,11,28,0.61,4.285714285714286,2.285714285714286,,,1.0,0.0,0.75,0.0,,,,,0.29,,0.0,0.13,1.0,,,0.0,0.0,0.0,0.38,0.0,1.0,0.75,0.75,,0.0,1.0,0.25,0.5,1.0,0.5,0.25,0.25,0.04,,,,0.0,,0
858,27032,Mehrdad Abdmohammad MARDANI,iri,8,3,11,0.73,3.727272727272727,2.818181818181818,,1.0,3.0,0.33,1.67,0.67,,,,,,,,0.33,0.75,,,,0.0,,0.38,0.0,2.33,1.67,0.63,,0.0,0.0,0.0,0.0,0.5,0.67,0.33,0.67,0.51,0.43,,0.0,,,0
859,22666,Rui LIU,chn,13,7,20,0.65,5.05,3.15,0.11,1.0,4.0,0.25,2.0,1.0,,,,,0.0,,0.71,0.0,0.0,,,0.0,,0.77,0.38,0.0,3.5,2.0,0.57,,0.0,1.0,0.5,1.0,1.0,1.0,0.5,0.5,0.5,0.0,0.32,0.44,0.0,0.2475,0
860,22615,Ildar HAFIZOV,usa,10,16,26,0.38,4.115384615384616,4.769230769230769,,,,,0.75,0.0,,,,,0.29,,0.0,0.1,0.5,,0.0,0.0,0.0,0.0,0.38,0.0,1.0,0.75,0.75,,0.0,1.0,0.25,0.5,1.0,0.5,0.25,0.25,0.26,0.11,,,0.0,,0
861,21512,Soner DEMIRTAS,tur,35,18,53,0.66,5.0,2.641509433962264,0.0,7.0,68.0,0.1,3.2,1.07,4.0,0.13,1.0,1.0,0.67,,0.62,0.56,0.82,,0.0,0.0,0.0,0.63,0.38,0.73,4.6,3.2,0.43,1.0,0.73,0.6,0.2,0.4,0.67,0.53,0.27,0.4,0.49,0.91,0.0,0.12,0.17,0.385,1
862,23300,Joseph Christopher MC KENNA,usa,23,10,33,0.7,7.333333333333333,3.484848484848485,0.08,3.0,15.0,0.2,2.4,1.6,1.0,0.17,0.25,2.0,0.55,,0.74,0.25,0.14,,0.75,,0.5,0.76,0.37,0.2,4.6,2.4,0.48,1.0,0.2,1.0,1.17,2.0,1.0,2.0,1.0,1.0,0.47,0.43,0.04,0.0,0.17,0.3675,0
863,21627,Denis Maksymilian KUDLA,ger,14,6,20,0.7,3.85,1.75,,,1.0,0.0,1.33,0.0,,,,,,,,0.67,1.0,,,0.0,,,0.37,0.0,1.67,1.33,0.67,,0.0,,0.0,0.0,,0.0,0.0,0.0,0.56,0.5,,0.0,,,0
864,22494,Zanabazar ZANDANBUD,mgl,12,12,24,0.5,5.625,4.416666666666666,0.0,1.0,9.0,0.11,3.0,0.67,,,,,0.62,,0.54,0.36,0.57,0.0,0.0,,0.0,0.77,0.37,0.0,3.0,3.0,0.5,,0.0,,0.0,0.0,1.0,0.67,0.33,0.33,0.61,0.0,0.0,0.1,1.0,0.4,0
865,23653,Uri KALASHNIKOV,isr,10,18,28,0.36,3.214285714285714,5.321428571428571,,,5.0,0.0,2.5,0.0,,,,,,,,0.6,0.78,0.0,,,0.5,,0.37,0.5,4.0,2.5,0.5,1.0,0.5,1.0,1.5,3.0,1.0,3.0,1.5,1.5,0.45,0.0,,0.0,,,0
866,25538,Milad Jahangir VALIZADEH,iri,2,1,3,0.67,4.666666666666666,5.666666666666666,0.43,3.0,16.0,0.3,3.0,3.0,1.0,1.0,,,0.6,,0.0,0.38,0.86,,0.0,0.0,0.0,0.0,0.37,1.0,4.67,3.0,0.41,1.0,1.0,0.5,0.33,0.67,0.5,0.67,0.33,0.67,0.0,,,,0.0,0.35,0
867,22548,Jordan Ernest BURROUGHS,usa,37,2,39,0.95,7.025641025641026,1.076923076923077,,2.0,6.0,0.33,3.0,4.0,,,0.5,2.0,,,,0.5,0.6,,,,,,0.37,1.0,5.0,3.0,0.43,1.0,1.0,,0.0,0.0,,0.0,0.0,0.0,0.62,0.75,,0.62,,,0
868,22503,Rakhat KALZHAN,kaz,14,12,26,0.54,4.153846153846153,4.846153846153847,0.02,4.0,21.0,0.19,2.83,1.33,2.0,0.11,1.0,1.0,0.19,,0.62,0.44,0.57,,0.0,0.0,0.33,0.0,0.37,0.17,4.67,2.83,0.45,1.0,0.17,0.57,0.67,1.33,0.57,1.33,0.67,1.17,0.52,0.71,,0.15,0.17,0.275,0
869,20509,Razzak BEISHEKEEV,kgz,17,4,21,0.81,5.571428571428571,3.047619047619048,0.44,1.0,3.0,0.33,2.0,4.0,,,,,0.88,,0.84,0.67,1.0,,,,,0.66,0.37,0.0,5.0,2.0,0.5,,0.0,,0.0,0.0,,0.0,0.0,0.0,0.59,0.83,0.85,0.94,0.5,0.57,0
870,23128,Emrah ORMANOGLU,tur,19,10,29,0.66,4.96551724137931,2.655172413793104,0.0,1.0,5.0,0.2,2.0,0.67,,,,,0.65,,0.84,0.46,0.86,0.0,,,0.0,0.81,0.37,0.0,3.67,2.0,0.55,0.0,0.0,1.0,1.0,2.0,1.0,2.0,1.0,1.0,0.61,0.52,0.0,0.1,0.0,0.4075,0
871,21498,Krzysztof BIENKOWSKI,pol,16,20,36,0.44,2.888888888888889,4.638888888888888,,1.0,6.0,0.25,2.0,1.0,,,,,0.29,,0.74,0.36,0.5,,,0.0,,0.0,0.37,0.33,2.0,1.33,0.44,1.0,0.33,1.0,0.33,0.67,1.0,0.67,0.33,0.33,0.2,0.0,,,0.0,,0
872,22117,Sezim ZHUMANAZAROVA,kgz,5,8,13,0.38,6.0,6.846153846153847,,,4.0,0.0,3.0,0.0,,,,,,,,0.22,0.5,0.0,,,0.0,,0.37,0.0,5.0,3.0,0.43,,0.0,1.0,1.0,2.0,1.0,2.0,1.0,1.0,0.0,,,,,,0
873,21617,Daniel Tihomirov ALEKSANDROV,bul,27,8,35,0.77,4.4,2.485714285714286,,,1.0,0.0,1.33,0.0,,,,,,,,0.27,1.0,,,,0.0,,0.37,0.0,1.67,1.33,0.67,,0.0,0.0,0.0,0.0,0.0,0.0,0.0,0.33,0.59,0.06,,,,,0
874,29030,Daler REZA ZADE,tjk,9,10,19,0.47,4.263157894736842,3.157894736842105,,,3.0,0.0,1.67,0.0,,,,,,,,0.18,0.0,0.0,,,0.25,,0.37,0.0,2.0,1.67,0.63,,0.0,1.0,0.33,0.67,,0.0,0.0,0.0,0.08,,,,,,0
875,23594,Adilet ZHAPARKULOV,kgz,4,5,9,0.44,4.444444444444445,4.555555555555556,0.0,,5.0,0.0,3.0,0.0,,,,,0.57,,0.91,0.37,0.86,,0.0,0.0,0.0,0.96,0.37,1.5,3.0,3.0,0.5,1.0,1.5,0.0,0.0,0.0,,0.0,0.0,0.0,0.67,0.05,0.18,0.0,0.25,0.4025,0
876,23377,Erik SZILVASSY,hun,21,15,36,0.58,3.111111111111111,2.25,0.18,1.0,3.0,0.33,1.67,0.33,,,,,0.66,,0.0,0.35,1.0,0.5,,0.0,0.6,0.77,0.36,0.33,1.83,1.67,0.63,1.0,0.33,0.0,0.0,0.0,0.0,0.0,0.0,0.33,0.5,0.15,0.32,0.26,0.5,0.425,0
877,21821,Yasmani ACOSTA FERNANDEZ,chi,27,18,45,0.6,4.022222222222222,1.244444444444444,,,,,0.6,0.0,,,,,,,,0.21,,,,0.0,0.5,,0.36,0.2,0.6,0.6,0.75,1.0,0.2,0.0,0.0,0.0,0.0,0.0,0.0,0.2,0.43,0.0,,,,,0
878,20109,Daviti ABDALADZE,geo,19,11,30,0.63,4.6,3.666666666666667,,1.0,3.0,0.33,1.5,1.0,,,0.5,1.0,,,,0.22,0.4,,,0.0,,,0.36,0.0,2.5,1.5,0.6,,0.0,,0.0,0.0,,0.0,0.0,0.0,0.62,0.11,,0.28,,,0
879,22582,Illia ARCHAIA,ukr,7,12,19,0.37,4.473684210526316,5.263157894736842,,,2.0,0.0,1.5,0.0,,,,,0.4,,0.0,0.22,0.4,0.0,,,0.0,0.0,0.36,0.0,2.5,1.5,0.6,,0.0,,0.0,0.0,,0.0,0.0,0.0,0.04,,,,0.0,,0
880,32315,Igor CHICHIOI,mda,0,5,5,0.0,2.0,9.6,0.0,1.0,5.0,0.33,1.33,1.33,,,,,0.55,,0.84,0.22,0.5,0.0,,0.0,0.0,0.66,0.36,0.0,3.33,1.67,0.56,,0.0,1.0,0.33,0.67,1.0,0.67,0.33,0.33,0.59,0.26,0.0,0.0,0.5,0.375,0
881,21619,Roland SCHWARZ,ger,20,10,30,0.67,4.933333333333333,3.7,0.9,1.0,2.0,0.5,1.0,0.5,,,,,0.75,,0.62,0.33,0.67,,,0.0,0.0,0.66,0.36,0.0,1.75,1.0,0.67,,0.0,0.0,0.0,0.0,0.0,0.0,0.0,0.25,0.45,0.26,0.76,0.3,0.0,0.615,0
882,22767,Kriszta Tunde INCZE,rou,34,28,62,0.55,3.741935483870968,3.338709677419355,,,3.0,0.0,2.0,0.0,,,,,,,,0.71,0.92,,,0.0,0.0,,0.36,0.33,3.0,2.0,0.55,1.0,0.33,,0.0,0.0,,0.0,0.0,0.0,0.06,,,,,,0
883,22157,Ioannis MARTIDIS,gre,6,14,20,0.3,2.95,6.4,,2.0,5.0,1.0,3.0,6.0,,,1.0,2.0,,,,0.2,1.0,,,,,,0.36,0.0,4.5,2.0,0.5,,0.0,1.0,0.5,1.0,1.0,1.0,0.5,0.5,0.57,0.26,,0.23,,,0
884,22569,Ivars SAMUSONOKS,lat,10,13,23,0.43,4.260869565217392,4.478260869565218,0.96,2.0,6.0,0.33,2.0,3.0,,,,,0.18,,0.94,0.27,1.0,0.0,0.0,0.0,0.0,0.0,0.36,0.5,4.5,2.0,0.5,1.0,0.5,,0.0,0.0,,0.0,0.0,0.0,0.57,0.45,,0.0,0.0,0.5175,0
885,22495,Wanhao ZOU,chn,15,19,34,0.44,4.235294117647058,4.558823529411764,0.12,24.0,153.0,0.16,3.0,1.94,16.0,0.14,0.22,2.0,0.91,,0.91,0.68,0.87,0.0,0.33,0.0,0.18,0.93,0.36,1.1,4.74,3.0,0.41,0.97,1.1,1.0,0.23,0.52,1.0,0.52,0.23,0.23,0.64,0.78,0.17,0.06,0.11,0.5075000000000001,1
886,23487,Alimkhan SYZDYKOV,kaz,16,22,38,0.42,4.026315789473684,3.842105263157895,0.0,,1.0,0.0,1.0,0.0,,,,,0.0,,0.0,0.0,,,0.0,0.0,0.0,0.0,0.36,0.5,1.5,1.0,0.67,1.0,0.5,,0.0,0.0,,0.0,0.0,0.0,0.0,,,,0.0,0.09,0
887,21596,Iuri LOMADZE,geo,16,9,25,0.64,6.08,3.12,0.0,,1.0,0.0,1.0,0.0,,,,,0.0,,0.54,0.0,0.0,0.0,0.0,0.0,0.0,0.0,0.36,0.0,1.5,1.0,0.67,,0.0,1.0,0.5,1.0,1.0,1.0,0.5,0.5,0.23,0.0,,,0.25,0.1475,1
888,22448,Sheroz OCHILOV,tjk,6,14,20,0.3,3.3,3.75,0.9,1.0,2.0,0.5,1.0,1.0,,,,,0.18,,0.91,0.13,0.2,0.0,,,0.0,0.81,0.36,0.0,1.5,1.0,0.67,,0.0,,0.0,0.0,,0.0,0.0,0.0,0.54,0.11,0.9,0.44,0.0,0.495,0
889,28857,Mohamed Moustafa Ahmed Abdall METWALLY,egy,13,9,22,0.59,5.772727272727272,3.227272727272728,,1.0,2.0,0.5,1.0,1.0,,,,,,,,0.29,0.5,,,,0.5,,0.36,0.0,1.5,1.0,0.67,,0.0,,0.0,0.0,,0.0,0.0,0.0,0.28,0.43,,,,,0
890,21824,Moises Salvador PEREZ HELLBURG,ven,12,10,22,0.55,3.727272727272727,3.227272727272728,,,1.0,0.0,1.0,0.0,,,,,,,,0.0,0.0,,,,0.0,,0.36,0.0,1.5,1.0,0.67,,0.0,,0.0,0.0,,0.0,0.0,0.0,0.04,,,,,,0
891,21508,Taimuraz SALKAZANOV,svk,26,9,35,0.74,5.542857142857144,2.571428571428572,0.0,3.0,15.0,0.2,3.0,2.0,,,0.67,2.0,0.62,,0.84,0.71,0.82,,,0.0,1.0,0.88,0.36,0.67,4.67,3.0,0.41,1.0,0.67,,0.0,0.0,0.0,0.0,0.0,0.33,0.49,0.43,0.0,0.0,0.5,0.3675,0
892,23328,Radoslaw BARAN,pol,10,13,23,0.43,4.173913043478261,3.826086956521739,0.2,1.0,6.0,0.17,2.5,0.0,,,,,0.12,,0.0,0.15,0.2,,0.0,,0.0,0.0,0.36,0.0,3.0,2.5,0.5,,0.0,,0.0,0.0,,0.0,0.0,0.0,0.51,0.0,,,0.0,0.2975,0
893,29542,Mukhammadkodir YUSUPOV,uzb,11,7,18,0.61,4.166666666666666,3.166666666666667,,,,,1.0,0.0,,,,,,,,0.33,1.0,,,,0.25,,0.36,0.0,1.5,1.0,0.67,,0.0,0.0,0.0,0.0,0.0,0.0,0.0,0.5,0.49,0.0,,,,,0
894,26272,Teodor HORATAU,rou,2,6,8,0.25,2.75,5.25,,,1.0,0.0,1.5,0.0,,,,,,,,0.1,0.0,,,0.0,0.33,,0.35,1.0,2.0,1.5,0.6,1.0,1.5,,0.0,0.0,,0.0,0.0,0.0,0.44,0.0,,0.0,,,0
895,30162,Bakhodur KODIROV,tjk,5,8,13,0.38,3.538461538461538,6.307692307692308,,1.0,2.0,0.5,1.5,1.0,1.0,0.5,,,,,,0.31,0.38,,,,0.25,,0.35,0.5,2.0,1.5,0.6,1.0,0.5,0.0,0.0,0.0,0.0,0.0,0.0,0.5,0.25,0.0,,,,,0
896,31895,Yuriy HOLUB,isr,0,1,1,0.0,4.0,10.0,,1.0,5.0,0.2,3.0,2.0,,,,,,,,0.29,0.4,,,,,,0.35,0.0,4.0,3.0,0.43,,0.0,,0.0,0.0,,0.0,0.0,0.0,0.55,0.0,,0.0,,,0
897,25718,Takahiro TSURUDA,jpn,7,11,18,0.39,2.333333333333333,4.888888888888888,,,1.0,0.0,3.0,0.0,,,,,,,,0.33,0.0,,,,,,0.35,0.0,4.0,3.0,0.43,,0.0,,0.0,0.0,,0.0,0.0,0.0,0.08,,,,,,0
898,23735,Yosvanys PENA FLORESS,cub,23,7,30,0.77,5.4,1.4,0.0,1.0,2.0,0.5,1.5,1.0,,,,,0.0,,0.74,0.25,1.0,,,0.0,,0.0,0.35,0.0,2.0,1.5,0.6,,0.0,0.0,0.29,0.0,0.0,0.0,0.0,0.5,0.32,0.43,,,0.5,0.1675,0
899,30088,Tyler Lee GRAFF,usa,2,2,4,0.5,7.75,5.25,,1.0,3.0,0.33,2.0,2.0,1.0,0.5,,,,,,0.13,0.0,0.0,,,0.25,,0.35,0.0,4.0,2.0,0.5,,0.0,,0.0,0.0,1.0,2.0,1.0,1.0,0.58,0.0,,0.62,,,0
900,23532,Narek GRIGORYAN,arm,11,6,17,0.65,5.352941176470588,3.529411764705882,0.23,1.0,5.0,0.2,3.0,2.0,1.0,0.5,,,0.6,,1.0,0.38,0.57,,0.2,,0.2,0.66,0.35,1.0,4.0,3.0,0.43,1.0,1.0,,0.0,0.0,,0.0,0.0,0.0,0.56,0.53,0.0,0.0,0.0,0.435,0
901,20790,Muhutdin SARICICEK,tur,15,12,27,0.56,5.407407407407408,3.481481481481481,0.0,1.0,3.0,0.33,2.0,2.0,,,,,0.0,,0.0,0.36,0.67,0.0,,0.0,0.0,0.0,0.35,0.0,4.0,2.0,0.5,,0.0,0.0,0.0,0.0,0.0,0.0,0.0,1.0,0.55,0.26,,0.84,0.5,0.225,0
902,21667,Iryna KURACHKINA,blr,27,11,38,0.71,6.815789473684211,2.789473684210527,,,4.0,0.0,3.0,0.0,,,,,,,,0.83,1.0,,,,,,0.35,0.0,4.0,3.0,0.43,,0.0,,0.0,0.0,,0.0,0.0,0.0,0.73,0.68,,0.0,,,0
903,25624,Daniel ANTAL,hun,3,11,14,0.21,3.428571428571429,7.285714285714285,,1.0,2.0,0.5,2.0,2.0,,,,,,,,0.38,0.29,,,,1.0,,0.35,0.0,4.0,2.0,0.5,0.0,0.0,1.0,0.5,2.0,1.0,1.0,0.5,0.5,0.0,,,,,,0
904,22668,Idris Hanpasaevic IBAEV,ger,11,5,16,0.69,6.1875,3.6875,,1.0,3.0,0.33,2.0,2.0,,,,,,,,0.25,0.2,0.0,,0.0,0.0,,0.35,0.5,4.0,2.0,0.5,1.0,0.5,,0.0,0.0,,0.0,0.0,0.0,0.45,0.0,,0.0,,,0
905,24004,Pankaj PANKAJ,ind,3,9,12,0.25,3.0,4.25,,1.0,2.0,0.5,1.5,1.0,,,,,,,,0.33,0.6,,,0.0,0.0,,0.35,0.5,2.0,1.5,0.6,1.0,0.5,,0.0,0.0,,0.0,0.0,0.0,0.47,1.0,,0.79,,,0
906,30529,Richard SCHROEDER,ger,4,5,9,0.44,3.222222222222222,6.888888888888888,,,3.0,0.0,3.0,0.0,,,,,,,,0.59,0.8,,,0.0,0.0,,0.35,1.0,4.0,3.0,0.43,1.0,1.0,0.0,0.0,0.0,0.0,0.0,0.0,1.0,0.65,0.68,,0.0,,,0
907,22432,Sumit SUMIT,ind,32,27,59,0.54,4.067796610169492,4.033898305084746,,,,,1.5,0.0,,,,,0.55,,0.0,0.2,0.4,,,,0.0,0.0,0.35,0.0,2.0,1.5,0.6,,0.0,1.0,0.5,1.0,1.0,1.0,0.5,0.5,0.04,,,,0.5,,0
908,22694,Hannes WAGNER,ger,16,11,27,0.59,3.444444444444444,2.777777777777778,,,2.0,0.0,1.5,0.0,,,,,0.0,,0.74,0.17,0.0,,,0.0,,0.0,0.35,0.0,2.0,1.5,0.6,,0.0,1.0,0.5,1.0,1.0,1.0,0.5,0.5,0.28,0.0,,,0.5,,0
909,23348,Andreas VETSCH,sui,7,15,22,0.32,1.545454545454546,4.954545454545455,0.0,,1.0,0.0,1.0,0.0,,,,,0.0,,0.91,0.0,0.0,,0.0,,0.0,0.0,0.34,0.0,1.0,1.0,0.67,,0.0,,0.0,0.0,,0.0,0.0,0.0,0.55,0.0,,,0.5,0.2225,0
910,21478,Giorgi EDISHERASHVILI,aze,9,4,13,0.69,5.076923076923077,2.230769230769231,,2.0,7.0,0.29,3.0,4.0,1.0,0.25,,,,,,0.0,0.0,,,,,,0.34,0.0,5.0,3.0,0.38,,0.0,,0.0,0.0,,0.0,0.0,0.0,0.0,,,,,,0
911,22523,Kaiki YAMAGUCHI,jpn,12,4,16,0.75,8.0,1.6875,,,1.0,0.0,1.0,0.0,,,,,,,,0.0,,,,0.0,,,0.34,0.5,1.0,1.0,0.67,1.0,0.5,,0.0,0.0,,0.0,0.0,0.0,0.32,0.0,,,,,0
912,23202,Vladyslav KUZKO,ukr,9,11,20,0.45,3.95,4.05,,,1.0,0.0,1.0,0.0,,,,,,,,0.38,,,,,0.67,,0.34,0.0,1.0,1.0,0.67,,0.0,,0.0,0.0,,0.0,0.0,0.0,0.5,0.0,,0.0,,,0
913,20922,Sahak HOVHANNISYAN,arm,26,12,38,0.68,5.421052631578947,2.342105263157895,,,,,1.0,0.0,,,,,,,,0.0,0.0,,,,0.0,,0.34,0.0,1.0,1.0,0.67,,0.0,0.0,0.0,0.0,0.0,0.0,0.0,0.5,0.53,0.0,,,,,0
914,22498,Gulomjon ABDULLAEV,uzb,23,14,37,0.62,6.675675675675676,4.486486486486487,,4.0,27.0,0.15,2.83,1.33,4.0,0.17,,,,,,0.52,0.74,0.0,,0.0,0.33,,0.34,0.33,4.67,2.83,0.4,1.0,0.33,1.0,0.5,1.0,1.0,1.0,0.5,0.5,0.53,0.5,,0.0,,,0
915,23672,Mihail BRADU,mda,13,15,28,0.46,4.392857142857143,4.178571428571429,,,1.0,0.0,1.0,0.0,,,,,,,,0.29,0.67,,,0.0,0.0,,0.34,0.0,1.0,1.0,0.67,,0.0,,0.0,0.0,,0.0,0.0,0.0,0.3,,,,,,0
916,21647,Alin ALEXUC CIURARIU,rou,35,28,63,0.56,2.380952380952381,2.396825396825397,,,2.0,0.0,0.64,0.0,,,,,0.01,,0.58,0.05,1.0,,1.0,0.0,0.09,0.0,0.34,0.09,0.73,0.64,0.7,0.5,0.09,1.0,0.09,0.18,1.0,0.18,0.09,0.09,0.41,0.0,,,0.17,,0
917,21651,Vitalii SHCHUR,rus,11,6,17,0.65,4.294117647058824,1.470588235294118,,,,,1.0,0.0,,,,,0.75,,0.74,0.25,,,1.0,0.0,1.0,0.0,0.34,0.0,1.0,1.0,0.67,,0.0,0.0,0.0,0.0,0.0,0.0,0.0,0.5,0.28,0.68,,,0.5,,0
918,23489,Anton SAVENKO,kaz,9,13,22,0.41,2.909090909090909,3.409090909090909,,,,,1.0,0.0,,,,,,,,0.33,,,,0.0,1.0,,0.34,0.0,1.0,1.0,0.67,,0.0,0.0,0.0,0.0,0.0,0.0,0.0,0.5,0.31,,,,,,0
919,28064,Beytullah KAYISDAG,tur,12,9,21,0.57,4.095238095238095,3.476190476190476,,2.0,6.0,0.33,1.25,2.0,,,,,,,,0.3,0.8,0.0,,0.0,0.5,,0.34,0.0,3.25,1.25,0.56,,0.0,,0.0,0.0,,0.0,0.0,0.0,0.42,0.0,,0.0,,,0
920,28367,Saiyn KAZYRYK,rus,5,2,7,0.71,7.428571428571427,7.571428571428571,,1.0,7.0,0.14,3.0,4.0,,,1.0,1.0,,,,0.77,0.91,,,,,,0.33,0.0,8.0,3.0,0.25,,0.0,0.0,0.0,0.0,0.0,0.0,0.0,3.0,0.0,,,,,,0
921,22321,Sarkhan MAMMADOV,aze,22,18,40,0.55,4.85,4.7,0.12,2.0,6.0,0.33,1.2,1.2,,,,,0.0,,0.52,0.0,0.0,,0.0,,0.0,0.0,0.33,0.2,2.0,1.2,0.6,1.0,0.2,,0.0,0.0,,0.0,0.0,0.0,0.46,0.0,,,0.17,0.2275,0
922,24635,Khrystyna BASYCH,svk,4,5,9,0.44,6.333333333333333,4.222222222222222,0.82,3.0,9.0,0.33,3.0,6.0,3.0,0.5,,,0.0,,0.91,0.0,0.0,,0.0,,0.0,0.98,0.33,0.0,6.0,3.0,0.33,,0.0,,0.0,0.0,,0.0,0.0,0.0,0.63,0.0,0.1,0.35,0.0,0.445,0
923,23578,Rikuto ARAI,jpn,4,3,7,0.57,5.428571428571429,6.0,0.9,3.0,8.0,0.38,3.0,6.0,1.0,0.25,0.33,1.0,0.94,,0.74,0.75,1.0,,,0.0,,0.94,0.33,0.0,6.0,3.0,0.33,,0.0,,0.0,0.0,1.0,2.0,1.0,1.0,0.57,1.0,0.44,0.9,0.0,0.6849999999999999,0
924,27011,Davit KHUTSISHVILI,geo,8,4,12,0.67,5.0,3.5,,1.0,3.0,0.33,1.5,0.5,1.0,0.33,,,,,,0.33,1.0,,,0.0,0.0,,0.33,0.0,1.5,1.5,0.6,,0.0,,0.0,0.0,,0.0,0.0,0.0,0.08,,,,,,0
925,22559,Ashraf ASHIROV,aze,24,16,40,0.6,6.7,3.225,,,6.0,0.0,3.0,0.0,,,,,,,,0.6,1.0,0.0,,0.0,0.0,,0.33,0.0,6.0,3.0,0.33,,0.0,1.0,1.0,4.0,1.0,3.0,1.5,1.5,0.66,0.85,,0.0,,,0
926,28341,Zhora ABOVIAN,ukr,4,9,13,0.31,4.153846153846153,4.076923076923077,,1.0,2.0,0.5,1.33,1.33,,,,,,,,0.2,0.5,0.0,,,0.25,,0.33,0.0,2.67,1.33,0.57,,0.0,0.5,0.33,0.67,0.5,0.67,0.33,0.67,0.63,0.02,,0.0,,,0
927,26256,Saba CHIKHRADZE,geo,5,6,11,0.45,3.545454545454545,5.181818181818182,,2.0,7.0,0.29,2.0,3.0,1.0,0.25,,,,,,0.33,0.67,,,,0.0,,0.33,0.0,5.0,2.0,0.44,,0.0,,0.0,0.0,,0.0,0.0,0.0,0.0,,,,,,0
928,27425,Zhambolat LOKYAEV,rus,10,5,15,0.67,4.666666666666666,2.4,,,1.0,0.0,0.67,0.0,,,,,,,,0.15,0.0,,,0.0,1.0,,0.32,0.33,1.0,0.67,0.67,1.0,0.33,1.0,0.33,0.67,1.0,0.67,0.33,0.33,0.45,0.5,,,,,0
929,20232,Gurban GURBANOV,aze,30,5,35,0.86,6.114285714285714,1.2,,,2.0,0.0,2.0,0.0,,,,,,,,0.33,1.0,,,,0.0,,0.32,0.0,3.0,2.0,0.5,,0.0,1.0,1.0,2.0,1.0,2.0,1.0,1.0,0.66,0.43,,0.0,,,0
930,30635,Harutyun KIRAKOSYAN,arm,2,3,5,0.4,4.4,6.2,,,2.0,0.0,2.0,0.0,,,,,,,,0.13,0.5,,,0.0,,,0.32,0.0,3.0,2.0,0.5,,0.0,1.0,1.0,2.0,1.0,2.0,1.0,1.0,0.08,,,,,,0
931,20746,John Michael DIAKOMIHALIS,usa,19,4,23,0.83,7.391304347826086,2.869565217391304,,4.0,33.0,0.12,3.25,2.0,2.0,0.07,0.25,1.0,,,,0.5,0.7,,,0.0,0.0,,0.32,0.5,5.75,3.25,0.31,1.0,0.75,1.0,1.0,2.0,1.0,2.0,1.0,1.0,0.67,0.76,,0.0,,,0
932,23151,Tobias PORTMANN,sui,7,14,21,0.33,3.523809523809524,6.285714285714286,,7.0,33.0,0.21,1.93,1.14,2.0,0.13,0.15,2.0,,,,0.41,0.67,0.0,,0.0,0.17,,0.32,0.5,3.07,1.93,0.5,1.0,0.5,0.67,0.14,0.29,0.8,0.71,0.29,0.36,0.55,0.78,,0.2,,,1
933,25625,Fati VEJSELI,mkd,11,19,30,0.37,4.566666666666666,6.433333333333333,,3.0,7.0,0.43,3.0,3.0,1.0,0.33,0.5,2.0,,,,0.14,0.0,,,,1.0,,0.32,0.0,2.5,2.0,0.33,,0.0,,0.0,0.0,,0.0,0.0,0.0,0.0,,,,,,0
934,20783,Aik MNATSAKANIAN,bul,42,16,58,0.72,4.258620689655173,1.913793103448276,,,2.0,0.0,1.67,0.0,,,,,0.0,,0.0,0.2,0.0,,,,1.0,0.66,0.32,0.0,2.0,1.67,0.56,,0.0,0.5,0.33,0.67,0.5,0.67,0.33,0.67,0.31,,0.62,,0.5,,0
935,20806,Helen Louise MAROULIS,usa,23,11,34,0.68,5.970588235294118,2.676470588235294,0.23,1.0,8.0,0.13,3.0,1.0,,,0.5,1.0,0.95,,0.0,0.63,0.8,0.0,,1.0,0.0,0.0,0.32,1.0,4.5,3.0,0.38,0.67,1.0,0.0,0.0,0.0,0.0,0.0,0.0,1.0,0.49,0.0,,0.0,0.0,0.4975,0
936,22692,Nursultan TURSYNOV,kaz,17,15,32,0.53,4.3125,3.03125,0.48,7.0,12.0,0.58,1.5,1.71,,,,,0.19,,0.0,0.45,0.29,,0.0,0.0,0.0,0.6,0.32,0.21,3.0,1.5,0.53,1.0,0.21,0.29,0.14,0.29,0.5,0.29,0.14,0.29,0.24,,0.42,,0.5,0.3075,1
937,26228,Nachyn Sergeevitch KUULAR,rus,12,2,14,0.86,8.642857142857144,2.642857142857143,,,2.0,0.0,2.0,0.0,,,,,,,,0.67,0.89,,,0.0,,,0.32,0.0,3.0,2.0,0.5,,0.0,,0.0,0.0,,0.0,0.0,0.0,0.08,,,,,,0
938,22608,Poya Soulat DAD MARZ,iri,34,8,42,0.81,4.976190476190476,1.69047619047619,,,,,2.0,0.0,,,,,,,,0.33,,0.0,,,0.5,,0.32,0.0,3.0,2.0,0.5,,0.0,0.5,1.0,2.0,0.5,2.0,1.0,2.0,0.08,,,,,,0
939,26782,Khorlan ZHAKANSHA,kaz,13,10,23,0.57,6.043478260869565,5.08695652173913,,3.0,11.0,0.27,2.0,2.5,,,,,,,,0.5,0.65,,,0.0,0.5,,0.32,0.5,4.0,2.0,0.47,1.0,0.5,,0.0,0.0,1.0,0.5,0.25,0.25,0.2,0.0,,,,,0
940,21514,Frank CHAMIZO MARQUEZ,ita,50,12,62,0.81,6.032258064516129,2.419354838709677,0.0,1.0,12.0,0.08,2.5,0.0,1.0,0.11,,,0.46,,0.91,0.39,0.57,0.0,1.0,0.0,0.5,0.0,0.32,0.5,3.25,2.5,0.45,1.0,0.5,1.0,0.25,0.5,1.0,0.75,0.5,0.5,0.62,0.68,,0.0,0.0,0.35,0
941,21519,Khetik TSABOLOV,rus,8,2,10,0.8,7.1,2.2,,1.0,2.0,0.5,2.0,2.0,,,,,,,,0.86,1.0,,,,,,0.32,0.0,3.0,2.0,0.5,,0.0,0.0,0.0,0.0,0.0,0.0,0.0,1.0,0.71,0.9,,0.62,,,0
942,26961,Alina MAKSIMAVA,blr,11,6,17,0.65,5.588235294117648,2.529411764705882,,,2.0,0.0,2.0,0.0,,,,,,,,0.33,0.5,,,,,,0.32,0.0,3.0,2.0,0.5,,0.0,,0.0,0.0,,0.0,0.0,0.0,0.08,,,,,,0
943,21553,Murazi MCHEDLIDZE,ukr,17,17,34,0.5,4.0,4.382352941176471,0.18,4.0,12.0,0.33,2.25,2.0,1.0,0.2,0.25,1.0,0.63,,0.82,0.44,0.5,0.0,0.4,,0.38,0.77,0.32,0.25,3.25,2.25,0.47,1.0,0.25,0.0,0.0,0.0,0.0,0.0,0.0,0.25,0.5,0.15,0.32,0.3,0.25,0.4075,0
944,22433,Koto GOMI,jpn,4,3,7,0.57,7.0,3.857142857142857,,,1.0,0.0,2.0,0.0,,,,,,,,0.6,1.0,,,0.0,,,0.32,0.0,3.0,2.0,0.5,,0.0,,0.0,0.0,,0.0,0.0,0.0,0.25,0.68,,,,,0
945,28362,Bekbolot MYRZANAZAR UULU,kgz,14,8,22,0.64,8.227272727272727,4.272727272727272,0.17,2.0,14.0,0.14,3.5,2.0,1.0,0.17,,,0.81,,0.84,0.5,0.78,,,0.0,0.0,1.0,0.32,0.5,6.0,3.5,0.28,0.5,0.5,0.0,0.0,0.0,0.0,0.0,0.0,1.5,0.56,0.83,0.5,0.16,0.0,0.465,0
946,28291,Vladimir EGOROV ,mkd,1,1,2,0.5,1.5,2.0,,1.0,3.0,0.33,2.0,2.0,1.0,1.0,,,,,,0.33,0.33,,,,,,0.32,0.0,3.0,2.0,0.5,,0.0,,0.0,0.0,,0.0,0.0,0.0,0.08,,,,,,0
947,28290,Muslim SADULAEV,rus,11,2,13,0.85,6.153846153846153,2.769230769230769,,2.0,17.0,0.12,2.75,1.5,2.0,0.18,,,,,,0.58,1.0,,,0.0,0.0,,0.32,0.5,4.5,2.75,0.39,1.0,0.5,0.5,0.25,0.5,0.5,0.5,0.25,0.5,0.69,0.69,,0.07,,,0
948,21677,Irina OLOGONOVA,rus,7,10,17,0.41,3.235294117647059,3.058823529411765,,,2.0,0.0,2.0,0.0,,,,,,,,0.75,1.0,,,,,,0.32,0.0,3.0,2.0,0.5,,0.0,,0.0,0.0,,0.0,0.0,0.0,0.59,0.83,,,,,0
949,28052,Temuri TCHKUASELIDZE,geo,12,5,17,0.71,6.941176470588236,3.764705882352941,,,1.0,0.0,2.0,0.0,,,,,,,,0.2,0.0,,,,0.0,,0.32,1.0,3.0,2.0,0.5,1.0,1.0,0.0,0.0,0.0,0.0,0.0,0.0,1.0,0.0,,,,,,0
950,23316,Mitchell Louis FINESILVER,isr,18,16,34,0.53,4.647058823529412,4.0,0.21,1.0,14.0,0.07,3.0,0.67,,,0.33,1.0,0.79,,0.91,0.79,0.88,,0.33,,0.33,0.98,0.31,1.0,4.67,3.0,0.36,1.0,1.0,,0.0,0.0,1.0,1.33,0.67,0.67,0.67,0.9,0.33,0.07,0.0,0.495,0
951,21682,Mimi Nikolova HRISTOVA,bul,18,14,32,0.56,5.65625,4.3125,,1.0,8.0,0.13,2.5,1.0,,,,,,,,0.33,0.4,0.0,,,0.5,,0.31,0.0,4.0,2.5,0.42,,0.0,,0.0,0.0,1.0,1.0,0.5,0.5,0.47,0.0,,0.0,,,0
952,21625,Roberti KOBLIASHVILI,geo,18,11,29,0.62,2.896551724137931,1.482758620689655,0.0,,2.0,0.0,1.0,0.0,,,,,0.48,,0.0,0.35,0.8,,0.5,0.0,0.67,0.0,0.31,0.0,1.4,1.0,0.63,,0.0,0.5,0.2,0.4,0.5,0.4,0.2,0.4,0.22,0.0,,,0.38,0.2525,0
953,30201,Gor OGANNESYAN,ukr,1,6,7,0.14,3.714285714285714,6.428571428571429,,3.0,13.0,0.23,3.0,3.0,2.0,0.67,,,,,,0.44,0.78,,,0.0,0.0,,0.31,0.5,5.5,3.0,0.33,1.0,0.5,0.33,0.5,1.0,0.33,1.0,0.5,1.5,0.0,,,,,,0
954,34992,Minir REDJEPI,mkd,0,1,1,0.0,4.0,8.0,,1.0,5.0,0.2,3.0,2.0,1.0,0.33,,,,,,0.33,0.5,,,,0.0,,0.31,2.0,4.0,3.0,0.38,0.67,2.0,,0.0,0.0,,0.0,0.0,0.0,0.0,,,,,,0
955,20770,Hayden Nicholas ZILLMER,usa,11,11,22,0.5,4.454545454545455,4.0,,3.0,11.0,0.27,2.0,1.5,3.0,0.27,,,0.0,,0.91,0.28,0.45,0.0,0.0,,0.0,0.0,0.31,0.25,3.5,2.0,0.47,1.0,0.25,1.0,0.5,1.0,1.0,1.0,0.5,0.5,0.59,0.3,,0.49,0.0,,0
956,23511,Niklas STECHELE,ger,11,14,25,0.44,4.4,4.84,0.04,2.0,15.0,0.13,2.0,0.67,2.0,0.18,,,0.75,,0.52,0.45,0.8,0.0,0.0,0.5,0.0,0.81,0.31,0.33,3.17,2.0,0.48,1.0,0.33,,0.0,0.0,1.0,0.33,0.17,0.17,0.45,1.0,0.26,0.0,0.17,0.3875,0
957,23305,Alec William PANTALEO,usa,14,1,15,0.93,6.933333333333333,1.6,0.17,3.0,14.0,0.21,3.0,3.0,2.0,0.18,,,0.96,,0.0,0.75,0.94,,,0.0,0.0,0.0,0.31,0.0,5.5,3.0,0.32,,0.0,,0.0,0.0,,0.0,0.0,0.0,0.04,,,,0.5,0.37,0
958,23462,Nursultan BAZARBAYEV,kaz,7,5,12,0.58,6.083333333333333,4.166666666666666,0.0,1.0,4.0,0.25,1.5,2.0,,,,,0.0,,0.0,0.0,,,0.0,0.0,0.0,0.0,0.3,0.0,3.0,1.5,0.5,,0.0,,0.0,0.0,,0.0,0.0,0.0,0.46,0.0,,0.49,0.0,0.19,0
959,28906,John Walter STEFANOWICZ JR,usa,8,7,15,0.53,4.4,3.533333333333333,,1.0,4.0,0.25,2.0,4.0,,,,,,,,0.25,1.0,,,,0.0,,0.3,0.0,5.0,2.0,0.4,,0.0,,0.0,0.0,,0.0,0.0,0.0,0.08,,,,,,0
960,27087,Amirhossein Azim MAGHSOUDI,iri,14,4,18,0.78,8.0,3.166666666666667,,1.0,9.0,0.11,3.0,5.0,,,,,,,,0.67,1.0,,,,0.5,,0.3,0.0,7.0,3.0,0.25,0.0,0.0,,0.0,0.0,,0.0,0.0,0.0,0.17,,,,,,0
961,21480,Uladzislau ANDREYEU,blr,9,6,15,0.6,4.266666666666667,3.066666666666667,,3.0,6.0,0.5,1.5,3.0,2.0,0.4,,,,,,0.5,0.7,,,,0.0,,0.3,0.0,3.0,1.5,0.5,,0.0,,0.0,0.0,,0.0,0.0,0.0,0.54,0.5,,0.28,,,0
962,29223,Ahmet UYAR,tur,17,15,32,0.53,3.96875,3.15625,,,,,0.5,0.0,,,,,,,,0.0,0.0,,,,0.0,,0.3,0.0,0.5,0.5,0.67,,0.0,0.0,0.0,0.0,0.0,0.0,0.0,0.25,0.24,0.0,,,,,0
963,22596,Oleg BOLTIN,kaz,16,18,34,0.47,3.382352941176471,4.147058823529412,,1.0,3.0,0.33,1.5,2.0,,,,,,,,0.08,0.25,,,,0.0,,0.3,0.0,3.0,1.5,0.5,,0.0,,0.0,0.0,,0.0,0.0,0.0,0.04,,,,,,0
964,30043,Tanju GEMICI,tur,1,1,2,0.5,2.5,7.0,,1.0,6.0,0.17,3.0,2.0,,,0.25,1.0,,,,0.33,1.0,0.0,,,0.0,,0.3,0.0,5.0,3.0,0.33,,0.0,0.0,0.0,0.0,0.0,0.0,0.0,1.0,0.66,0.68,,0.41,,,0
965,23364,Antonio KAMENJASEVIC,cro,13,17,30,0.43,3.366666666666667,3.633333333333333,,,2.0,0.0,1.0,0.0,,,,,0.0,,0.54,0.0,0.0,,0.0,0.0,0.0,0.0,0.3,0.0,1.67,1.0,0.6,,0.0,1.0,0.67,1.33,1.0,1.33,0.67,0.67,0.21,0.0,,,0.0,,0
966,22602,Zhiwei DENG,chn,15,11,26,0.58,4.384615384615385,3.730769230769231,,1.0,5.0,0.2,1.4,0.2,,,,,,,,0.25,0.45,,,0.0,,,0.3,0.2,2.0,1.4,0.54,1.0,0.2,,0.0,0.0,,0.0,0.0,0.0,0.02,,,,,,0
967,21675,Alyona KOLESNIK,aze,18,26,44,0.41,3.522727272727273,4.704545454545455,0.2,31.0,97.0,0.32,1.59,2.1,9.0,0.26,,,0.56,,0.69,0.47,0.74,0.0,0.0,0.0,0.0,0.63,0.3,0.02,3.54,1.59,0.47,1.0,0.02,0.6,0.07,0.15,0.93,0.63,0.32,0.34,0.52,0.69,0.28,0.17,0.14,0.395,1
968,23613,Jinseub SONG,kor,3,5,8,0.38,3.875,5.75,,,2.0,0.0,2.0,0.0,,,,,,,,0.13,,,,,0.0,,0.3,1.0,2.0,2.0,0.5,1.0,1.0,0.0,0.0,0.0,0.0,0.0,0.0,1.0,0.35,,,,,,0
969,24021,DENG Zhiwei,chn,6,4,10,0.6,3.8,2.9,0.6,1.0,2.0,0.5,1.0,4.0,,,,,0.6,,0.0,0.38,0.75,,,0.0,,0.0,0.3,0.0,4.0,1.0,0.5,,0.0,,0.0,0.0,,0.0,0.0,0.0,0.0,,,,0.0,0.375,0
970,22626,Razvan ARNAUT,rou,26,24,50,0.52,3.78,3.86,0.01,2.0,25.0,0.08,1.86,0.14,,,,,0.4,,0.73,0.25,0.43,,0.17,0.0,0.23,0.66,0.3,0.29,2.43,1.86,0.5,1.0,0.29,0.57,0.29,0.57,0.57,0.57,0.29,0.5,0.57,0.0,0.02,0.02,0.3,0.32,0
971,28822,Peter NAGY,hun,2,3,5,0.4,3.2,5.0,,1.0,1.0,1.0,1.0,4.0,,,,,,,,0.67,1.0,,,,,,0.3,0.0,4.0,1.0,0.5,,0.0,,0.0,0.0,,0.0,0.0,0.0,0.0,,,,,,0
972,33982,Mikkel LASSEN,den,0,3,3,0.0,1.666666666666667,10.33333333333333,,1.0,2.0,0.5,1.0,4.0,,,,,,,,0.17,0.33,,,,,,0.3,0.0,4.0,1.0,0.5,,0.0,,0.0,0.0,,0.0,0.0,0.0,0.0,,,,,,0
973,23127,Toshiya ABE,jpn,9,3,12,0.75,6.083333333333333,2.916666666666667,,,2.0,0.0,2.0,0.0,,,,,,,,0.0,0.0,0.0,,,0.0,,0.3,0.0,2.0,2.0,0.5,,0.0,,0.0,0.0,,0.0,0.0,0.0,0.64,0.0,,0.0,,,0
974,23228,Abdurrahman KALKAN,tur,8,6,14,0.57,5.214285714285714,2.928571428571429,,1.0,2.0,0.5,1.0,4.0,,,,,,,,0.5,1.0,,,0.0,1.0,,0.3,0.0,4.0,1.0,0.5,,0.0,,0.0,0.0,,0.0,0.0,0.0,0.0,,,,,,0
975,21806,Luis Eduardo AVENDANO ROJAS,ven,22,13,35,0.63,4.428571428571429,2.542857142857143,,,2.0,0.0,2.0,0.0,,,,,,,,0.0,0.0,,,,0.0,,0.3,1.0,2.0,2.0,0.5,1.0,1.0,,0.0,0.0,,0.0,0.0,0.0,0.36,,,,,,0
976,28949,Di HU,chn,1,3,4,0.25,1.25,5.75,,,2.0,0.0,2.0,0.0,,,,,,,,0.67,1.0,,,,,,0.3,0.0,2.0,2.0,0.5,,0.0,,0.0,0.0,,0.0,0.0,0.0,0.17,,,,,,0
977,26879,Ibrat KHABIBULLAEV,uzb,1,2,3,0.33,8.0,6.0,,,2.0,0.0,2.0,0.0,,,,,,,,0.2,1.0,,,,,,0.3,1.0,2.0,2.0,0.5,1.0,1.0,,0.0,0.0,,0.0,0.0,0.0,0.58,0.0,,0.0,,,0
978,36236,Karam Shakir Mhmood MAHMOOD,irq,0,2,2,0.0,2.0,12.5,,1.0,2.0,0.5,1.0,4.0,,,,,,,,0.27,0.38,,,,0.0,,0.3,0.0,4.0,1.0,0.5,,0.0,,0.0,0.0,,0.0,0.0,0.0,0.55,0.15,,0.0,,,0
979,29156,Bogdan KOURINNOI,swe,5,4,9,0.56,4.444444444444445,4.222222222222222,,,,,2.0,0.0,,,,,,,,0.0,,0.0,,,0.0,,0.3,1.0,2.0,2.0,0.5,1.0,1.0,0.0,0.0,0.0,0.0,0.0,0.0,2.0,0.4,,,,,,0
980,21655,Evin DEMIRHAN,tur,19,18,37,0.51,5.189189189189189,4.675675675675676,0.6,1.0,2.0,0.5,1.0,4.0,,,,,0.75,,0.97,0.5,0.67,,0.5,0.0,0.5,0.0,0.3,0.0,4.0,1.0,0.5,,0.0,,0.0,0.0,,0.0,0.0,0.0,0.33,0.52,,,0.0,0.495,0
981,27547,Yunus Emre DEDE,tur,4,6,10,0.4,5.2,5.8,,,2.0,0.0,2.0,0.0,,,,,,,,0.17,0.25,,,0.0,,,0.3,2.0,2.0,2.0,0.5,1.0,2.0,,0.0,0.0,,0.0,0.0,0.0,0.0,,,,,,0
982,23579,Nodirjon SAFAROV,uzb,6,11,17,0.35,4.705882352941177,6.882352941176471,0.0,2.0,12.0,0.17,2.0,1.0,2.0,0.22,,,0.91,,0.84,0.42,0.77,0.0,,0.25,0.0,0.81,0.28,0.25,3.5,2.0,0.44,1.0,0.25,1.0,0.75,1.5,1.0,1.5,0.75,0.75,0.53,0.26,0.0,0.06,0.0,0.43,0
983,27206,Rahman BILICI,tur,10,8,18,0.56,5.388888888888888,3.722222222222222,,3.0,11.0,0.3,1.67,3.33,,,,,,,,0.0,0.0,,,0.0,,,0.28,0.0,5.5,2.5,0.59,,0.0,1.0,0.75,1.5,1.0,2.0,1.0,1.0,0.03,,,,,,0
984,24029,Mahmud BAKHSHILLOEV,uzb,13,9,22,0.59,4.590909090909091,3.409090909090909,,1.0,3.0,0.33,1.4,0.4,,,,,0.12,,0.54,0.06,0.33,,0.0,,0.0,0.77,0.28,0.4,1.8,1.4,0.54,1.0,0.4,0.2,0.2,0.4,0.2,0.4,0.2,1.0,0.52,0.05,0.08,0.0,0.25,,0
985,23529,Szymon WOJTKOWSKI,pol,4,13,17,0.24,3.411764705882353,7.294117647058822,,2.0,9.0,0.22,3.0,4.0,2.0,0.22,,,,,,0.0,,,,,0.0,,0.28,1.0,5.0,3.0,0.3,1.0,1.0,,0.0,0.0,,0.0,0.0,0.0,0.61,0.0,,0.35,,,0
986,27999,Azamat ZAKUEV,rus,9,2,11,0.82,8.909090909090908,1.545454545454546,,2.0,7.0,0.29,2.0,2.0,1.0,0.33,,,,,,0.14,0.33,,,0.0,,,0.28,0.5,3.0,2.0,0.44,1.0,0.5,,0.0,0.0,,0.0,0.0,0.0,0.04,,,,,,0
987,26273,Ardit FAZLJIJA,swe,4,9,13,0.31,4.076923076923077,3.384615384615385,,,4.0,0.0,1.67,0.0,,,,,,,,0.27,0.0,,,0.0,0.5,,0.28,0.0,2.0,1.67,0.5,,0.0,0.5,0.33,0.67,0.5,0.67,0.33,0.67,0.59,0.26,,0.0,,,0
988,21448,Amarveer DHESI,can,22,11,33,0.67,6.060606060606061,2.96969696969697,,2.0,10.0,0.2,2.0,1.0,1.0,0.13,,,,,,0.23,0.67,0.0,,,0.0,,0.28,0.33,3.33,2.0,0.43,1.0,0.33,1.0,0.33,0.67,1.0,0.67,0.33,0.33,0.0,,,,,,0
989,27238,Mansur SHADUKAYEV,kaz,2,12,14,0.14,2.214285714285714,5.142857142857143,,,2.0,0.0,0.75,0.0,,,,,,,,0.28,0.2,0.0,,0.0,0.67,,0.28,0.0,1.25,0.75,0.6,,0.0,1.0,0.25,0.5,1.0,0.5,0.25,0.25,0.22,0.68,,,,,0
990,31418,Laurie Aurelie Celine LESAFFRE,fra,0,5,5,0.0,1.4,8.8,0.0,,3.0,0.0,2.0,0.0,,,,,0.05,,0.99,0.11,1.0,,0.0,0.0,0.0,0.88,0.28,0.0,4.0,2.0,0.4,,0.0,,0.0,0.0,,0.0,0.0,0.0,0.63,0.05,0.0,0.0,0.0,0.24,0
991,27022,Shamil Alievitch MUSAEV,rus,7,4,11,0.64,5.727272727272728,2.909090909090909,,,6.0,0.0,3.0,0.0,,,,,,,,0.4,0.67,0.0,,0.0,0.0,,0.28,2.0,4.0,3.0,0.33,1.0,2.0,,0.0,0.0,,0.0,0.0,0.0,0.61,0.43,,0.0,,,0
992,21556,Robert BARAN,pol,25,21,46,0.54,3.760869565217391,3.434782608695652,0.0,2.0,9.0,0.22,1.29,0.57,1.0,0.17,,,0.4,,0.0,0.3,0.54,,,0.0,0.0,0.0,0.28,0.0,1.86,1.29,0.53,,0.0,0.0,0.0,0.0,0.0,0.0,0.0,0.14,0.43,0.68,,,0.0,0.2775,0
993,23204,Kaito INABA,jpn,2,3,5,0.4,3.0,4.2,0.37,2.0,7.0,0.29,2.0,3.0,,,,,0.9,,0.0,0.69,1.0,,0.0,1.0,0.0,0.0,0.28,0.0,4.0,2.0,0.4,,0.0,0.0,0.0,0.0,0.0,0.0,0.0,0.5,0.08,,,,0.5,0.4075000000000001,0
994,27070,Revazi NADAREISHVILI,geo,7,6,13,0.54,3.076923076923077,2.153846153846154,,,,,1.5,0.0,,,,,,,,0.17,,,,,0.33,,0.28,0.0,2.0,1.5,0.5,,0.0,0.0,0.0,0.0,0.25,1.0,0.5,2.0,0.59,0.11,,,,,0
995,21628,Artur SHAHINYAN,arm,15,13,28,0.54,4.428571428571429,2.571428571428572,,1.0,6.0,0.17,1.5,0.5,,,,,,,,0.14,0.0,,,0.0,0.5,,0.28,0.25,2.0,1.5,0.5,1.0,0.25,0.0,0.0,0.0,0.0,0.0,0.0,0.25,0.47,0.0,,0.3,,,0
996,22515,Nikolai OKHLOPKOV,rou,17,17,34,0.5,4.382352941176471,4.823529411764706,,,3.0,0.0,1.5,0.0,,,,,,,,0.29,0.67,0.0,,,0.0,,0.28,0.5,2.0,1.5,0.5,1.0,0.5,,0.0,0.0,,0.0,0.0,0.0,0.59,0.53,,0.0,,,0
997,24550,Dario DITTRICH,ger,1,6,7,0.14,3.285714285714286,10.42857142857143,,,3.0,0.0,2.0,0.0,,,,,,,,0.45,0.67,0.0,,,0.33,,0.28,0.0,4.0,2.0,0.4,,0.0,1.0,1.0,2.0,1.0,2.0,1.0,1.0,0.62,0.43,,0.0,,,0
998,27495,Rustam TEIISHOV,kgz,6,6,12,0.5,4.083333333333333,5.0,,,1.0,0.0,1.5,0.0,,,,,,,,0.2,0.5,0.0,,,0.25,,0.28,0.0,2.0,1.5,0.5,,0.0,0.5,0.5,1.0,0.5,1.0,0.5,1.0,0.08,,,,,,0
999,29441,Seyitcan BEYTEKIN,tur,4,4,8,0.5,4.75,3.125,,1.0,3.0,0.33,1.0,2.0,,,,,,,,0.25,0.5,,,0.0,0.2,,0.28,0.0,3.0,1.0,0.5,,0.0,,0.0,0.0,,0.0,0.0,0.0,0.58,0.03,,0.37,,,0
1000,21532,Artur NAIFONOV,rus,27,4,31,0.87,6.193548387096774,1.870967741935484,,,12.0,0.0,2.67,0.0,,,,,,,,1.0,1.0,,,,,,0.28,0.0,3.0,2.67,0.38,,0.0,,0.0,0.0,,0.0,0.0,0.0,0.19,,,,,,0
1001,23280,Astrid Paola MONTERO CHIRINOS,ven,9,5,14,0.64,4.857142857142857,3.5,,1.0,4.0,0.25,2.0,2.0,1.0,0.33,,,,,,0.5,0.5,,,,,,0.28,0.0,4.0,2.0,0.4,,0.0,1.0,1.0,2.0,,0.0,0.0,0.0,0.0,,,,,,0
1002,28902,Virgil MUNTEANU,rou,4,4,8,0.5,3.0,3.5,,1.0,4.0,0.25,1.5,1.0,,,,,,,,0.0,0.0,,,0.0,0.0,,0.28,0.0,2.0,1.5,0.5,,0.0,,0.0,0.0,,0.0,0.0,0.0,0.62,0.0,,0.23,,,0
1003,20242,Alexandrin GUTU,mda,64,17,81,0.79,5.91358024691358,2.567901234567901,0.0,1.0,9.0,0.11,1.5,0.33,,,,,0.46,,0.6,0.34,0.8,0.0,0.17,0.0,0.21,0.65,0.28,0.33,2.0,1.5,0.5,1.0,0.33,1.0,0.17,0.33,1.0,0.33,0.17,0.17,0.46,0.0,0.06,0.0,0.38,0.3,1
1004,23201,Irakli DZIMISTARISHVILI,geo,12,16,28,0.43,3.892857142857143,5.392857142857143,,1.0,11.0,0.09,1.71,0.57,,,,,,,,0.27,0.56,0.0,,0.0,0.38,,0.27,0.0,3.0,1.71,0.44,,0.0,0.71,0.63,1.43,0.71,1.43,0.71,1.0,0.56,0.0,,0.0,,,0
1005,21639,Laokratis KESIDIS,gre,8,14,22,0.36,3.363636363636364,5.454545454545455,,1.0,3.0,0.33,0.5,0.67,,,,,0.0,,0.0,0.08,0.14,,0.0,0.0,0.2,0.0,0.27,0.0,1.0,0.5,0.6,,0.0,,0.0,0.0,,0.0,0.0,0.0,0.42,0.0,,0.7,0.0,,0
1006,29152,Johannes LUDESCHER,aut,4,21,25,0.16,1.36,5.36,,1.0,8.0,0.13,1.5,1.0,,,,,,,,0.41,0.64,0.0,,,0.0,,0.27,0.25,2.75,1.5,0.46,1.0,0.25,,0.0,0.0,1.0,0.5,0.25,0.25,0.42,0.0,,0.0,,,0
1007,21247,Manish MANISH,ind,9,17,26,0.35,3.769230769230769,6.423076923076923,0.0,,3.0,0.0,1.33,0.0,,,,,0.0,,0.62,0.1,0.0,0.0,,0.0,,0.66,0.27,0.33,2.0,1.33,0.5,1.0,0.67,0.5,0.33,0.67,0.5,0.67,0.33,0.67,0.44,0.0,0.0,0.0,0.0,0.1775,0
1008,23124,Bekzat ALMAZ UULU,kgz,19,7,26,0.73,7.038461538461538,3.307692307692308,0.05,2.0,20.0,0.1,2.67,1.33,1.0,0.06,,,0.77,,0.7,0.53,0.73,,,0.0,,0.79,0.27,0.0,4.67,2.67,0.31,,0.0,1.0,0.67,1.33,1.0,2.0,1.0,1.0,0.56,1.0,0.13,0.15,0.34,0.4125,0
1009,20133,Sabir JAFAROV,aze,14,6,20,0.7,6.4,2.7,,1.0,7.0,0.14,3.0,2.0,,,0.5,1.0,,,,0.44,0.4,0.0,,,0.5,,0.27,1.0,5.0,3.0,0.27,1.0,1.0,,0.0,0.0,,0.0,0.0,0.0,0.66,0.43,,0.35,,,0
1010,21611,Alex Michel BJURBERG KESSIDIS,swe,19,12,31,0.61,4.645161290322581,3.451612903225806,,1.0,5.0,0.2,1.5,2.0,,,,,,,,0.25,0.0,0.0,,,0.0,,0.27,0.0,3.5,1.5,0.43,,0.0,1.0,0.5,1.0,1.0,1.0,0.5,0.5,0.51,0.0,,0.0,,,0
1011,22575,Ahmed Sultanovich BATAEV,bul,9,10,19,0.47,4.263157894736842,3.421052631578948,0.33,3.0,10.0,0.3,1.75,1.5,,,,,0.91,,0.0,0.55,0.94,,,0.0,,0.0,0.27,0.25,2.5,1.75,0.44,1.0,0.25,,0.0,0.0,,0.0,0.0,0.0,0.54,0.43,,0.08,1.0,0.5125000000000001,0
1012,27832,Andrej GINC,ger,10,9,19,0.53,4.473684210526316,4.473684210526316,,2.0,3.0,0.67,1.33,2.67,,,,,,,,0.22,0.25,,,,0.0,,0.27,0.33,3.33,1.33,0.44,1.0,0.33,0.0,0.0,0.0,0.0,0.0,0.0,0.33,0.45,0.0,,0.75,,,0
1013,23368,Riccardo Vito ABBRESCIA,ita,9,13,22,0.41,3.590909090909091,4.272727272727272,,1.0,4.0,0.25,2.0,2.0,,,,,,,,0.17,,,,0.0,0.0,,0.26,0.0,3.0,2.0,0.4,,0.0,,0.0,0.0,,0.0,0.0,0.0,0.6,0.26,,0.62,,,0
1014,20415,Umidjon JALOLOV,uzb,34,10,44,0.77,6.590909090909091,1.863636363636364,0.13,6.0,21.0,0.29,1.5,1.63,4.0,0.27,0.2,1.0,0.4,,0.6,0.29,0.75,,1.0,0.0,0.5,0.76,0.26,0.0,2.75,1.5,0.44,,0.0,1.0,0.13,0.25,1.0,0.25,0.13,0.13,0.42,0.26,0.0,0.0,0.0,0.3025,0
1015,21846,Kayla Colleen Kiyoko MIRACLE,usa,40,17,57,0.7,6.157894736842104,2.894736842105263,0.0,,2.0,0.0,2.0,0.0,,,,,0.75,,0.0,0.5,1.0,,,,,0.0,0.26,0.0,3.0,2.0,0.4,,0.0,1.0,1.0,2.0,1.0,2.0,1.0,1.0,0.08,,,,0.5,0.2725,0
1016,28993,Giorgi KURTANIDZE,geo,1,4,5,0.2,4.0,5.8,,,3.0,0.0,2.0,0.0,,,,,,,,0.5,1.0,,,,0.67,,0.26,0.0,3.0,2.0,0.4,,0.0,,0.0,0.0,,0.0,0.0,0.0,0.58,0.68,,0.0,,,0
1017,23674,Nicu Samuel OJOG,rou,15,14,29,0.52,4.931034482758621,3.827586206896552,0.39,2.0,6.0,0.33,1.0,1.5,,,,,0.05,,0.0,0.21,0.6,0.0,0.0,0.0,0.0,0.0,0.26,0.0,2.25,1.0,0.5,,0.0,,0.0,0.0,1.0,0.5,0.25,0.25,0.02,,,,0.0,0.18,0
1018,26886,Robert Kelly HOWARD,usa,3,3,6,0.5,6.5,5.166666666666666,,,3.0,0.0,2.0,0.0,,,,,,,,0.44,0.75,,,,1.0,,0.26,1.0,3.0,2.0,0.4,1.0,1.0,1.0,1.0,2.0,1.0,2.0,1.0,1.0,0.61,0.53,,0.0,,,0
1019,27115,Amir Nader YARI,iri,6,2,8,0.75,5.375,3.25,,1.0,4.0,0.25,2.0,2.0,1.0,0.25,,,,,,0.89,1.0,,,,,,0.26,0.0,3.0,2.0,0.4,,0.0,,0.0,0.0,,0.0,0.0,0.0,0.69,0.91,,0.62,,,0
1020,20809,Elvira KAMALOGLU,tur,26,26,52,0.5,4.634615384615385,5.0,0.0,,7.0,0.0,3.0,0.0,,,,,0.55,,0.0,0.33,0.67,0.0,,,0.0,0.0,0.26,0.0,4.0,3.0,0.3,,0.0,1.0,1.0,2.0,1.0,2.0,1.0,1.0,0.0,,,,0.0,0.2025,0
1021,28013,Paris KAREPI,alb,5,14,19,0.26,2.105263157894737,4.526315789473684,,4.0,35.0,0.11,1.53,0.47,2.0,0.14,0.11,2.0,,,,0.5,0.85,,,0.0,0.67,,0.26,0.29,2.29,1.53,0.46,1.0,0.29,,0.0,0.0,1.0,0.12,0.06,0.06,0.62,0.71,,0.02,,,1
1022,23147,Giorgi ELBAKIDZE,geo,24,14,38,0.63,5.684210526315789,5.184210526315789,0.23,2.0,8.0,0.25,2.0,2.0,2.0,0.33,,,0.65,,0.0,0.5,0.83,,,0.0,,0.0,0.26,1.0,3.0,2.0,0.4,1.0,1.0,,0.0,0.0,,0.0,0.0,0.0,0.45,0.83,,0.79,0.0,0.3975,0
1023,21653,Vladyslav VORONYI,ukr,2,2,4,0.5,3.0,4.25,,1.0,3.0,0.33,2.0,2.0,,,,,,,,0.0,0.0,,,,0.0,,0.26,0.0,3.0,2.0,0.4,,0.0,0.0,0.0,0.0,0.0,0.0,0.0,1.0,0.08,,,,,,0
1024,20281,Dominik Tomasz KRAWCZYK,pol,6,7,13,0.46,3.692307692307692,5.538461538461538,,1.0,2.0,0.5,1.0,2.0,,,,,,,,0.0,0.0,,,,0.0,,0.25,0.0,2.0,1.0,0.5,,0.0,,0.0,0.0,,0.0,0.0,0.0,0.28,0.0,,,,,0
1025,20598,Reena REENA,ind,19,7,26,0.73,7.423076923076923,2.576923076923077,0.0,,1.0,0.0,1.0,0.0,,,,,0.94,,0.0,0.75,0.75,,,,,0.0,0.25,0.0,2.0,1.0,0.5,,0.0,,0.0,0.0,,0.0,0.0,0.0,0.0,,,,0.0,0.2975,0
1026,30185,Zagir SHAKHIEV,rus,12,1,13,0.92,9.307692307692307,3.230769230769231,,1.0,3.0,0.33,1.0,1.0,1.0,0.33,,,,,,0.2,,,,0.0,,,0.25,0.0,2.0,1.0,0.5,,0.0,1.0,0.5,1.0,1.0,1.0,0.5,0.5,0.0,,,,,,0
1027,24774,Kateryna ZHYDACHEVSKA,rou,10,19,29,0.34,4.068965517241379,4.448275862068965,,,1.0,0.0,1.0,0.0,,,,,,,,0.2,0.5,,,,0.0,,0.25,0.0,2.0,1.0,0.5,,0.0,,0.0,0.0,,0.0,0.0,0.0,0.43,0.0,,0.0,,,0
1028,30103,Gustavo Jesus RODRIGUEZ MARTINEZ,ven,1,3,4,0.25,4.5,6.0,,,1.0,0.0,1.0,0.0,,,,,,,,0.0,,,,0.0,,,0.25,0.0,2.0,1.0,0.5,,0.0,,0.0,0.0,,0.0,0.0,0.0,0.0,,,,,,0
1029,25689,Alma Jane VALENCIA ESCOTO,mex,9,8,17,0.53,5.529411764705881,4.235294117647058,0.0,,1.0,0.0,1.0,0.0,,,,,0.4,,0.0,0.25,0.25,,,,,0.0,0.25,0.0,2.0,1.0,0.5,,0.0,,0.0,0.0,,0.0,0.0,0.0,0.0,,,,0.0,0.1625,0
1030,23288,Tindra Linnea SJOEBERG,swe,9,12,21,0.43,4.238095238095238,5.476190476190476,,1.0,2.0,0.5,1.0,2.0,,,,,,,,0.0,0.0,0.0,,,0.0,,0.25,0.0,2.0,1.0,0.5,,0.0,,0.0,0.0,,0.0,0.0,0.0,0.0,,,,,,0
1031,23174,Nurtilek KARYPBAEV,kgz,7,14,21,0.33,2.238095238095238,5.0,,1.0,2.0,0.5,1.0,2.0,1.0,0.5,,,,,,0.17,0.33,,,0.0,,,0.25,0.0,2.0,1.0,0.5,,0.0,,0.0,0.0,,0.0,0.0,0.0,0.55,0.0,,0.62,,,0
1032,28005,Zuriko URTASHVILI,geo,10,5,15,0.67,7.866666666666665,3.8,,1.0,1.0,1.0,1.0,2.0,1.0,1.0,,,,,,0.0,0.0,,,0.0,0.0,,0.25,0.0,2.0,1.0,0.5,,0.0,,0.0,0.0,,0.0,0.0,0.0,0.0,,,,,,0
1033,29772,Satoki MUKAI,jpn,7,7,14,0.5,2.857142857142857,3.214285714285714,,,1.0,0.0,1.0,0.0,,,,,,,,0.0,,0.0,,,0.0,,0.25,0.0,2.0,1.0,0.5,,0.0,,0.0,0.0,1.0,2.0,1.0,1.0,0.0,,,,,,0
1034,31926,Istvan KOZAK,hun,0,3,3,0.0,2.333333333333333,6.333333333333333,,,1.0,0.0,1.0,0.0,,,,,,,,0.43,0.0,,,,0.33,,0.25,0.0,2.0,1.0,0.5,,0.0,,0.0,0.0,,0.0,0.0,0.0,0.58,0.68,,0.0,,,0
1035,21488,Recep TOPAL,tur,15,9,24,0.63,6.666666666666666,5.583333333333333,,,1.0,0.0,1.0,0.0,,,,,,,,0.67,0.86,0.0,,,0.0,,0.25,0.0,2.0,1.0,0.5,,0.0,,0.0,0.0,,0.0,0.0,0.0,0.58,0.68,,0.0,,,0
1036,22234,Yurii LUPAN,ukr,3,3,6,0.5,5.333333333333333,5.5,,,1.0,0.0,1.0,0.0,,,,,,,,0.0,,,,,0.0,,0.25,0.0,2.0,1.0,0.5,,0.0,,0.0,0.0,,0.0,0.0,0.0,0.48,0.0,,,,,0
1037,29142,Husein SHAKHBANAU,blr,1,2,3,0.33,1.333333333333333,3.666666666666667,,1.0,2.0,0.5,1.0,2.0,1.0,0.5,,,,,,0.2,0.25,,,0.0,,,0.25,0.0,2.0,1.0,0.5,,0.0,,0.0,0.0,,0.0,0.0,0.0,0.0,,,,,,0
1038,35940,Bing Hong LIN,tpe,0,3,3,0.0,0.6666666666666666,10.0,,,1.0,0.0,1.0,0.0,,,,,,,,0.0,0.0,,,,,,0.25,0.0,2.0,1.0,0.5,,0.0,,0.0,0.0,,0.0,0.0,0.0,0.0,,,,,,0
1039,27914,Takeshi YAMAGUCHI,jpn,4,5,9,0.44,3.333333333333333,4.777777777777778,,,1.0,0.0,1.0,0.0,,,,,,,,0.33,0.67,,,0.0,0.0,,0.25,0.0,2.0,1.0,0.5,,0.0,1.0,1.0,2.0,1.0,2.0,1.0,1.0,0.52,0.68,,0.0,,,0
1040,35041,Denis BOLUNOV,est,0,4,4,0.0,1.25,8.75,,,,,1.0,0.0,,,,,,,,0.14,,,,,0.0,,0.25,0.0,2.0,1.0,0.5,,0.0,0.0,0.0,0.0,0.0,0.0,0.0,1.0,0.0,,,,,,0
1041,34422,Anastassiya GRANCHAK,kaz,0,2,2,0.0,1.0,6.5,,,1.0,0.0,1.0,0.0,,,,,,,,0.0,,,,,,,0.25,0.0,2.0,1.0,0.5,,0.0,,0.0,0.0,,0.0,0.0,0.0,0.0,,,,,,0
1042,34566,Zhanat KYILYBAEV,kgz,0,3,3,0.0,2.666666666666667,9.33333333333333,,,1.0,0.0,1.0,0.0,,,,,,,,0.29,0.67,,,0.0,0.0,,0.25,0.0,2.0,1.0,0.5,,0.0,,0.0,0.0,1.0,2.0,1.0,1.0,0.55,0.11,,0.0,,,0
1043,22463,Luka KATIC,srb,3,9,12,0.25,2.916666666666667,7.25,0.0,,1.0,0.0,1.0,0.0,,,,,0.0,,0.0,0.0,0.0,,0.0,0.0,0.0,0.66,0.25,0.0,2.0,1.0,0.5,,0.0,1.0,1.0,2.0,1.0,2.0,1.0,1.0,0.23,,0.0,0.0,0.0,0.12,0
1044,22598,Oleksandr KHOTSIANIVSKYI,ukr,14,12,26,0.54,3.923076923076923,2.538461538461538,,2.0,5.0,0.4,1.0,1.0,1.0,0.33,,,,,,0.19,0.6,,,,0.0,,0.24,0.0,1.75,1.0,0.5,,0.0,,0.0,0.0,1.0,0.5,0.25,0.25,0.02,,,,,,0
1045,21678,Grace Jacob BULLEN,nor,53,19,72,0.74,7.194444444444445,3.777777777777778,,1.0,1.0,1.0,0.5,2.5,,,1.0,1.0,,,,0.0,0.0,,,,,,0.24,0.0,2.5,0.5,0.5,,0.0,,0.0,0.0,,0.0,0.0,0.0,0.0,,,,,,0
1046,24005,Abdulmazhid KUDIEV,tjk,11,6,17,0.65,7.352941176470589,3.294117647058824,0.04,1.0,10.0,0.1,2.0,0.67,1.0,0.11,,,0.89,,0.94,0.67,0.78,,0.67,0.0,0.67,0.94,0.24,0.67,3.0,2.0,0.38,1.0,0.67,,0.0,0.0,1.0,0.67,0.33,0.33,0.59,0.89,0.01,0.0,0.0,0.4399999999999999,0
1047,27036,Avgustin Boyanov SPASOV,bul,3,12,15,0.2,4.266666666666667,7.8,,,4.0,0.0,1.4,0.0,,,,,,,,0.27,0.67,0.0,,0.0,0.4,,0.24,0.4,1.6,1.4,0.47,1.0,0.4,0.0,0.0,0.0,0.0,0.0,0.0,0.6,0.56,0.7,,0.0,,,0
1048,30528,Rasul Chakhbanovitch ASLUEV,rus,4,0,4,1.0,4.75,1.5,,,6.0,0.0,3.0,0.0,,,,,,,,0.88,1.0,,,0.0,,,0.24,1.0,3.0,3.0,0.3,1.0,1.0,,0.0,0.0,,0.0,0.0,0.0,0.74,0.91,,0.0,,,0
1049,22007,Suldkhuu OLONBAYAR,mgl,8,11,19,0.42,4.315789473684211,6.0,0.0,,2.0,0.0,1.0,0.0,,,,,0.12,,0.96,0.07,0.2,,0.0,0.0,0.0,0.81,0.24,0.0,1.5,1.0,0.5,,0.0,,0.0,0.0,1.0,1.0,0.5,0.5,0.63,0.03,0.22,0.0,0.5,0.2475,0
1050,26809,Adam VARGA,hun,7,8,15,0.47,2.133333333333333,3.2,,,1.0,0.0,1.0,0.0,,,,,,,,0.0,,,,0.0,0.0,,0.24,0.0,1.5,1.0,0.5,,0.0,0.5,0.5,1.0,0.5,1.0,0.5,1.0,0.44,0.0,,,,,0
1051,21995,Ravinder RAVINDER,ind,15,10,25,0.6,5.44,4.6,,,8.0,0.0,1.33,0.0,,,,,,,,0.52,0.7,,,0.0,0.17,,0.24,0.25,2.25,1.5,0.43,1.0,0.25,,0.0,0.0,1.0,1.0,0.5,0.5,0.57,0.83,,0.0,,,0
1052,22721,Konsta Johannes MAEENPAEAE,fin,6,13,19,0.32,1.368421052631579,4.789473684210527,,1.0,2.0,0.5,1.0,1.0,,,,,,,,0.25,0.67,,,0.0,,,0.24,0.0,1.5,1.0,0.5,,0.0,0.0,0.0,0.0,0.0,0.0,0.0,0.5,0.28,0.43,,,,,0
1053,25654,Leo Alexandre Sylvain TUDEZCA,fra,2,8,10,0.2,2.8,5.6,0.0,1.0,9.0,0.11,1.2,0.4,,,,,0.18,,0.58,0.25,0.4,0.0,0.4,0.0,0.41,0.63,0.24,0.1,2.2,1.2,0.46,1.0,0.1,0.45,0.5,1.0,0.45,1.0,0.5,1.1,0.45,0.17,0.13,0.15,0.25,0.2175,0
1054,24236,Dilfuza AIMBETOVA,uzb,4,18,22,0.18,1.136363636363636,7.181818181818182,,,2.0,0.0,1.0,0.0,,,,,0.4,,0.0,0.15,0.67,0.0,,0.0,0.0,0.0,0.24,0.0,1.5,1.0,0.5,,0.0,,0.0,0.0,,0.0,0.0,0.0,0.04,,,,0.5,,0
1055,30944,Markus Tapani SIHTOLA,fin,2,3,5,0.4,1.2,3.8,,,2.0,0.0,1.0,0.0,,,,,,,,0.27,0.67,,,0.0,0.0,,0.24,0.0,1.5,1.0,0.5,,0.0,,0.0,0.0,,0.0,0.0,0.0,0.44,1.0,,,,,0
1056,30229,Turpal Ali ISAEV,rus,1,1,2,0.5,5.5,1.5,,,1.0,0.0,2.0,0.0,,,,,,,,0.33,0.0,,,,,,0.23,0.0,2.0,2.0,0.4,,0.0,0.0,0.0,0.0,0.0,0.0,0.0,2.0,0.66,0.68,,0.0,,,0
1057,34375,Emanuel CEKREZI,alb,0,2,2,0.0,3.0,9.0,,2.0,3.0,0.67,2.0,6.0,1.0,0.5,,,,,,0.5,0.57,,,,,,0.23,0.0,6.0,2.0,0.25,,0.0,,0.0,0.0,,0.0,0.0,0.0,0.66,0.68,,0.96,,,0
1058,20767,Mamed IBRAGIMOV,kaz,10,13,23,0.43,3.0,5.304347826086957,,1.0,5.0,0.2,1.5,1.0,,,,,,,,0.29,0.55,,,,0.0,,0.23,0.0,2.0,1.5,0.43,,0.0,,0.0,0.0,,0.0,0.0,0.0,0.25,0.0,,,,,0
1059,30976,Aizhan ISMAGULOVA,kaz,3,5,8,0.38,4.375,5.375,,1.0,5.0,0.2,2.0,2.0,1.0,0.25,,,,,,0.0,,,,,0.0,,0.23,0.0,4.0,2.0,0.33,,0.0,,0.0,0.0,,0.0,0.0,0.0,0.0,,,,,,0
1060,23453,Vladislav BAITCAEV,hun,9,5,14,0.64,5.571428571428571,3.142857142857143,,3.0,9.0,0.33,2.0,4.0,3.0,0.6,,,0.0,,0.0,0.33,0.56,,0.0,,0.0,0.0,0.23,0.0,4.5,2.0,0.31,,0.0,0.0,0.0,0.0,0.0,0.0,0.0,1.5,0.0,,,,0.0,,0
1061,30102,Luz Clara VAZQUEZ,arg,4,7,11,0.36,2.545454545454545,4.454545454545455,,,2.0,0.0,2.0,0.0,,,,,,,,0.5,0.5,,,,,,0.23,1.0,2.0,2.0,0.4,1.0,1.0,,0.0,0.0,,0.0,0.0,0.0,0.08,,,,,,0
1062,22684,Chengwu WANG,chn,2,5,7,0.29,3.0,7.142857142857143,0.0,,3.0,0.0,1.5,0.0,,,,,0.29,,0.0,0.3,0.5,0.0,0.0,0.0,0.0,0.0,0.23,0.5,2.0,1.5,0.43,1.0,0.5,0.0,0.0,0.0,0.5,1.0,0.5,1.0,0.04,,,,0.0,0.14,0
1063,28196,Adam BATIROV,brn,7,5,12,0.58,5.416666666666666,2.25,,,3.0,0.0,2.0,0.0,,,,,,,,0.83,1.0,,,,,,0.23,0.0,2.0,2.0,0.4,,0.0,,0.0,0.0,,0.0,0.0,0.0,0.17,,,,,,0
1064,22546,Vasile DIACON,mda,34,20,54,0.63,6.037037037037037,4.370370370370369,0.0,4.0,21.0,0.19,2.0,2.4,1.0,0.07,,,0.93,,0.0,0.56,0.89,0.0,,0.0,0.0,0.0,0.23,0.0,4.0,2.0,0.33,,0.0,0.0,0.33,0.0,0.5,0.4,0.2,0.4,0.6,0.55,,0.26,0.5,0.4400000000000001,0
1065,22146,Giorgi GEGELASHVILI,geo,16,9,25,0.64,8.08,4.84,,,3.0,0.0,2.0,0.0,,,,,,,,0.0,,,,0.0,,,0.23,0.0,2.0,2.0,0.4,,0.0,,0.0,0.0,,0.0,0.0,0.0,0.67,0.0,,0.0,,,0
1066,21511,Haydar YAVUZ,tur,6,11,17,0.35,4.11764705882353,4.11764705882353,,,3.0,0.0,2.0,0.0,,,,,,,,0.4,1.0,,,0.0,,,0.23,0.0,2.0,2.0,0.4,,0.0,,0.0,0.0,,0.0,0.0,0.0,0.17,,,,,,0
1067,20789,Kumar SUNIL,ind,30,32,62,0.48,4.016129032258065,4.370967741935484,,1.0,1.0,1.0,1.0,0.29,,,,,0.0,,0.0,0.18,0.22,,,0.0,0.0,0.0,0.23,0.14,1.29,1.0,0.5,1.0,0.14,0.0,0.0,0.0,0.0,0.0,0.0,0.14,0.04,,,,0.5,,0
1068,28958,Davit CHAKVETADZE,rus,4,5,9,0.44,4.444444444444445,2.222222222222222,,,1.0,0.0,1.0,0.0,,,,,,,,0.0,,,,,,,0.22,0.0,1.0,1.0,0.5,,0.0,,0.0,0.0,,0.0,0.0,0.0,0.28,0.0,,,,,0
1069,35556,Ty Ryan Jack WALZ,usa,0,2,2,0.0,2.0,9.0,,,1.0,0.0,1.0,0.0,,,,,,,,0.46,0.75,,,0.0,0.0,,0.22,1.0,1.0,1.0,0.5,1.0,1.0,,0.0,0.0,,0.0,0.0,0.0,0.0,,,,,,0
1070,25675,Zachary Kyle BRAUNAGEL,usa,6,2,8,0.75,9.125,2.625,0.0,,1.0,0.0,1.0,0.0,,,,,0.0,,0.84,0.0,,,0.0,,0.0,0.66,0.22,0.0,1.0,1.0,0.5,,0.0,,0.0,0.0,,0.0,0.0,0.0,0.59,0.0,0.0,0.0,0.5,0.2025,0
1071,32620,Domantas PAULIUSCENKO,ltu,0,3,3,0.0,1.0,8.0,,,1.0,0.0,1.0,0.0,,,,,,,,0.0,0.0,,,,,,0.22,1.0,1.0,1.0,0.5,1.0,1.0,,0.0,0.0,,0.0,0.0,0.0,0.0,,,,,,1
1072,22256,Mert ILBARS,tur,24,12,36,0.67,5.833333333333333,3.555555555555556,,,1.0,0.0,1.0,0.0,,,,,,,,0.0,,,,,0.0,,0.22,0.0,1.0,1.0,0.5,,0.0,,0.0,0.0,,0.0,0.0,0.0,0.43,0.0,,,,,0
1073,22263,Numan BAYRAM,ger,2,4,6,0.33,3.5,4.166666666666666,,,,,1.0,0.0,,,,,,,,0.67,,,,,1.0,,0.22,0.0,1.0,1.0,0.5,,0.0,0.0,0.0,0.0,0.0,0.0,0.0,1.0,0.36,0.83,,,,,0
1074,22683,Yuya OKAJIMA,jpn,2,4,6,0.33,2.833333333333333,5.5,,,,,1.0,0.0,,,,,,,,0.2,0.0,,,0.0,,,0.22,0.0,1.0,1.0,0.5,,0.0,,0.0,0.0,,0.0,0.0,0.0,0.51,0.0,,,,,0
1075,29439,Artem KOLESNIK,rus,2,1,3,0.67,3.333333333333333,1.0,,,1.0,0.0,1.0,0.0,,,,,,,,0.33,,,,,1.0,,0.22,0.0,1.0,1.0,0.5,,0.0,,0.0,0.0,,0.0,0.0,0.0,0.64,0.43,,0.0,,,0
1076,29953,Satywart KADIAN,ind,12,10,22,0.55,4.454545454545455,4.136363636363637,,,1.0,0.0,1.0,0.0,,,,,,,,0.5,0.8,,,,0.0,,0.22,0.0,1.0,1.0,0.5,,0.0,,0.0,0.0,,0.0,0.0,0.0,0.63,0.75,,0.0,,,0
1077,26303,Nokhcho LABAZANOV,rus,4,7,11,0.36,2.545454545454545,2.818181818181818,,,,,1.0,0.0,,,,,,,,0.0,,,,,0.0,,0.22,0.0,1.0,1.0,0.5,,0.0,,0.0,0.0,,0.0,0.0,0.0,0.33,0.0,,,,,0
1078,29287,Khamid ISAEV,rus,3,1,4,0.75,5.75,1.25,,,1.0,0.0,1.0,0.0,,,,,,,,0.0,,,,0.0,0.0,,0.22,1.0,1.0,1.0,0.5,1.0,1.0,,0.0,0.0,,0.0,0.0,0.0,0.0,,,,,,0
1079,22680,Gela BOLKVADZE,geo,26,12,38,0.68,4.315789473684211,1.973684210526316,,,,,1.0,0.0,,,,,,,,0.33,1.0,,,,,,0.22,0.0,1.0,1.0,0.5,,0.0,,0.0,0.0,,0.0,0.0,0.0,0.33,0.68,,,,,0
1080,26294,Martynas NEMSEVICIUS,ltu,5,12,17,0.29,3.235294117647059,5.588235294117648,,,1.0,0.0,1.0,0.0,,,,,,,,0.14,0.0,,,0.0,1.0,,0.22,0.0,1.0,1.0,0.5,,0.0,,0.0,0.0,,0.0,0.0,0.0,0.0,,,,,,0
1081,36316,Yeonghun NOH,kor,0,2,2,0.0,2.5,6.0,,,1.0,0.0,1.0,0.0,,,,,,,,0.0,,,,,0.0,,0.22,0.0,1.0,1.0,0.5,,0.0,,0.0,0.0,,0.0,0.0,0.0,0.56,0.0,,0.0,,,0
1082,21495,Vladimer KHINCHEGASHVILI,geo,13,6,19,0.68,4.684210526315789,3.578947368421053,,,8.0,0.0,3.0,0.0,,,,,,,,0.56,1.0,,,0.0,0.5,,0.22,1.0,4.0,3.0,0.25,1.0,1.0,0.0,0.0,0.0,0.0,0.0,0.0,1.0,0.7,0.83,,0.0,,,0
1083,28432,Yilana YILANA,chn,2,3,5,0.4,3.4,5.2,,,,,1.0,0.0,,,,,,,,0.0,0.0,,,,0.0,,0.22,0.0,1.0,1.0,0.5,,0.0,0.0,0.0,0.0,0.0,0.0,0.0,1.0,0.08,,,,,,0
1084,27138,IBRAGIMOV Khalmurat,kgz,4,2,6,0.67,6.5,3.333333333333333,,,,,1.0,0.0,,,,,,,,0.0,0.0,,,,,,0.22,1.0,1.0,1.0,0.5,1.0,1.0,0.0,0.0,0.0,0.0,0.0,0.0,1.0,0.51,0.0,,,,,0
1085,28276,Fabio PARISI,ita,4,8,12,0.33,4.166666666666666,4.333333333333333,,,1.0,0.0,1.0,0.0,,,,,,,,0.0,,,,,0.0,,0.22,0.0,1.0,1.0,0.5,,0.0,,0.0,0.0,,0.0,0.0,0.0,0.08,,,,,,0
1086,30778,Witalis LAZOVSKI,ger,1,9,10,0.1,2.3,3.8,,,1.0,0.0,1.0,0.0,,,,,,,,0.0,0.0,,,,0.0,,0.22,0.0,1.0,1.0,0.5,,0.0,,0.0,0.0,,0.0,0.0,0.0,0.08,,,,,,0
1087,23299,Evan Richard HENDERSON,usa,5,4,9,0.56,7.222222222222222,10.66666666666667,0.0,,1.0,0.0,1.0,0.0,,,,,0.18,,0.0,0.17,0.25,,0.0,,0.0,0.0,0.22,1.0,1.0,1.0,0.5,1.0,1.0,,0.0,0.0,,0.0,0.0,0.0,0.0,,,,0.0,0.1,0
1088,20272,Richard KARELSON,est,26,17,43,0.6,3.581395348837209,2.651162790697674,,,,,1.0,0.0,,,,,,,,0.0,,,,,0.0,,0.22,0.0,1.0,1.0,0.5,,0.0,,0.0,0.0,,0.0,0.0,0.0,0.33,0.0,,,,,0
1089,22561,Boris MAKOEV,svk,41,27,68,0.6,4.735294117647058,3.897058823529412,,5.0,21.0,0.24,1.5,1.25,5.0,0.36,,,0.4,,0.84,0.37,0.59,0.0,,0.0,0.18,0.0,0.22,0.13,2.5,1.5,0.4,1.0,0.13,0.0,0.0,0.0,0.33,0.25,0.13,0.38,0.46,0.43,,0.45,0.5,,0
1090,32204,Abere FETENE,isr,0,13,13,0.0,1.538461538461538,7.0,,,1.0,0.0,1.0,0.0,,,,,,,,0.25,,0.0,,,0.5,,0.22,0.0,1.0,1.0,0.5,,0.0,,0.0,0.0,,0.0,0.0,0.0,0.36,,,0.0,,,0
1091,20792,Adem BOUDJEMLINE,alg,25,9,34,0.74,6.0,1.617647058823529,0.0,,1.0,0.0,1.0,0.0,,,,,0.0,,0.0,0.0,,,0.0,,0.0,0.0,0.22,0.0,1.0,1.0,0.5,,0.0,,0.0,0.0,,0.0,0.0,0.0,0.08,,,,0.5,0.075,0
1092,27727,Mourtada NAANAA,alg,6,5,11,0.55,3.272727272727273,3.818181818181817,,,1.0,0.0,1.0,0.0,,,,,,,,0.2,0.33,,,,0.0,,0.22,0.0,1.0,1.0,0.5,,0.0,,0.0,0.0,,0.0,0.0,0.0,0.55,0.0,,0.0,,,0
1093,27621,Khaled Omr Zaki Mohamed ABDALLA,egy,8,2,10,0.8,6.2,1.5,,,1.0,0.0,1.0,0.0,,,,,,,,0.17,0.33,,,,0.0,,0.22,0.0,1.0,1.0,0.5,,0.0,,0.0,0.0,,0.0,0.0,0.0,0.08,,,,,,0
1094,32332,Fabio DIETSCHE,sui,0,11,11,0.0,1.090909090909091,7.727272727272727,0.0,,1.0,0.0,1.0,0.0,,,,,0.0,,0.62,0.0,0.0,,,0.0,,0.0,0.22,0.0,1.0,1.0,0.5,,0.0,,0.0,0.0,,0.0,0.0,0.0,0.28,0.0,,,0.5,0.125,0
1095,27932,Maxat YEREZHEPOV,kaz,6,14,20,0.3,2.45,3.35,,,1.0,0.0,1.0,0.0,,,,,,,,0.33,0.5,,,,,,0.22,0.0,1.0,1.0,0.5,,0.0,,0.0,0.0,,0.0,0.0,0.0,0.08,,,,,,0
1096,20120,Mykyta ZUBAL,ukr,11,6,17,0.65,7.647058823529411,3.823529411764706,,,2.0,0.0,1.0,0.0,,,,,,,,0.58,0.7,,,,,,0.22,1.0,1.0,1.0,0.5,1.0,1.0,,0.0,0.0,,0.0,0.0,0.0,0.46,1.0,,0.0,,,0
1097,28046,Zahari Rosenov ZASHEV,bul,7,10,17,0.41,3.470588235294118,4.294117647058824,,,1.0,0.0,1.0,0.0,,,,,,,,0.0,0.0,,,,,,0.22,0.0,1.0,1.0,0.5,,0.0,,0.0,0.0,,0.0,0.0,0.0,0.08,,,,,,0
1098,30130,Aleksandar STJEPANETIC,swe,3,1,4,0.75,6.0,5.25,,,1.0,0.0,1.0,0.0,,,,,,,,0.0,,,,,0.0,,0.22,0.0,1.0,1.0,0.5,,0.0,,0.0,0.0,,0.0,0.0,0.0,0.63,0.0,,0.0,,,0
1099,23472,Daniyar KALENOV,kaz,8,8,16,0.5,2.875,2.5,,,,,1.0,0.0,,,,,0.0,,0.0,0.0,0.0,,,,,0.0,0.22,0.0,1.0,1.0,0.5,,0.0,0.0,0.0,0.0,0.0,0.0,0.0,1.0,0.08,,,,0.5,,0
1100,30150,Ivo Serafimov ANGELOV,bul,1,2,3,0.33,4.0,3.666666666666667,,,1.0,0.0,1.0,0.0,,,,,,,,0.0,,,,0.0,0.0,,0.22,0.0,1.0,1.0,0.5,,0.0,,0.0,0.0,,0.0,0.0,0.0,0.56,0.0,,0.0,,,0
1101,32656,Yurisandy HERNANDEZ RIOS,cub,0,4,4,0.0,0.75,4.0,,,,,1.0,0.0,,,,,,,,0.4,0.5,,,,,,0.22,0.0,1.0,1.0,0.5,,0.0,0.0,0.0,0.0,0.0,0.0,0.0,1.0,0.36,0.0,,,,,0
1102,27126,Kazuki YABE,jpn,6,3,9,0.67,4.333333333333333,3.222222222222222,,,1.0,0.0,1.0,0.0,,,,,,,,0.0,0.0,,,0.0,,,0.22,0.0,1.0,1.0,0.5,,0.0,,0.0,0.0,,0.0,0.0,0.0,0.61,0.0,,0.0,,,0
1103,20781,Kenedy Anderson MORAES PEDROSA,bra,9,8,17,0.53,3.411764705882353,4.647058823529412,,,1.0,0.0,1.0,0.0,,,,,,,,0.0,0.0,,,,,,0.22,0.0,1.0,1.0,0.5,,0.0,,0.0,0.0,,0.0,0.0,0.0,0.08,,,,,,0
1104,23454,Benjamin Konrad HONIS,ita,3,8,11,0.27,4.272727272727272,6.454545454545455,0.29,2.0,7.0,0.29,1.5,2.0,2.0,0.4,,,0.55,,0.54,0.33,0.25,,1.0,,1.0,0.88,0.22,0.0,3.0,1.5,0.38,,0.0,,0.0,0.0,,0.0,0.0,0.0,0.48,0.0,0.16,0.19,0.0,0.385,0
1105,21577,Ivan LIZATOVIC,cro,16,13,29,0.55,2.655172413793104,3.413793103448276,,,1.0,0.0,1.0,0.0,,,,,,,,0.25,0.5,,,,,,0.22,0.5,1.0,1.0,0.5,1.0,0.5,,0.0,0.0,,0.0,0.0,0.0,0.44,0.0,,0.0,,,0
1106,25570,Elias KUOSMANEN,fin,7,6,13,0.54,2.230769230769231,2.307692307692308,,,,,1.0,0.0,,,,,0.0,,0.0,0.0,,,,,,0.81,0.22,0.0,1.0,1.0,0.5,,0.0,0.0,0.0,0.0,0.0,0.0,0.0,1.0,0.36,,0.22,,0.5,,0
1107,23484,Yiming LI,chn,9,10,19,0.47,3.263157894736842,3.526315789473684,0.0,,2.0,0.0,1.0,0.0,,,,,0.46,,0.0,0.29,0.5,,0.0,,0.0,0.0,0.22,0.0,1.0,1.0,0.5,,0.0,,0.0,0.0,,0.0,0.0,0.0,0.08,,,,0.5,0.19,0
1108,26279,Ensar KARABACAK,tur,6,4,10,0.6,5.5,5.5,,,,,1.0,0.0,,,,,,,,0.0,0.0,,,,,,0.22,0.0,1.0,1.0,0.5,,0.0,0.0,0.0,0.0,0.0,0.0,0.0,1.0,0.56,0.0,,,,,0
1109,26284,Anatolie POPOV,mda,2,6,8,0.25,1.875,5.625,,,,,1.0,0.0,,,,,,,,0.0,0.0,,,,0.0,,0.22,0.0,1.0,1.0,0.5,,0.0,,0.0,0.0,,0.0,0.0,0.0,0.08,,,,,,0
1110,26285,Rajbek Alvievich BISULTANOV,den,14,7,21,0.67,3.714285714285714,2.904761904761905,,,1.0,0.0,1.0,0.0,,,,,,,,0.5,0.67,,,0.0,,,0.22,0.0,1.0,1.0,0.5,,0.0,,0.0,0.0,,0.0,0.0,0.0,0.62,0.26,,0.0,,,0
1111,23522,Shamil USTAEV,ger,4,5,9,0.44,3.666666666666667,4.666666666666666,,,1.0,0.0,1.0,0.0,,,,,,,,0.5,0.67,,,,,,0.22,0.0,1.0,1.0,0.5,,0.0,,0.0,0.0,,0.0,0.0,0.0,0.56,1.0,,0.0,,,0
1112,27225,Siarhei STARADUB,blr,12,4,16,0.75,3.8125,1.4375,,,,,1.0,0.0,,,,,,,,0.0,,,,,,,0.22,0.0,1.0,1.0,0.5,,0.0,0.0,0.0,0.0,0.0,0.0,0.0,1.0,0.08,,,,,,0
1113,25662,Vinayak Siddheshwar PATIL,uww,2,3,5,0.4,4.2,5.8,0.0,,1.0,0.0,1.0,0.0,,,,,0.75,,0.84,0.5,0.0,,1.0,,1.0,0.0,0.22,1.0,1.0,1.0,0.5,1.0,1.0,,0.0,0.0,,0.0,0.0,0.0,0.28,0.83,,,0.0,0.3125,0
1114,27223,Radzik KULIYEU,blr,12,6,18,0.67,3.111111111111111,2.611111111111111,,,1.0,0.0,1.0,0.0,,,,,,,,0.0,,,,,0.0,,0.22,1.0,1.0,1.0,0.5,1.0,1.0,,0.0,0.0,,0.0,0.0,0.0,0.48,0.0,,0.0,,,0
1115,20528,Alireza Azizkhoon MOHMADIPIANI,iri,20,3,23,0.87,6.521739130434783,1.608695652173913,0.0,,1.0,0.0,1.0,0.0,,,,,0.55,,0.62,0.33,1.0,,,,,0.0,0.22,0.0,1.0,1.0,0.5,,0.0,,0.0,0.0,,0.0,0.0,0.0,0.28,0.0,,,0.5,0.2625,0
1116,23350,Haavard JOERGENSEN,nor,17,21,38,0.45,3.289473684210527,3.921052631578947,0.0,1.0,5.0,0.25,1.0,0.0,,,,,0.29,,0.0,0.14,0.0,,0.0,,0.0,0.0,0.19,0.0,1.8,1.6,0.67,,0.0,0.0,0.0,0.0,0.0,0.0,0.0,0.2,0.44,0.0,,0.0,0.5,0.23,0
1117,20264,Lachin VALIYEV,aze,31,14,45,0.69,4.111111111111112,3.222222222222222,,,1.0,0.0,0.67,0.0,,,,,,,,0.17,0.33,,,0.13,0.25,,0.19,0.0,1.33,0.67,0.5,,0.0,,0.0,0.0,,0.0,0.0,0.0,0.18,0.0,,,,,0
1118,26465,Batzul ULZIISAIKHAN,mgl,12,17,29,0.41,4.172413793103448,5.862068965517242,,2.0,16.0,0.13,2.0,1.0,2.0,0.22,,,,,,0.55,0.75,,,,0.0,,0.19,0.75,2.75,2.0,0.35,1.0,0.75,0.0,0.0,0.0,0.0,0.0,0.0,0.25,0.63,0.83,,0.2,,,0
1119,23321,Hayato ISHIGURO,jpn,13,6,19,0.68,6.578947368421053,4.947368421052632,0.66,3.0,8.0,0.38,1.33,2.0,2.0,0.33,,,0.03,,0.9,0.24,0.23,0.0,0.0,0.0,0.57,0.66,0.19,0.0,2.33,1.33,0.4,,0.0,0.0,0.0,0.0,0.0,0.0,0.0,0.33,0.54,0.17,0.76,0.62,0.0,0.355,0
1120,30776,Ramazan SARI,tur,1,1,2,0.5,7.0,3.0,,1.0,9.0,0.11,3.0,2.0,,,,,,,,0.6,0.8,,,0.0,,,0.19,2.0,4.0,3.0,0.23,1.0,2.0,0.0,0.0,0.0,0.0,0.0,0.0,1.0,0.65,0.76,,0.0,,,0
1121,20816,Emma Patricia BRUNTIL,usa,15,9,24,0.63,4.333333333333333,3.5,,1.0,5.0,0.2,2.0,2.0,1.0,0.5,,,,,,0.8,0.8,,,,,,0.19,0.0,3.0,2.0,0.33,,0.0,,0.0,0.0,,0.0,0.0,0.0,0.08,,,,,,0
1122,30719,Abduiazid MANTSIGOV,rwf,3,1,4,0.75,4.75,1.0,,,3.0,0.0,2.0,0.0,,,,,,,,1.0,1.0,,,,,,0.19,0.0,3.0,2.0,0.33,,0.0,0.0,0.0,0.0,0.0,0.0,0.0,1.0,0.08,,,,,,0
1123,26218,Viktor Viktorowitsch LYZEN,ger,1,5,6,0.17,0.8333333333333333,6.5,,1.0,5.0,0.2,2.0,2.0,,,,,,,,0.0,0.0,,,,,,0.19,1.0,3.0,2.0,0.33,1.0,1.0,,0.0,0.0,,0.0,0.0,0.0,0.53,0.0,,0.36,,,0
1124,20169,Lilian BALAN,mda,9,10,19,0.47,4.315789473684211,4.526315789473684,,,3.0,0.0,2.0,0.0,,,,,,,,0.5,0.6,,,,1.0,,0.19,0.0,3.0,2.0,0.33,,0.0,,0.0,0.0,,0.0,0.0,0.0,0.65,0.43,,0.0,,,0
1125,22500,Muhammet KARAVUS,tur,12,7,19,0.63,7.736842105263158,4.842105263157896,,4.0,24.0,0.17,1.8,2.0,1.0,0.07,,,,,,0.36,0.67,0.0,,,0.5,,0.19,0.0,4.0,1.8,0.31,,0.0,,0.0,0.0,1.0,0.4,0.2,0.2,0.47,0.03,,0.12,,,0
1126,23407,Dalma CANEVA,ita,20,16,36,0.56,3.111111111111111,4.277777777777778,,1.0,5.0,0.2,2.0,2.0,1.0,0.33,,,,,,0.75,1.0,,,0.0,,,0.19,0.0,3.0,2.0,0.33,,0.0,,0.0,0.0,,0.0,0.0,0.0,0.08,,,,,,0
1127,23590,Mustafo AKHMEDOV,tjk,12,12,24,0.5,4.833333333333333,3.5,,1.0,5.0,0.2,2.0,2.0,1.0,0.33,,,,,,0.5,0.67,,,,0.0,,0.19,1.0,3.0,2.0,0.33,1.0,1.0,,0.0,0.0,,0.0,0.0,0.0,0.0,,,,,,0
1128,23741,Josef Patrick RAU,usa,14,8,22,0.64,3.090909090909091,3.0,,,2.0,0.0,0.75,0.0,,,,,0.0,,0.0,0.14,0.25,0.0,,0.0,0.0,0.0,0.19,0.0,1.0,0.75,0.5,,0.0,,0.0,0.0,,0.0,0.0,0.0,0.04,,,,0.0,,0
1129,27536,Israil KASUMOV,rus,6,3,9,0.67,6.111111111111112,3.444444444444444,,,3.0,0.0,2.0,0.0,,,,,,,,0.91,1.0,,,1.0,,,0.19,0.0,3.0,2.0,0.33,0.0,0.0,,0.0,0.0,,0.0,0.0,0.0,0.08,,,,,,0
1130,26058,Ahmad Mahmoud Ahmed DAHSHAN,jor,2,7,9,0.22,3.555555555555556,7.555555555555555,,,1.0,0.0,0.5,0.0,,,,,,,,0.36,0.33,,,,,,0.18,0.0,1.0,0.5,0.5,,0.0,,0.0,0.0,,0.0,0.0,0.0,0.28,0.15,,,,,0
1131,23138,Ryoma ANRAKU,jpn,9,4,13,0.69,4.923076923076923,2.923076923076923,,,7.0,0.0,2.0,0.0,,,,,0.0,,0.62,0.67,0.67,,,0.0,1.0,0.66,0.18,1.0,2.0,2.0,0.36,1.0,1.0,,0.0,0.0,,0.0,0.0,0.0,0.66,0.85,0.62,0.0,0.0,,0
1132,30962,Magomedgadzhi NURASULOV,srb,3,6,9,0.33,4.777777777777778,4.555555555555556,,1.0,2.0,0.5,0.5,1.0,,,,,,,,0.2,1.0,,,0.0,0.0,,0.18,0.0,1.0,0.5,0.5,,0.0,,0.0,0.0,,0.0,0.0,0.0,0.0,,,,,,0
1133,21506,Azamat NURYKAU,blr,15,10,25,0.6,5.52,5.0,,,6.0,0.0,1.25,0.0,,,,,,,,0.36,0.8,0.0,,,0.0,,0.18,0.25,1.75,1.25,0.42,1.0,0.25,0.5,0.25,0.5,0.5,0.5,0.25,0.5,0.6,0.44,,0.0,,,0
1134,35032,Uladzislau ASIPENKA,blr,0,1,1,0.0,5.0,8.0,,1.0,6.0,0.17,2.0,4.0,,,0.5,1.0,,,,0.58,0.78,,,0.0,,,0.18,0.0,5.0,2.0,0.25,,0.0,,0.0,0.0,,0.0,0.0,0.0,0.65,0.83,,0.62,,,0
1135,21657,Emilia Alina GRIGORE VUC,rou,32,23,55,0.58,4.763636363636364,4.69090909090909,,,1.0,0.0,0.5,0.0,,,,,,,,0.29,0.6,,,,0.13,,0.18,0.0,1.0,0.5,0.5,,0.0,,0.0,0.0,,0.0,0.0,0.0,0.0,,,,,,0
1136,25071,Aryna MARTYNAVA,ain,17,9,26,0.65,7.576923076923077,3.692307692307692,,2.0,7.0,0.29,2.0,4.0,1.0,0.5,0.25,1.0,,,,0.6,1.0,,,,0.0,,0.18,0.0,4.0,2.0,0.29,,0.0,,0.0,0.0,,0.0,0.0,0.0,0.0,,,,,,0
1137,21520,Ali Pasha Ruslanovich UMARPASHAEV,bul,16,17,33,0.48,5.121212121212121,4.303030303030303,,,15.0,0.0,2.33,0.0,,,,,,,,0.6,0.75,0.0,,,0.67,,0.17,0.67,3.33,2.33,0.27,1.0,0.67,1.0,0.33,0.67,0.67,1.33,0.67,1.0,0.51,0.68,,0.0,,,0
1138,22531,Maxim SACULTAN,mda,20,19,39,0.51,4.282051282051282,4.717948717948717,0.18,4.0,30.0,0.13,1.75,1.25,,,0.11,1.0,0.56,,0.84,0.46,0.64,0.0,0.0,0.0,0.0,0.66,0.17,0.5,2.75,1.75,0.33,1.0,0.63,,0.12,0.0,,0.0,0.0,0.0,0.51,0.17,0.0,0.0,0.5,0.355,0
1139,24035,Nurbek KHASHIMBEKOV,uzb,1,11,12,0.08,1.75,6.0,,1.0,4.0,0.25,1.0,2.0,,,,,,,,0.0,0.0,,,,0.0,,0.17,0.0,2.5,1.0,0.4,,0.0,,0.0,0.0,,0.0,0.0,0.0,0.58,0.0,,0.31,,,0
1140,24108,Begijon KULDASHEV,uzb,5,7,12,0.42,4.916666666666666,5.0,0.82,2.0,8.0,0.25,1.5,3.0,,,,,0.0,,0.91,0.21,1.0,,0.0,,0.38,0.88,0.17,0.0,4.0,1.5,0.3,,0.0,1.0,0.5,1.0,1.0,1.0,0.5,0.5,0.64,0.29,0.0,0.0,0.0,0.4075,0
1141,20205,Dimitri KHACHIDZE,geo,14,8,22,0.64,5.454545454545455,3.136363636363636,,,1.0,0.0,0.5,0.0,,,,,,,,0.0,0.0,,,,0.0,,0.17,0.0,0.5,0.5,0.5,,0.0,,0.0,0.0,,0.0,0.0,0.0,0.41,0.0,,0.0,,,0
1142,28891,Zelimkhan KHIZRIEV,rus,5,4,9,0.56,5.444444444444445,4.0,,,1.0,0.0,0.5,0.0,,,,,,,,0.17,0.4,,,0.0,,,0.17,0.5,0.5,0.5,0.5,1.0,0.5,,0.0,0.0,,0.0,0.0,0.0,0.0,,,,,,0
1143,32330,Pedro Miguel DE MATOS OLIVEIRA DE MORAIS CA,por,0,9,9,0.0,0.4444444444444444,8.333333333333332,,,,,0.5,0.0,,,,,0.0,,0.0,0.2,0.33,,,,0.0,0.0,0.17,0.0,0.5,0.5,0.5,,0.0,0.0,0.0,0.0,0.0,0.0,0.0,0.5,0.04,,,,0.5,,0
1144,29157,Eividas STANKEVICIUS,ltu,5,9,14,0.36,3.357142857142857,4.285714285714286,,,4.0,0.0,1.0,0.0,,,,,,,,0.13,0.5,,,,0.0,,0.17,0.0,1.67,1.0,0.43,,0.0,,0.0,0.0,,0.0,0.0,0.0,0.43,0.0,,,,,0
1145,30931,Ibragim ABDURAKHMANOV,rus,4,1,5,0.8,6.8,2.4,,1.0,11.0,0.09,3.0,1.0,1.0,0.1,,,,,,0.75,1.0,,,,,,0.17,0.0,3.0,3.0,0.23,,0.0,,0.0,0.0,,0.0,0.0,0.0,0.08,,,,,,0
1146,26306,Jello KRAHMER,ger,7,8,15,0.47,2.8,3.266666666666667,,,,,0.6,0.0,,,,,0.55,,0.0,0.25,0.5,,0.5,,0.5,0.0,0.17,0.0,0.6,0.6,0.5,,0.0,0.0,0.0,0.0,0.0,0.0,0.0,0.2,0.28,0.43,,,0.5,,0
1147,24016,Jumabieke ABAIYI,chn,1,2,3,0.33,2.0,5.0,0.0,,1.0,0.0,0.5,0.0,,,,,0.0,,0.62,0.0,,,0.0,,0.0,0.6,0.17,0.0,0.5,0.5,0.5,,0.0,,0.0,0.0,,0.0,0.0,0.0,0.46,0.0,0.42,,0.25,0.1575,0
1148,22627,Hrachya POGHOSYAN,arm,29,17,46,0.63,4.869565217391304,1.956521739130435,,,,,1.0,0.0,,,,,0.0,,0.0,0.0,0.0,,0.0,,0.0,0.0,0.17,0.0,0.5,0.5,0.5,,0.0,0.0,0.0,0.0,0.0,0.0,0.0,0.5,0.04,,,,0.5,,0
1149,26057,Karrar Abbas Mukasr ALBEEDHAN,irq,5,4,9,0.56,4.222222222222222,3.777777777777778,,,,,0.5,0.0,,,,,,,,0.2,0.5,0.0,,,0.2,,0.17,0.0,0.5,0.5,0.5,,0.0,0.0,0.0,0.0,0.0,0.0,0.0,0.5,0.0,,,,,,0
1150,27074,Minseok KIM,kor,17,9,26,0.65,2.769230769230769,2.807692307692308,,,,,1.0,0.0,,,,,,,,0.1,,,,,0.17,,0.17,0.0,1.67,1.0,0.43,,0.0,0.2,0.33,0.67,0.33,1.33,0.67,2.0,0.03,,,,,,0
1151,27122,Vijay VIJAY,ind,18,12,30,0.6,5.766666666666667,5.633333333333333,,,1.0,0.0,0.5,0.0,,,,,,,,0.3,0.29,,,0.0,,,0.17,0.0,0.5,0.5,0.5,,0.0,,0.0,0.0,,0.0,0.0,0.0,0.04,,,,,,0
1152,26915,Mukremin AKTAS,tur,4,6,10,0.4,5.3,3.7,,,4.0,0.0,2.0,0.0,,,,,,,,0.0,,,,,,,0.16,0.0,2.0,2.0,0.33,,0.0,,0.0,0.0,,0.0,0.0,0.0,0.17,,,,,,0
1153,25648,Dzianis KHRAMIANKOU,ain,17,12,29,0.59,6.03448275862069,4.379310344827585,,2.0,13.0,0.15,1.5,1.0,1.0,0.11,,,0.18,,0.0,0.28,0.56,,,,,0.0,0.16,0.25,2.75,1.5,0.33,1.0,0.25,0.0,0.0,0.0,0.5,0.5,0.25,0.5,0.0,,,,0.0,,0
1154,28853,Renat ILIAZ UULU,kgz,9,7,16,0.56,5.1875,3.1875,,1.0,3.0,0.33,1.0,4.0,,,,,,,,0.5,1.0,,,,,,0.16,0.0,4.0,1.0,0.33,,0.0,,0.0,0.0,,0.0,0.0,0.0,0.48,0.68,,0.0,,,0
1155,30124,Luca DARIOZZI,ita,2,10,12,0.17,1.583333333333333,6.083333333333333,,1.0,2.0,0.5,1.0,4.0,,,,,,,,0.17,1.0,,,,0.0,,0.16,0.0,4.0,1.0,0.33,,0.0,,0.0,0.0,,0.0,0.0,0.0,0.0,,,,,,0
1156,23429,Cuneyt BUDAK,tur,7,7,14,0.5,5.928571428571429,3.785714285714286,,,11.0,0.0,3.0,0.0,,,,,,,,0.67,0.75,,,0.0,1.0,,0.16,0.0,4.0,3.0,0.19,,0.0,0.33,1.0,2.0,0.33,2.0,1.0,3.0,0.72,0.26,,0.0,,,0
1157,21714,Reineri ANDREU ORTEGA,cub,23,10,33,0.7,5.515151515151516,2.515151515151515,,3.0,29.0,0.1,2.0,0.67,,,,,,,,0.46,0.63,,,0.0,0.0,,0.16,0.0,3.17,2.0,0.29,,0.0,1.0,0.17,0.33,1.0,0.67,0.33,0.33,0.55,0.29,,0.01,,,0
1158,31918,Jose CUBA VAZQUEZ,esp,0,8,8,0.0,1.0,8.875,,,5.0,0.0,2.0,0.0,,,,,,,,0.5,1.0,,,0.0,,,0.16,1.0,3.0,2.0,0.29,1.0,1.0,,0.0,0.0,,0.0,0.0,0.0,0.65,0.83,,0.0,,,0
1159,30953,Shamil Makhmudovitch OMAROV,ita,3,4,7,0.43,4.0,3.428571428571429,,1.0,2.0,0.5,1.0,4.0,,,,,,,,0.5,0.5,,,,,,0.16,0.0,4.0,1.0,0.33,,0.0,,0.0,0.0,,0.0,0.0,0.0,0.0,,,,,,0
1160,26781,Jozsef ANDRASI,hun,2,9,11,0.18,1.818181818181818,7.181818181818182,,,5.0,0.0,1.5,0.0,,,,,,,,0.0,,0.0,,,0.0,,0.16,0.5,1.5,1.5,0.38,1.0,0.5,,0.0,0.0,,0.0,0.0,0.0,0.08,,,,,,0
1161,34937,Nyam Ochir ENKHSAIKHAN,mgl,0,1,1,0.0,3.0,8.0,,,4.0,0.0,2.0,0.0,,,,,,,,0.29,0.5,,,0.0,,,0.16,1.0,3.0,2.0,0.29,1.0,1.0,,0.0,0.0,,0.0,0.0,0.0,0.0,,,,,,0
1162,26007,Matej MANDIC,cro,6,8,14,0.43,5.142857142857143,4.428571428571429,,,5.0,0.0,2.0,0.0,,,,,,,,0.0,,,,0.0,,,0.16,0.0,3.0,2.0,0.29,,0.0,1.0,1.0,2.0,1.0,2.0,1.0,1.0,0.65,0.0,,0.0,,,0
1163,32123,Mariyan Nedyalkov DIMITROV,bul,0,4,4,0.0,1.0,7.0,,,4.0,,,,,,,,,,,0.25,0.5,,,0.0,0.0,,0.16,1.0,2.0,2.0,0.33,1.0,1.0,,0.0,0.0,,0.0,0.0,0.0,0.61,0.0,,0.0,,,0
1164,22520,Abbos RAKHMONOV,uzb,27,22,49,0.55,5.530612244897959,4.775510204081633,,1.0,22.0,0.05,2.25,0.5,1.0,0.06,,,,,,0.44,0.65,,,0.17,0.0,,0.15,0.5,3.0,2.25,0.26,1.0,0.5,0.0,0.0,0.0,0.0,0.0,0.0,0.25,0.06,,,,,,0
1165,25539,Sunggwon KIM,kor,11,17,28,0.39,3.142857142857143,4.571428571428571,,3.0,16.0,0.19,1.6,1.0,1.0,0.17,,,,,,0.51,0.84,,,,0.13,,0.15,0.6,2.0,1.6,0.35,0.75,0.6,0.0,0.0,0.0,0.0,0.0,0.0,0.2,0.54,0.85,,0.07,,,0
1166,32316,Shaohua YUAN,chn,0,7,7,0.0,5.428571428571429,11.85714285714286,0.51,2.0,8.0,0.25,2.0,4.0,2.0,0.29,,,0.55,,0.0,0.33,0.4,,,0.0,,0.0,0.15,0.0,4.0,2.0,0.25,,0.0,,0.0,0.0,,0.0,0.0,0.0,0.0,,,,0.0,0.3025,0
1167,21539,Stefan REICHMUTH,sui,4,10,14,0.29,3.071428571428572,4.071428571428571,,,6.0,0.0,1.5,0.0,,,,,,,,0.71,1.0,,,,0.0,,0.15,0.0,2.5,1.5,0.33,,0.0,,0.0,0.0,1.0,1.0,0.5,0.5,0.49,0.83,,,,,0
1168,23199,Olzhas SULTAN,kaz,7,5,12,0.58,4.25,3.916666666666667,,,1.0,0.0,0.33,0.0,,,,,0.48,,0.54,0.29,0.5,,0.0,,0.5,0.0,0.15,0.33,0.33,0.33,0.5,1.0,0.33,,0.0,0.0,,0.0,0.0,0.0,0.4,0.0,,0.0,0.0,,0
1169,22664,Hyeonwoo KIM,kor,21,16,37,0.57,4.432432432432432,2.243243243243243,,,5.0,0.0,1.5,0.0,,,,,,,,0.0,,,,,0.0,,0.15,0.0,1.0,1.5,0.38,,0.0,1.0,0.75,0.0,1.0,0.0,0.5,0.5,0.08,,,,,,0
1170,22259,Eduard STRILCHUK,ukr,6,8,14,0.43,3.785714285714286,3.785714285714286,,,1.0,0.0,0.33,0.0,,,,,,,,0.0,0.0,0.0,,0.0,0.0,,0.15,0.0,0.33,0.33,0.5,,0.0,,0.0,0.0,,0.0,0.0,0.0,0.46,0.0,,,,,0
1171,28273,Petr NOVAK,cze,5,14,19,0.26,3.473684210526316,4.842105263157896,,,1.0,0.0,0.33,0.0,,,,,,,,0.0,0.0,,,,0.0,,0.15,0.0,0.33,0.33,0.5,,0.0,,0.0,0.0,,0.0,0.0,0.0,0.43,0.0,,0.0,,,0
1172,22504,Beka BUJIASHVILI,geo,20,13,33,0.61,6.393939393939394,3.878787878787879,0.04,7.0,46.0,0.16,1.75,1.75,5.0,0.19,,,0.86,,0.74,0.45,0.55,0.0,1.0,0.0,0.22,0.63,0.15,0.22,4.0,2.0,0.31,1.0,0.22,0.67,0.44,0.89,0.67,0.89,0.44,0.67,0.43,0.45,0.0,0.15,0.0,0.37,0
1173,22787,Mostafa Hassan Abdelaal MOHAMED,egy,13,5,18,0.72,5.611111111111112,2.777777777777778,,,3.0,0.0,1.0,0.0,,,,,,,,0.11,0.5,0.0,,,0.0,,0.15,0.0,1.5,1.0,0.4,,0.0,,0.0,0.0,1.0,1.0,0.5,0.5,0.28,0.43,,,,,0
1174,26412,Nurislam (Artas) SANAYEV (SANAA),kaz,16,4,20,0.8,6.6,2.05,,1.0,11.0,0.09,2.0,1.0,,,,,,,,0.38,0.57,,,,,,0.15,0.5,3.0,2.0,0.27,1.0,0.5,0.5,0.5,1.0,0.5,1.0,0.5,1.0,0.59,0.75,,0.0,,,0
1175,22669,Per Albin OLOFSSON,swe,11,12,23,0.48,3.956521739130435,3.565217391304348,0.0,,4.0,0.0,0.8,0.0,,,,,0.12,,0.84,0.26,0.4,,0.0,0.0,0.0,0.66,0.15,0.4,0.8,0.8,0.44,1.0,0.4,,0.0,0.0,,0.0,0.0,0.0,0.51,0.0,0.62,,0.0,0.195,0
1176,22613,Krisztian KECSKEMETI,hun,11,23,34,0.32,2.941176470588236,3.941176470588235,,,1.0,0.0,0.25,0.0,,,,,0.55,,0.0,0.3,0.5,,0.25,0.0,0.4,0.0,0.15,0.0,0.25,0.25,0.5,,0.0,,0.0,0.0,,0.0,0.0,0.0,0.41,0.0,,0.0,0.0,,0
1177,20776,Gyanender GYANENDER,ind,10,20,30,0.33,2.833333333333333,5.2,,1.0,3.0,0.33,0.86,0.0,,,,,0.4,,0.0,0.24,0.45,,1.0,0.0,0.21,0.0,0.14,0.29,0.86,0.86,0.43,1.0,0.29,0.33,0.14,0.29,0.33,0.29,0.14,0.43,0.42,0.06,,,0.0,,0
1178,22509,Islam BAZARGANOV,aze,8,12,20,0.4,3.25,4.35,0.0,3.0,16.0,0.19,1.29,1.43,2.0,0.15,,,0.81,,0.71,0.47,0.8,,0.2,0.5,0.14,0.81,0.14,0.14,2.71,1.29,0.33,1.0,0.14,0.33,0.14,0.29,0.33,0.29,0.14,0.43,0.58,0.68,0.0,0.16,0.25,0.3825,0
1179,22035,Aslamdzhon AZIZOV,tjk,9,15,24,0.38,4.166666666666666,5.916666666666666,0.0,,3.0,0.0,1.5,0.0,,,,,0.65,,0.71,0.43,1.0,,0.33,,0.33,0.77,0.14,0.0,2.0,1.5,0.33,,0.0,0.0,0.0,0.0,0.0,0.0,0.0,0.5,0.58,0.43,0.1,0.0,0.5,0.3425,0
1180,22499,Georgii OKOROKOVV,aus,5,4,9,0.56,5.666666666666666,5.0,0.0,,4.0,0.0,2.0,0.0,,,,,0.67,,0.0,0.45,1.0,,0.0,0.0,0.0,0.0,0.14,1.0,2.0,2.0,0.29,1.0,1.0,,0.0,0.0,,0.0,0.0,0.0,0.08,,,,0.5,0.2225,0
1181,22714,Vilius LAURINAITIS,ltu,12,18,30,0.4,2.5,3.366666666666667,,,5.0,0.0,0.71,0.0,,,,,0.0,,0.0,0.21,0.33,,,0.0,0.56,0.0,0.14,0.0,1.0,0.71,0.42,,0.0,1.0,0.29,0.57,1.0,0.57,0.29,0.29,0.21,0.0,,,0.5,,0
1182,22592,Erik Sven THIELE,ger,17,15,32,0.53,4.625,2.90625,0.09,2.0,16.0,0.13,1.14,0.86,1.0,0.09,,,0.4,,0.0,0.17,0.3,,,0.0,0.0,0.88,0.14,0.29,1.71,1.14,0.36,1.0,0.29,,0.0,0.0,,0.0,0.0,0.0,0.5,0.26,0.02,0.0,0.0,0.2825,0
1183,34430,Alibek TASHMATOV,kgz,0,1,1,0.0,3.0,5.0,,1.0,7.0,0.14,2.0,2.0,,,,,,,,0.4,0.67,,,,,,0.14,1.0,3.0,2.0,0.25,1.0,1.0,,0.0,0.0,,0.0,0.0,0.0,0.61,0.43,,0.35,,,0
1184,25649,Abdulla KURBANOV,ain,4,4,8,0.5,7.375,5.25,0.0,,5.0,0.0,2.0,0.0,,,,,0.9,,0.0,0.69,0.77,,1.0,,1.0,0.0,0.14,2.0,2.0,2.0,0.29,1.0,2.0,,0.0,0.0,,0.0,0.0,0.0,0.0,,,,0.0,0.26,0
1185,27537,Lkhangarmaa NARMANDAKH,mgl,3,3,6,0.5,5.666666666666666,10.33333333333333,,2.0,9.0,0.22,2.0,4.0,,,1.0,1.0,,,,0.4,1.0,,,0.0,0.0,,0.14,0.0,4.0,2.0,0.22,,0.0,,0.0,0.0,1.0,2.0,1.0,1.0,0.63,0.68,,0.8,,,0
1186,23296,Gamzatgadzhi KHALIDOV,hun,9,9,18,0.5,5.222222222222222,4.166666666666666,0.82,,8.0,0.0,1.0,0.0,,,,,0.88,,0.62,0.53,0.7,,,,1.0,0.88,0.14,0.5,2.5,1.5,0.3,1.0,0.5,,0.0,0.0,1.0,1.0,0.5,0.5,0.6,0.68,0.71,0.47,0.0,0.61,0
1187,23726,Alexis RODRIGUEZ HERNANDEZ,mex,2,3,5,0.4,4.4,4.8,0.0,,1.0,0.0,2.0,0.0,,,,,0.29,,0.94,0.2,,,0.0,,0.0,0.96,0.14,0.0,2.0,2.0,0.29,,0.0,0.0,0.0,0.0,0.0,0.0,0.0,1.0,0.72,0.15,0.07,0.0,0.5,0.2875,0
1188,21554,Pavlo OLIINYK,hun,5,6,11,0.45,3.363636363636364,1.181818181818182,,,2.0,0.0,1.0,0.0,,,,,,,,0.64,0.88,,,0.0,,,0.14,0.5,1.0,1.0,0.4,1.0,0.5,,0.0,0.0,,0.0,0.0,0.0,0.56,0.87,,,,,0
1189,20739,Alireza Nosratolah SARLAK,iri,10,9,19,0.53,5.157894736842104,4.315789473684211,,,5.0,0.0,2.0,0.0,,,,,,,,0.67,0.8,,,0.0,,,0.14,0.0,2.0,2.0,0.29,,0.0,,0.0,0.0,,0.0,0.0,0.0,0.17,,,,,,0
1190,20813,Luisa Helga Gerda NIEMESCH,ger,35,24,59,0.59,4.220338983050848,3.0,0.0,,4.0,0.0,2.0,0.0,,,,,0.75,,0.0,0.5,1.0,,,,,0.0,0.14,1.0,2.0,2.0,0.29,1.0,1.0,,0.0,0.0,,0.0,0.0,0.0,0.08,,,,0.5,0.2425,0
1191,26231,Utku DOGAN,tur,3,4,7,0.43,5.428571428571429,8.714285714285714,,,7.0,0.0,2.0,0.0,,,,,,,,0.5,0.67,,,0.0,0.0,,0.14,0.0,4.0,2.0,0.22,,0.0,,0.0,0.0,1.0,2.0,1.0,1.0,0.64,0.5,,0.0,,,0
1192,25633,Alans AMIROVS,lat,5,11,16,0.31,4.125,6.3125,,,6.0,0.0,1.5,0.0,,,,,,,,0.33,0.86,,,0.0,0.0,,0.13,0.0,3.0,1.5,0.27,0.0,0.0,0.67,1.0,2.0,0.67,2.0,1.0,1.5,0.63,0.3,,0.0,,,0
1193,26976,Levan METREVELI,esp,1,5,6,0.17,1.333333333333333,6.5,0.0,1.0,12.0,0.08,1.2,0.4,,,0.5,1.0,0.05,,0.54,0.38,0.65,,0.0,0.0,0.0,0.87,0.13,0.6,1.6,1.2,0.35,1.0,0.6,,0.0,0.0,,0.0,0.0,0.0,0.52,0.84,0.14,0.0,0.0,0.175,0
1194,28201,Domenic Michael ABOU NADER,lbn,4,8,12,0.33,2.916666666666667,7.083333333333333,,3.0,12.0,0.25,1.33,1.67,1.0,0.13,1.0,1.0,,,,0.52,0.6,,,0.0,0.67,,0.13,0.0,2.33,1.33,0.31,,0.0,,0.0,0.0,,0.0,0.0,0.0,0.45,0.0,,0.0,,,0
1195,25548,Gennadij CUDINOVIC,ger,9,18,27,0.33,3.666666666666667,5.962962962962963,,,5.0,0.0,1.0,0.0,,,,,0.0,,0.0,0.13,1.0,0.0,,0.0,0.0,0.0,0.13,0.0,1.33,1.0,0.38,,0.0,,0.0,0.0,,0.0,0.0,0.0,0.5,1.0,,0.0,0.0,,0
1196,20257,Jonni Kunnari SARKKINEN,fin,16,12,28,0.57,4.928571428571429,3.5,0.0,,7.0,0.0,1.5,0.0,,,,,0.32,,0.74,0.22,0.33,,,0.0,,0.77,0.13,0.0,2.0,1.5,0.3,,0.0,,0.0,0.0,,0.0,0.0,0.0,0.6,0.26,0.32,0.0,0.5,0.2625,0
1197,21767,Nicholas Edward GWIAZDOWSKI,usa,28,11,39,0.72,6.17948717948718,2.410256410256411,0.33,1.0,3.0,0.33,0.67,0.67,1.0,0.33,,,0.29,,0.0,0.18,0.2,,,,1.0,0.0,0.13,0.0,1.0,0.67,0.4,,0.0,,0.0,0.0,,0.0,0.0,0.0,0.0,,,,0.0,0.1875,0
1198,21434,Deepak PUNIA,ind,48,30,78,0.62,4.551282051282051,2.987179487179487,0.0,,7.0,0.0,1.0,0.0,,,,,0.0,,0.62,0.46,0.5,,,0.0,0.83,0.81,0.13,0.0,1.5,1.0,0.36,,0.0,,0.0,0.0,,0.0,0.0,0.0,0.45,0.43,0.0,0.0,0.0,0.145,0
1199,30673,Bekzat YERMEKBAY,kaz,3,2,5,0.6,7.6,8.0,,,2.0,0.0,1.0,0.0,,,,,,,,0.54,0.4,,,,0.43,,0.13,0.0,2.0,1.0,0.33,,0.0,,0.0,0.0,,0.0,0.0,0.0,0.33,0.52,,,,,0
1200,30031,Niurgun SKRIABIN,blr,7,6,13,0.54,4.230769230769231,4.230769230769231,0.0,1.0,8.0,0.13,1.5,1.0,1.0,0.13,,,0.78,,0.97,0.53,0.6,,1.0,,0.6,0.88,0.13,0.0,2.5,1.5,0.27,,0.0,1.0,0.33,1.0,1.0,1.0,0.5,0.5,0.68,0.54,0.0,0.16,0.0,0.3975,0
1201,26988,Sirojiddin KHASANOV,uzb,7,11,18,0.39,4.111111111111112,5.944444444444445,,1.0,2.0,0.5,1.0,2.0,,,,,,,,0.38,0.5,,,0.0,,,0.13,0.0,2.0,1.0,0.33,,0.0,,0.0,0.0,,0.0,0.0,0.0,0.0,,,,,,0
1202,29997,Noureldin Hany Mohamed Gomaa HASSAN,egy,7,5,12,0.58,4.166666666666666,2.916666666666667,,1.0,3.0,0.33,1.0,2.0,,,,,,,,0.0,,,,0.0,,,0.13,0.0,2.0,1.0,0.33,,0.0,,0.0,0.0,,0.0,0.0,0.0,0.28,0.0,,,,,0
1203,23708,Shane Christopher JONES,pur,2,2,4,0.5,7.0,4.0,0.15,1.0,8.0,0.13,2.0,2.0,1.0,0.13,,,0.46,,0.74,0.29,0.25,,0.5,,0.5,0.99,0.13,1.0,3.0,2.0,0.22,1.0,1.0,,0.0,0.0,,0.0,0.0,0.0,0.58,0.0,0.28,0.35,0.0,0.33,0
1204,28442,Svetoslav Nikolaev NIKOLOV,bul,5,8,13,0.38,3.615384615384616,6.615384615384616,,,1.0,0.0,1.0,0.0,,,,,,,,0.29,0.33,,,0.0,,,0.13,1.0,2.0,1.0,0.33,1.0,2.0,,0.0,0.0,,0.0,0.0,0.0,0.3,0.26,,,,,0
1205,26717,Maarja PLASER,est,4,8,12,0.33,4.583333333333333,5.75,,,2.0,0.0,1.0,0.0,,,,,,,,0.43,0.4,,,,,,0.13,0.0,2.0,1.0,0.33,,0.0,,0.0,0.0,,0.0,0.0,0.0,0.0,,,,,,0
1206,25558,Minseong KWON,kor,0,1,1,0.0,2.0,6.0,0.33,1.0,3.0,0.33,1.0,2.0,,,,,0.75,,0.84,0.5,1.0,,0.67,,0.67,0.81,0.13,0.0,2.0,1.0,0.33,,0.0,,0.0,0.0,,0.0,0.0,0.0,0.55,0.43,0.0,0.0,0.0,0.4400000000000001,0
1207,27037,Ramaz SURMANIDZE,geo,1,3,4,0.25,3.0,6.75,,1.0,3.0,0.33,1.0,2.0,,,,,,,,0.25,,,,0.0,0.0,,0.13,0.0,2.0,1.0,0.33,,0.0,,0.0,0.0,,0.0,0.0,0.0,0.0,,,,,,0
1208,32554,Salaheldin Mohamed Salaheldin ABBAS,egy,0,2,2,0.0,1.0,10.0,0.0,,2.0,0.0,1.0,0.0,,,,,0.29,,0.0,0.2,0.25,,,,,0.0,0.13,0.0,2.0,1.0,0.33,,0.0,,0.0,0.0,,0.0,0.0,0.0,0.0,,,,0.0,0.105,0
1209,23679,Miglena Georgieva SELISHKA,bul,26,11,37,0.7,5.648648648648649,3.189189189189189,,1.0,3.0,0.33,1.0,2.0,,,,,,,,0.5,0.67,,,0.0,,,0.13,0.0,2.0,1.0,0.33,,0.0,,0.0,0.0,,0.0,0.0,0.0,0.47,0.0,,0.0,,,0
1210,20515,Aziz GASSYMOV,kaz,6,4,10,0.6,5.3,4.2,,,2.0,0.0,1.0,0.0,,,,,,,,0.0,0.0,,,,,,0.13,0.0,2.0,1.0,0.33,,0.0,1.0,1.0,2.0,1.0,2.0,1.0,1.0,0.0,,,,,,0
1211,22728,Oksana LIVACH,ukr,39,19,58,0.67,6.396551724137931,4.241379310344828,0.0,2.0,20.0,0.1,1.5,1.5,,,0.25,1.0,0.84,,0.94,0.62,0.85,0.0,0.33,0.0,0.29,0.96,0.13,0.5,3.0,1.5,0.25,1.0,0.5,,0.0,0.0,,0.0,0.0,0.0,0.63,0.85,0.11,0.02,0.0,0.4,0
1212,28257,Przemyslaw PIATEK,pol,3,7,10,0.3,3.5,5.0,,,2.0,0.0,1.0,0.0,,,,,,,,0.63,1.0,1.0,,,1.0,,0.13,0.0,2.0,1.0,0.33,,0.0,,0.0,0.0,,0.0,0.0,0.0,0.58,0.43,,0.0,,,0
1213,24729,Marwane Ahmed YEZZA,fra,11,14,25,0.44,3.2,4.84,,1.0,8.0,0.13,1.5,0.5,1.0,0.14,,,,,,0.62,0.71,,,1.0,0.0,,0.12,0.0,1.5,1.5,0.3,,0.0,,0.0,0.0,,0.0,0.0,0.0,0.04,,,,,,0
1214,22106,Otgonjargal DOLGORJAV,mgl,22,8,30,0.73,6.133333333333333,2.766666666666667,0.0,,6.0,0.0,2.0,0.0,,,,,0.79,,0.84,0.56,0.75,,1.0,0.0,1.0,0.99,0.12,1.0,2.0,2.0,0.25,1.0,1.0,,0.0,0.0,,0.0,0.0,0.0,0.61,0.43,0.19,0.0,0.0,0.38,0
1215,28310,Timur BIZHOEV,rus,14,6,20,0.7,6.15,1.9,,,5.0,0.0,2.0,0.0,,,,,,,,0.75,1.0,,,,,,0.12,1.0,2.0,2.0,0.25,1.0,1.0,,0.0,0.0,,0.0,0.0,0.0,0.69,0.83,,0.0,,,0
1216,20814,Lais NUNES DE OLIVEIRA,bra,52,27,79,0.66,5.341772151898734,3.126582278481013,,,5.0,0.0,2.0,0.0,,,,,,,,0.2,1.0,,,0.0,,,0.12,1.0,2.0,2.0,0.25,1.0,1.0,,0.0,0.0,,0.0,0.0,0.0,0.08,,,,,,0
1217,21570,Maksim KAZHARSKI,blr,4,7,11,0.36,1.636363636363636,3.545454545454545,,,1.0,0.0,0.5,0.0,,,,,,,,0.27,,,,,0.5,,0.11,0.25,0.5,0.5,0.4,1.0,0.25,0.0,0.0,0.0,0.0,0.0,0.0,0.25,0.22,0.0,,,,,0
1218,23649,Ahmad MAGOMEDOV,mkd,4,3,7,0.57,6.714285714285714,3.285714285714286,0.0,,5.0,0.0,2.0,0.0,,,,,0.83,,0.97,0.6,1.0,,0.0,0.0,0.0,0.99,0.11,0.0,3.0,2.0,0.2,,0.0,,0.0,0.0,,0.0,0.0,0.0,0.74,0.7,0.24,0.0,0.5,0.42,0
1219,26313,Elif YANIK,tur,11,19,30,0.37,4.066666666666666,6.3,,,4.0,0.0,1.0,0.0,,,,,,,,0.33,0.4,0.0,,,0.0,,0.11,0.0,1.5,1.0,0.33,,0.0,,0.0,0.0,,0.0,0.0,0.0,0.24,0.0,,,,,0
1220,21503,Zurabi IAKOBISHVILI,geo,29,11,40,0.73,4.55,2.4,,1.0,27.0,0.05,1.75,0.5,,,,,,,,0.64,1.0,,,0.0,,,0.11,0.6,4.0,2.4,0.32,1.0,0.6,1.0,0.2,0.4,1.0,0.4,0.2,0.2,0.08,,,,,,0
1221,22247,Adomas GRIGALIUNAS,ltu,7,12,19,0.37,2.842105263157895,5.736842105263158,,,2.0,0.0,1.0,0.0,,,,,,,,0.43,1.0,,,,0.0,,0.11,0.0,1.0,1.0,0.33,,0.0,,0.0,0.0,,0.0,0.0,0.0,0.08,,,,,,0
1222,30175,Taishi HORIE,jpn,1,4,5,0.2,3.4,6.2,,,2.0,0.0,1.0,0.0,,,,,,,,0.0,0.0,,,,,,0.11,1.0,1.0,1.0,0.33,1.0,1.0,,0.0,0.0,,0.0,0.0,0.0,0.47,0.0,,0.0,,,0
1223,21701,Danute DOMIKAITYTE,ltu,17,24,41,0.41,3.975609756097561,4.682926829268292,,,2.0,0.0,1.0,0.0,,,,,,,,0.0,,0.0,,0.0,0.0,,0.11,0.0,1.0,1.0,0.33,,0.0,,0.0,0.0,,0.0,0.0,0.0,0.08,,,,,,0
1224,22564,Myles Nazem AMINE,smr,27,12,39,0.69,4.358974358974359,2.974358974358974,0.15,16.0,204.0,0.08,2.0,1.68,11.0,0.07,,,0.62,,0.94,0.67,0.89,0.0,1.0,0.0,0.43,0.96,0.11,0.0,3.58,2.0,0.16,,0.0,0.4,0.11,0.21,0.7,0.74,0.37,0.53,0.41,0.75,0.11,0.03,0.0,0.3225,1
1225,22534,Gianluca TALAMO,ita,2,12,14,0.14,2.857142857142857,8.5,0.0,,2.0,0.0,1.0,0.0,,,,,0.62,,0.0,0.4,0.57,,0.0,,0.0,0.0,0.11,0.0,1.0,1.0,0.33,,0.0,,0.0,0.0,,0.0,0.0,0.0,0.08,,,,0.5,0.2025,0
1226,21481,Mihran JABURYAN,arm,4,7,11,0.36,3.090909090909091,5.545454545454546,,,6.0,0.0,1.0,0.0,,,,,,,,0.19,0.33,,,,0.0,,0.11,0.67,1.0,1.0,0.33,1.0,0.67,,0.0,0.0,,0.0,0.0,0.0,0.42,0.68,,0.0,,,0
1227,22308,David ZHYTOMYRSKY,isr,7,14,21,0.33,3.523809523809524,5.523809523809524,,,2.0,0.0,1.0,0.0,,,,,,,,0.0,,,,,0.0,,0.11,0.0,1.0,1.0,0.33,,0.0,,0.0,0.0,,0.0,0.0,0.0,0.61,0.0,,0.0,,,0
1228,21761,Reineris SALAS PEREZ,cub,20,7,27,0.74,5.407407407407408,2.0,,,2.0,0.0,1.0,0.0,,,,,,,,0.14,0.0,,,0.0,0.0,,0.11,1.0,1.0,1.0,0.33,1.0,1.0,,0.0,0.0,,0.0,0.0,0.0,0.0,,,,,,0
1229,21798,Reinier JIMENEZ TERRY,gua,7,4,11,0.64,5.0,2.727272727272728,,,1.0,0.0,1.0,0.0,,,,,,,,0.17,0.25,,,,,,0.11,0.0,1.0,1.0,0.33,,0.0,0.0,0.0,0.0,0.0,0.0,0.0,1.0,0.36,0.43,,,,,0
1230,23242,Gevorg TADEVOSYAN,arm,11,8,19,0.58,4.631578947368421,3.315789473684211,,1.0,9.0,0.11,1.5,1.0,1.0,0.14,,,,,,0.42,0.67,,,0.0,0.5,,0.11,0.5,2.0,1.5,0.25,0.5,0.5,,0.0,0.0,,0.0,0.0,0.0,0.18,0.0,,,,,0
1231,21616,Maksim MANUKYAN,arm,15,7,22,0.68,5.181818181818182,2.363636363636364,,,2.0,0.0,1.0,0.0,,,,,,,,0.17,,,,0.0,,,0.11,1.0,1.0,1.0,0.33,1.0,1.0,,0.0,0.0,,0.0,0.0,0.0,0.25,0.0,,,,,0
1232,22048,Lazizkhon UZBEKOV,uzb,7,1,8,0.88,7.0,3.125,,,2.0,0.0,1.0,0.0,,,,,,,,0.0,0.0,,,,,,0.11,0.0,1.0,1.0,0.33,,0.0,,0.0,0.0,,0.0,0.0,0.0,0.08,,,,,,0
1233,23345,Shermukhammad SHARIBJANOV,uzb,11,7,18,0.61,5.444444444444445,4.722222222222222,,,1.0,0.0,1.0,0.0,,,,,,,,0.5,,0.0,,,0.67,,0.11,0.0,1.0,1.0,0.33,,0.0,0.0,0.0,0.0,0.0,0.0,0.0,1.0,0.63,0.5,,0.0,,,0
1234,28916,Dzimchyk RYNCHYNAU,blr,2,5,7,0.29,4.571428571428571,7.857142857142858,,,2.0,0.0,1.0,0.0,,,,,,,,0.5,1.0,,,,,,0.11,0.0,1.0,1.0,0.33,,0.0,,0.0,0.0,,0.0,0.0,0.0,0.59,0.43,,0.0,,,0
1235,26998,Yakup GOR,tur,14,6,20,0.7,5.8,3.25,,2.0,13.0,0.15,2.0,4.0,1.0,0.09,,,,,,0.67,0.8,,,0.0,1.0,,0.11,0.0,4.0,2.0,0.15,,0.0,,0.0,0.0,1.0,2.0,1.0,1.0,0.65,0.75,,0.0,,,0
1236,21483,Levan METREVELI VARTANOV,esp,2,11,13,0.15,2.230769230769231,6.538461538461538,,5.0,50.0,0.1,1.33,0.83,1.0,0.04,0.4,2.0,,,,0.48,0.67,0.0,,0.0,0.36,,0.11,0.08,2.33,1.33,0.25,1.0,0.08,0.6,0.25,0.5,0.6,0.5,0.25,0.42,0.56,0.55,,0.0,,,0
1237,28444,Jacob Edward LOGAARD,swe,5,6,11,0.45,3.363636363636364,4.181818181818182,,,2.0,0.0,1.0,0.0,,,,,,,,0.25,,,,0.33,,,0.11,0.0,1.0,1.0,0.33,,0.0,,0.0,0.0,,0.0,0.0,0.0,0.08,,,,,,0
1238,30679,Idar KHATANOV,rus,2,2,4,0.5,7.0,3.5,,,2.0,0.0,1.0,0.0,,,,,,,,0.75,1.0,,,,,,0.11,0.0,1.0,1.0,0.33,,0.0,,0.0,0.0,,0.0,0.0,0.0,0.08,,,,,,0
1239,27147,Shayan Hossein AFIFI,iri,2,2,4,0.5,3.75,3.25,,,1.0,0.0,1.0,0.0,,,,,,,,0.0,0.0,0.0,,,0.0,,0.11,0.0,1.0,1.0,0.33,,0.0,0.0,0.0,0.0,0.0,0.0,0.0,1.0,0.08,,,,,,0
1240,28234,Andrei DUKOV,rou,4,8,12,0.33,3.083333333333333,6.416666666666666,,1.0,10.0,0.1,1.0,0.5,1.0,0.11,,,,,,0.32,0.44,0.0,,0.0,0.0,,0.11,0.25,1.5,1.0,0.31,1.0,0.25,1.0,0.25,0.5,1.0,0.5,0.25,0.25,0.51,0.17,,0.0,,,0
1241,23564,Oleksandr YEVDOKIMOV,ukr,6,8,14,0.43,3.285714285714286,4.785714285714286,0.0,,2.0,0.0,1.0,0.0,,,,,0.0,,0.84,0.0,,,0.0,,0.0,0.81,0.11,0.0,1.0,1.0,0.33,,0.0,,0.0,0.0,,0.0,0.0,0.0,0.64,0.0,0.0,0.0,0.5,0.1875,0
1242,27971,Dimitar Atanasov ANGELOV,bul,4,7,11,0.36,4.363636363636364,8.090909090909092,,,1.0,0.0,1.0,0.0,,,,,,,,0.29,0.5,,,0.0,0.0,,0.11,1.0,1.0,1.0,0.33,1.0,1.0,,0.0,0.0,,0.0,0.0,0.0,0.51,0.0,,0.0,,,0
1243,27143,Alijon KHUSEYNOV,uzb,5,7,12,0.42,3.833333333333333,5.333333333333333,,,1.0,0.0,1.0,0.0,,,,,,,,0.14,0.33,,,0.0,,,0.11,0.0,1.0,1.0,0.33,,0.0,0.0,0.0,0.0,0.0,0.0,0.0,1.0,0.62,0.0,,0.0,,,0
1244,25543,Akhmed AIBUEV,fra,14,16,30,0.47,4.866666666666666,5.466666666666667,,1.0,8.0,0.13,1.0,0.67,,,,,,,,0.45,0.83,0.0,,,0.0,,0.09,0.0,1.67,1.0,0.3,,0.0,,0.0,0.0,1.0,0.67,0.33,0.33,0.5,0.0,,0.21,,,0
1245,28370,Domonick Petro DEMAS,usa,2,2,4,0.5,4.25,4.5,,,9.0,0.0,2.0,0.0,,,,,,,,0.7,0.78,,,,,,0.09,0.0,3.0,2.0,0.17,,0.0,0.0,0.0,0.0,0.0,0.0,0.0,1.0,0.08,,,,,,0
1246,25626,Nicolai GRAHMEZ,mda,29,13,42,0.69,7.476190476190477,4.428571428571429,,,10.0,0.0,1.33,0.0,,,,,,,,0.5,0.57,,,0.2,0.0,,0.09,0.0,1.67,1.33,0.27,,0.0,0.5,0.33,0.67,1.0,0.67,0.33,0.33,0.58,0.68,,0.0,,,0
1247,22591,Magomedgadji NUROV,mkd,3,5,8,0.38,6.125,4.625,0.35,2.0,9.0,0.22,1.0,4.0,,,0.25,1.0,0.79,,0.0,0.58,0.82,,,,0.5,0.0,0.09,0.0,4.0,1.0,0.2,,0.0,0.0,0.0,0.0,0.0,0.0,0.0,0.5,0.0,,,,0.0,0.3075,0
1248,27555,Sonhyang KIM,prk,6,3,9,0.67,7.0,3.333333333333333,,,8.0,0.0,2.0,0.0,,,,,,,,0.33,1.0,,,0.0,,,0.09,2.0,2.0,2.0,0.2,1.0,2.0,,0.0,0.0,,0.0,0.0,0.0,0.63,0.26,,0.0,,,0
1249,22496,Darian Toi CRUZ,pur,10,11,21,0.48,4.61904761904762,4.61904761904762,,1.0,10.0,0.1,1.5,1.0,,,0.5,1.0,,,,0.6,1.0,,,,,,0.09,0.0,2.0,1.5,0.23,,0.0,0.0,0.0,0.0,,0.0,0.0,0.0,0.08,,,,,,0
1250,20189,Georgi Lyubomirov IVANOV,bul,16,18,34,0.47,4.941176470588236,4.823529411764706,0.9,1.0,6.0,0.17,1.0,1.0,,,,,0.12,,0.0,0.18,0.33,,,0.0,,0.0,0.09,0.0,1.5,1.0,0.29,,0.0,,0.0,0.0,,0.0,0.0,0.0,0.59,0.26,,0.0,0.0,0.425,0
1251,22695,Yoan Danielov DIMITROV,bul,9,16,25,0.36,2.8,4.64,,,5.0,0.0,1.0,0.0,,,,,,,,0.0,0.0,,,0.0,,,0.09,0.33,1.0,1.0,0.3,1.0,0.33,,0.0,0.0,,0.0,0.0,0.0,0.46,0.0,,0.0,,,0
1252,34989,Madalin BARANGA,rou,0,2,2,0.0,1.0,11.0,,1.0,3.0,0.33,0.5,1.0,1.0,1.0,,,,,,0.33,0.38,,,,0.4,,0.09,0.0,1.0,0.5,0.33,,0.0,,0.0,0.0,,0.0,0.0,0.0,0.0,,,,,,0
1253,23152,Ihor NYKYFORUK,ukr,14,9,23,0.61,7.608695652173914,4.130434782608696,,1.0,26.0,0.04,1.67,1.33,,,,,,,,0.48,0.67,0.0,,,0.33,,0.09,0.75,3.25,1.75,0.19,1.0,0.75,1.0,0.5,1.0,0.67,1.0,0.5,0.75,0.0,,,,,,0
1254,20112,Besir ALILI,mkd,14,17,31,0.45,5.0,5.67741935483871,,1.0,5.0,0.2,0.5,0.5,,,,,,,,0.47,0.68,0.0,,0.0,0.25,,0.09,0.0,1.0,0.5,0.33,,0.0,,0.0,0.0,,0.0,0.0,0.0,0.5,0.52,,0.0,,,0
1255,22689,Alex KESSIDIS,swe,14,7,21,0.67,4.428571428571429,2.476190476190476,,1.0,3.0,0.33,0.5,1.0,,,,,,,,0.13,1.0,,,0.0,,,0.09,0.0,1.0,0.5,0.33,,0.0,,0.0,0.0,,0.0,0.0,0.0,0.0,,,,,,0
1256,22008,Rohit ROHIT,ind,13,13,26,0.5,5.923076923076923,5.769230769230769,,2.0,6.0,0.33,0.67,0.67,1.0,0.25,,,,,,0.3,0.55,,,0.0,0.0,,0.09,0.0,0.67,0.67,0.33,,0.0,,0.0,0.0,,0.0,0.0,0.0,0.18,0.0,,,,,0
1257,22521,Adil OSPANOV,kaz,7,11,18,0.39,4.5,7.222222222222222,0.0,,2.0,0.0,0.5,0.0,,,,,0.85,,0.96,0.47,0.64,,,,1.0,0.66,0.09,0.0,1.0,0.5,0.33,,0.0,,0.0,0.0,1.0,1.0,0.5,0.5,0.51,0.7,0.0,0.0,0.0,0.3625,0
1258,21691,Petra Maarit OLLI,fin,19,6,25,0.76,4.88,2.84,,,12.0,0.0,1.33,0.0,,,,,,,,0.36,0.8,0.33,,0.0,0.33,,0.09,0.0,1.67,1.33,0.25,,0.0,,0.0,0.0,,0.0,0.0,0.0,0.06,,,,,,0
1259,23344,Sagar SAGAR,ind,5,9,14,0.36,3.428571428571429,6.071428571428571,,,1.0,0.0,0.5,0.0,,,,,,,,0.22,0.0,,,,1.0,,0.09,0.0,1.0,0.5,0.33,,0.0,,0.0,0.0,,0.0,0.0,0.0,0.0,,,,,,0
1260,29189,Luis Felipe VIVENES URBANEJA,ven,3,9,12,0.25,1.916666666666667,8.0,,1.0,4.0,0.25,1.0,2.0,1.0,0.33,,,,,,0.14,0.33,,,,0.0,,0.08,0.0,2.0,1.0,0.25,,0.0,,0.0,0.0,,0.0,0.0,0.0,0.0,,,,,,0
1261,27396,Ilona DYDIAK SEMKIV,ukr,5,2,7,0.71,8.142857142857144,5.285714285714286,,1.0,4.0,0.25,1.0,2.0,,,1.0,1.0,,,,0.3,0.5,,,,0.5,,0.08,0.0,2.0,1.0,0.25,,0.0,,0.0,0.0,,0.0,0.0,0.0,0.2,0.0,,,,,1
1262,23200,Nurmukhammet ABDULLAEV,kgz,11,12,23,0.48,4.956521739130435,4.956521739130435,0.0,,5.0,0.0,1.0,0.0,,,,,0.62,,0.0,0.44,0.0,0.0,0.75,,0.56,0.0,0.08,0.0,0.67,1.0,0.3,,0.0,0.33,0.33,0.0,0.33,0.0,0.33,1.0,0.53,0.5,,0.0,0.0,0.3075,0
1263,23469,Moustafa Hussein Fathy ALAMELDIN,egy,17,5,22,0.77,7.227272727272727,2.590909090909091,0.0,,1.0,0.0,1.0,0.0,,,,,0.0,,0.74,0.0,,,,,,0.81,0.08,0.0,2.0,1.0,0.25,,0.0,,0.0,0.0,,0.0,0.0,0.0,0.52,0.0,0.0,0.0,0.0,0.15,0
1264,35734,Giorgi NISHNIANIDZE,geo,0,1,1,0.0,2.0,12.0,,,3.0,0.0,1.0,0.0,,,,,,,,0.14,0.5,,,0.0,0.0,,0.08,0.0,2.0,1.0,0.25,,0.0,1.0,1.0,2.0,1.0,2.0,1.0,1.0,0.0,,,,,,0
1265,21359,Mariia YEFREMOVA,ukr,23,1,24,0.96,7.75,0.4583333333333333,0.28,2.0,8.0,0.25,1.0,2.0,1.0,0.2,,,1.0,,0.74,1.0,1.0,,,,,0.66,0.08,0.0,2.0,1.0,0.25,,0.0,,0.0,0.0,,0.0,0.0,0.0,0.48,1.0,0.0,0.0,0.0,0.46,0
1266,33980,Niazi IMPIS,gre,0,2,2,0.0,1.0,11.0,,,3.0,0.0,1.0,0.0,,,,,,,,0.0,0.0,,,,0.0,,0.08,0.0,2.0,1.0,0.25,,0.0,,0.0,0.0,,0.0,0.0,0.0,0.0,,,,,,0
1267,30968,Umalt DAUDOV,kaz,1,4,5,0.2,1.4,7.2,,,3.0,0.0,1.0,0.0,,,,,,,,0.14,0.0,,,0.0,0.5,,0.08,0.0,1.0,1.0,0.29,,0.0,,0.0,0.0,,0.0,0.0,0.0,0.32,0.0,,,,,0
1268,29767,Vasile Alexandru DOSOFTEI,rou,2,5,7,0.29,2.142857142857143,6.428571428571429,,,5.0,0.0,1.0,0.0,,,,,,,,0.33,0.8,,,0.0,0.0,,0.08,0.0,1.0,1.0,0.29,,0.0,,0.0,0.0,,0.0,0.0,0.0,0.04,,,,,,0
1269,30243,Samuel Edhinson ALVA PEDRAGAS,per,2,3,5,0.4,3.8,5.6,,,3.0,0.0,1.0,0.0,,,,,,,,0.5,0.67,,,0.0,,,0.08,0.0,2.0,1.0,0.25,,0.0,,0.0,0.0,1.0,2.0,1.0,1.0,0.0,,,,,,0
1270,20313,Aurora RUSSO,ita,24,19,43,0.56,5.581395348837209,3.86046511627907,0.0,,3.0,0.0,1.0,0.0,,,,,0.81,,0.0,0.57,0.8,0.0,,,0.0,0.0,0.08,0.0,2.0,1.0,0.25,,0.0,,0.0,0.0,,0.0,0.0,0.0,0.0,,,,0.0,0.2225,0
1271,28233,Givi DAVIDOVI,ita,12,13,25,0.48,4.48,3.64,,3.0,14.0,0.21,1.0,1.5,1.0,0.1,0.67,2.0,,,,0.35,0.47,0.0,,,0.17,,0.08,0.0,2.0,1.0,0.25,,0.0,0.5,0.25,0.5,0.5,0.5,0.25,0.5,0.53,0.43,,0.23,,,0
1272,20330,Yasmine SOLIMAN,hun,4,6,10,0.4,5.0,5.3,,,3.0,0.0,1.0,0.0,,,,,,,,0.25,0.5,0.0,,,0.0,,0.08,0.0,2.0,1.0,0.25,,0.0,,0.0,0.0,,0.0,0.0,0.0,0.0,,,,,,0
1273,28323,Ibrahim SAIDAU,blr,4,5,9,0.44,2.777777777777778,3.666666666666667,,1.0,3.0,0.33,1.0,0.0,1.0,0.33,,,,,,0.43,0.5,,,,0.0,,0.08,0.0,0.0,1.0,0.33,,0.0,,0.0,0.0,,0.0,0.0,0.0,0.0,,,,,,0
1274,31920,Sandro FRANKOL,cro,0,3,3,0.0,0.3333333333333333,8.666666666666666,,,2.0,0.0,0.5,0.0,,,,,,,,0.0,0.0,,,,0.0,,0.07,0.0,0.5,0.5,0.33,,0.0,,0.0,0.0,,0.0,0.0,0.0,0.18,0.0,,,,,0
1275,28934,Akhmed Adamovitch MAGAMAEV,bul,8,9,17,0.47,4.11764705882353,4.411764705882352,,1.0,11.0,0.09,1.0,1.33,1.0,0.1,,,,,,0.29,0.5,,,0.0,0.5,,0.07,0.33,2.33,1.0,0.23,1.0,0.33,,0.0,0.0,,0.0,0.0,0.0,0.0,,,,,,0
1276,28804,Morteza Hassanali GHIASI CHEKA,iri,7,5,12,0.58,5.166666666666666,3.0,,1.0,20.0,0.08,1.5,1.0,1.0,0.08,,,,,,0.65,0.85,,,0.0,,,0.07,0.33,1.33,1.0,0.13,1.0,0.33,0.0,0.0,0.0,0.0,0.0,0.0,0.33,0.57,0.68,,0.0,,,0
1277,22182,Stilyan Yanchev ILIEV,bul,6,13,19,0.32,3.210526315789473,6.789473684210527,,1.0,3.0,0.33,0.5,0.5,,,0.5,1.0,,,,0.21,0.1,,,,0.5,,0.07,0.0,0.5,0.5,0.33,,0.0,,0.0,0.0,,0.0,0.0,0.0,0.0,,,,,,0
1278,29001,Ibrahim TIGCI,tur,4,12,16,0.25,2.5,3.875,,,2.0,0.0,0.5,0.0,,,,,,,,0.5,0.0,,,,0.75,,0.07,0.0,0.5,0.5,0.33,,0.0,,0.0,0.0,,0.0,0.0,0.0,0.28,0.43,,,,,0
1279,22720,Danila SOTNIKOV,ita,6,6,12,0.5,3.083333333333333,1.916666666666667,,,2.0,0.0,0.5,0.0,,,,,,,,0.0,0.0,,,0.0,,,0.07,0.0,0.5,0.5,0.33,,0.0,,0.0,0.0,,0.0,0.0,0.0,0.04,,,,,,0
1280,23367,Paulius GALKINAS,ltu,10,25,35,0.29,1.628571428571429,4.685714285714286,,,2.0,0.0,0.5,0.0,,,,,0.0,,0.74,0.1,0.0,,,0.0,1.0,0.0,0.07,0.5,0.5,0.5,0.33,1.0,0.5,,0.0,0.0,,0.0,0.0,0.0,0.2,0.0,,,0.0,,0
1281,21693,Henna Katarina JOHANSSON,swe,18,9,27,0.67,4.444444444444445,2.962962962962963,,,11.0,0.0,1.5,0.0,,,,,,,,0.33,1.0,,,,1.0,,0.07,0.5,1.5,1.5,0.21,1.0,0.5,,0.0,0.0,,0.0,0.0,0.0,0.08,,,,,,0
1282,20327,Iris Mathilde THIEBAUX,fra,8,9,17,0.47,3.058823529411765,3.529411764705882,0.23,1.0,7.0,0.14,1.0,1.0,1.0,0.14,,,0.0,,0.0,0.0,0.0,,0.0,,0.0,0.0,0.07,0.0,1.5,1.0,0.25,,0.0,,0.0,0.0,,0.0,0.0,0.0,0.04,,,,0.5,0.085,0
1283,20741,Udit UDIT,ind,11,5,16,0.69,7.1875,4.25,0.0,,10.0,0.0,2.0,0.0,,,,,0.75,,0.0,0.5,0.75,,0.0,,0.0,0.0,0.07,1.0,2.0,2.0,0.15,1.0,1.0,0.0,0.0,0.0,0.0,0.0,0.0,1.0,0.0,,,,0.0,0.205,0
1284,22672,Emmanuel Alexis BENITEZ CASTRO,mex,8,12,20,0.4,3.7,3.4,0.0,,2.0,0.0,0.33,0.0,,,,,0.0,,0.62,0.29,0.4,,,0.0,0.5,0.0,0.07,0.33,0.33,0.33,0.33,1.0,0.33,,0.0,0.0,,0.0,0.0,0.0,0.2,0.83,,,0.0,0.0675,0
1285,35739,Turgay Fehrun FEVZI,bul,0,2,2,0.0,1.0,8.5,,,3.0,0.0,1.0,0.0,,,,,,,,0.25,0.33,,,0.0,0.0,,0.07,0.0,1.0,1.0,0.25,,0.0,,0.0,0.0,,0.0,0.0,0.0,0.64,0.43,,0.0,,,0
1286,29400,Vitalii KULAKEVYCH,ukr,1,2,3,0.33,3.333333333333333,5.333333333333333,,1.0,4.0,0.25,1.0,1.0,1.0,0.33,,,,,,0.29,0.67,,,0.0,,,0.07,0.0,1.0,1.0,0.25,,0.0,,0.0,0.0,,0.0,0.0,0.0,0.64,0.29,,0.31,,,0
1287,23281,Paulina Malgorzata DANISZ,pol,2,9,11,0.18,1.818181818181818,4.818181818181817,,,3.0,0.0,1.0,0.0,,,,,,,,0.0,,,,0.0,,,0.07,0.0,1.0,1.0,0.25,,0.0,,0.0,0.0,,0.0,0.0,0.0,0.08,,,,,,0
1288,23639,Yelena SHALYGINA,kaz,5,10,15,0.33,3.333333333333333,4.533333333333333,,,3.0,0.0,1.0,0.0,,,,,,,,0.0,,,,,,,0.07,0.0,1.0,1.0,0.25,,0.0,,0.0,0.0,,0.0,0.0,0.0,0.08,,,,,,0
1289,23357,Roman PACURKOWSKI,pol,13,15,28,0.46,4.071428571428571,4.25,,,1.0,0.0,0.33,0.0,,,,,0.0,,0.62,0.14,0.5,,,,,0.0,0.07,0.0,0.33,0.33,0.33,,0.0,,0.0,0.0,,0.0,0.0,0.0,0.23,0.0,,,0.0,,0
1290,25980,Keegan Daniel OTOOLE,usa,9,0,9,1.0,9.0,2.111111111111111,,,5.0,0.0,1.0,0.0,,,,,,,,0.5,1.0,,,0.0,,,0.07,0.0,4.0,1.0,0.14,,0.0,0.5,1.0,4.0,0.0,0.0,0.0,1.0,0.0,,,,,,0
1291,30147,Gaukhar MUKATAY,kaz,2,11,13,0.15,1.461538461538462,5.923076923076923,,,3.0,0.0,1.0,0.0,,,,,,,,0.17,0.5,0.0,,,0.0,,0.07,0.0,1.0,1.0,0.25,,0.0,,0.0,0.0,,0.0,0.0,0.0,0.0,,,,,,0
1292,20784,Joilson DE BRITO RAMOS JUNIOR,bra,27,24,51,0.53,4.588235294117648,4.235294117647058,,,,,0.33,0.0,,,,,,,,0.19,0.33,,,0.0,0.5,,0.07,0.0,0.33,0.33,0.33,,0.0,0.0,0.0,0.0,0.0,0.0,0.0,0.33,0.21,0.0,,,,,0
1293,25069,Polina LUKINA,ain,15,7,22,0.68,6.863636363636364,5.272727272727272,0.0,,3.0,0.0,1.0,0.0,,,,,0.4,,0.74,0.25,0.67,0.0,0.0,,0.0,0.0,0.07,0.0,1.0,1.0,0.25,,0.0,,0.0,0.0,,0.0,0.0,0.0,0.25,0.0,,,0.0,0.18,0
1294,30051,Ciro RUSSO,ita,3,5,8,0.38,2.875,3.875,,,2.0,0.0,1.0,0.0,,,,,,,,0.0,,,,0.0,,,0.07,1.0,1.0,1.0,0.25,1.0,1.0,,0.0,0.0,,0.0,0.0,0.0,0.5,0.0,,0.0,,,0
1295,26799,Zotlan LEVAI,hun,19,4,23,0.83,5.130434782608696,1.130434782608696,,,3.0,0.0,1.0,0.0,,,,,,,,0.0,0.0,,,,,,0.07,0.0,1.0,1.0,0.25,,0.0,,0.0,0.0,,0.0,0.0,0.0,0.08,,,,,,0
1296,23525,Pavel GRAUR,mda,9,13,22,0.41,4.727272727272728,5.045454545454546,0.0,,3.0,0.0,1.0,0.0,,,,,0.88,,0.0,0.67,1.0,,,,,0.0,0.07,0.0,1.0,1.0,0.25,,0.0,,0.0,0.0,,0.0,0.0,0.0,0.08,,,,0.5,0.2575,0
1297,22573,Miriani MAISURADZE,geo,30,15,45,0.67,5.977777777777778,3.288888888888889,,,3.0,0.0,1.0,0.0,,,,,,,,0.29,0.67,,,,0.0,,0.07,0.0,1.0,1.0,0.25,,0.0,,0.0,0.0,,0.0,0.0,0.0,0.08,,,,,,0
1298,22185,Narek HARUTYUNYAN,arm,13,6,19,0.68,7.105263157894737,3.631578947368421,,,10.0,0.0,1.0,0.0,,,,,,,,0.47,0.5,0.0,,,0.75,,0.07,0.0,1.67,1.0,0.23,,0.0,1.0,0.33,0.67,1.0,0.67,0.33,0.33,0.0,,,,,,0
1299,26321,Kathrin MATHIS,aut,2,6,8,0.25,1.625,6.5,,,3.0,0.0,1.0,0.0,,,,,,,,0.25,1.0,,,,,,0.06,0.0,2.0,1.0,0.2,,0.0,0.0,0.0,0.0,1.0,2.0,1.0,1.0,0.0,,,,,,0
1300,26904,Daniel Gregory Clifton KERKVLIET JR,usa,4,1,5,0.8,7.2,1.8,,1.0,5.0,0.2,1.0,2.0,1.0,0.33,,,,,,0.25,,,,,,,0.06,0.0,2.0,1.0,0.2,,0.0,,0.0,0.0,,0.0,0.0,0.0,0.0,,,,,,0
1301,22246,Artsiom KLITSUNOU,blr,6,4,10,0.6,4.7,2.7,,,4.0,0.0,1.0,0.0,,,,,,,,0.33,0.0,,,,1.0,,0.06,0.0,2.0,1.0,0.2,,0.0,,0.0,0.0,1.0,2.0,1.0,1.0,0.0,,,,,,0
1302,22568,Abubakr ABAKAROV,aze,46,20,66,0.7,6.378787878787879,3.03030303030303,0.0,3.0,14.0,0.21,1.0,2.0,3.0,0.23,,,0.6,,0.84,0.38,0.46,,1.0,0.0,1.0,0.81,0.06,0.0,2.0,1.0,0.2,,0.0,0.0,0.0,0.0,0.0,0.0,0.0,0.33,0.52,0.11,0.0,0.1,0.0,0.295,0
1303,23118,Andrea Yurani GONZALEZ GONGORA,col,2,7,9,0.22,0.8888888888888888,5.888888888888888,0.0,,4.0,0.0,1.0,0.0,,,,,0.65,,0.0,0.43,0.75,,0.0,,0.0,0.0,0.06,0.0,2.0,1.0,0.2,,0.0,,0.0,0.0,,0.0,0.0,0.0,0.0,,,,0.0,0.1775,0
1304,26974,Otari GOGAVA,geo,3,9,12,0.25,2.666666666666667,5.0,,,11.0,0.0,1.0,0.0,,,,,,,,0.6,0.79,,,0.0,0.33,,0.05,0.33,2.33,1.0,0.18,0.5,0.33,1.0,0.33,1.33,1.0,1.33,0.33,0.33,0.62,0.86,,0.0,,,0
1305,21516,Akhsarbek GULAEV,svk,29,21,50,0.58,4.22,3.42,,,6.0,0.0,0.67,0.0,,,,,0.0,,0.84,0.38,0.67,0.0,,0.0,0.0,0.66,0.05,0.0,1.0,0.67,0.25,,0.0,1.0,0.33,0.67,1.0,0.67,0.33,0.33,0.53,0.0,0.76,0.0,0.0,,0
1306,23646,Stefan Ionut COMAN,rou,11,18,29,0.38,3.689655172413793,5.275862068965517,0.18,1.0,7.0,0.14,0.67,0.67,1.0,0.25,,,0.46,,0.84,0.48,0.86,,,0.18,1.0,0.66,0.05,0.0,1.0,0.67,0.25,,0.0,,0.0,0.0,,0.0,0.0,0.0,0.5,0.83,0.69,0.72,0.25,0.2975,0
1307,28055,Ramon Rainer BETSCHART,sui,12,13,25,0.48,3.64,3.96,0.0,,6.0,0.0,0.67,0.0,,,,,0.4,,0.0,0.08,0.5,,,0.0,0.0,0.0,0.05,0.33,1.0,0.67,0.25,1.0,0.33,,0.0,0.0,,0.0,0.0,0.0,0.19,0.0,,,0.0,0.16,0
1308,20328,Luisa SCHEEL,ger,8,11,19,0.42,3.368421052631579,4.789473684210527,,,6.0,0.0,1.0,0.0,,,,,,,,0.14,0.5,,,,,,0.05,1.0,1.0,1.0,0.22,0.67,1.0,,0.0,0.0,,0.0,0.0,0.0,0.0,,,,,,0
1309,30211,Hafiz Can HASDEMIR,tur,2,3,5,0.4,2.8,5.2,,,6.0,0.0,1.0,0.0,,,,,,,,0.17,1.0,,,0.0,0.0,,0.05,0.5,1.5,1.0,0.2,1.0,0.5,0.0,0.0,0.0,0.0,0.0,0.0,0.5,0.58,0.5,,0.0,,,0
1310,22600,Jere Tapani HEINO,fin,5,10,15,0.33,2.733333333333333,4.8,,1.0,3.0,0.33,0.5,1.0,1.0,0.33,,,,,,0.0,0.0,,,,,,0.05,0.0,1.0,0.5,0.25,,0.0,0.0,0.0,0.0,0.0,0.0,0.0,0.5,0.45,0.0,,0.44,,,0
1311,22594,Samhan JABRAILOV,mda,6,13,19,0.32,2.894736842105263,4.210526315789473,,1.0,8.0,0.13,1.0,1.0,1.0,0.33,,,,,,0.44,1.0,,,0.0,0.0,,0.05,0.0,1.5,1.0,0.2,,0.0,0.0,0.0,0.0,0.0,0.0,0.0,0.5,0.54,0.83,,0.44,,,0
1312,31898,Mykola BOLOTNJUK,svk,0,1,1,0.0,2.0,11.0,,,5.0,0.0,1.0,0.0,,,,,,,,0.22,0.33,,,,0.0,,0.05,0.0,2.0,1.0,0.17,,0.0,,0.0,0.0,,0.0,0.0,0.0,0.65,0.11,,0.0,,,0
1313,32326,Lukas KRASAUSKAS,ltu,0,14,14,0.0,1.357142857142857,10.64285714285714,,,7.0,0.0,0.5,0.0,,,,,0.12,,0.84,0.14,0.27,,0.0,0.0,0.0,0.0,0.05,0.0,1.5,0.5,0.22,,0.0,,0.0,0.0,,0.0,0.0,0.0,0.24,0.43,,,0.0,,0
1314,20153,Sabuhi AMIRASLANOV,aze,10,8,18,0.56,5.444444444444445,3.166666666666667,0.21,1.0,6.0,0.17,1.0,2.0,1.0,0.2,,,0.9,,0.96,0.7,0.86,,0.5,,0.5,0.88,0.05,0.0,2.0,1.0,0.17,,0.0,,0.0,0.0,,0.0,0.0,0.0,0.62,0.68,0.0,0.0,0.0,0.445,0
1315,30530,Viktor KRUPA,ukr,2,2,4,0.5,5.25,4.75,,1.0,4.0,0.25,1.0,2.0,1.0,0.25,,,,,,0.45,1.0,0.0,,0.0,0.0,,0.05,0.0,2.0,1.0,0.17,,0.0,,0.0,0.0,,0.0,0.0,0.0,0.61,0.69,,0.0,,,0
1316,26618,Davit JOTYAN,arm,4,2,6,0.67,7.0,1.666666666666667,,,3.0,0.0,1.0,0.0,,,,,,,,0.0,,,,,0.0,,0.04,0.0,1.0,1.0,0.2,,0.0,0.0,0.0,0.0,0.0,0.0,0.0,1.0,0.61,0.0,,0.0,,,0
1317,25571,Nadezhda SOKOLOVA,ain,14,10,24,0.58,6.083333333333333,3.916666666666667,,,4.0,0.0,1.0,0.0,,,,,,,,0.0,0.0,,,0.0,0.0,,0.04,1.0,1.0,1.0,0.2,1.0,1.0,,0.0,0.0,,0.0,0.0,0.0,0.0,,,,,,0
1318,23225,Dmytro VASETSKYI,ukr,15,11,26,0.58,4.653846153846153,3.807692307692308,,,3.0,0.0,0.5,0.0,,,,,,,,0.0,0.0,,,,0.0,,0.04,0.0,0.5,0.5,0.25,,0.0,,0.0,0.0,,0.0,0.0,0.0,0.04,,,,,,0
1319,29247,Muslim SAIDULAEV,rus,3,1,4,0.75,7.75,0.25,,1.0,5.0,0.2,1.0,1.0,1.0,0.5,,,,,,0.75,1.0,,,,,,0.04,0.0,1.0,1.0,0.2,,0.0,,0.0,0.0,,0.0,0.0,0.0,0.0,,,,,,0
1320,22516,Assyl AITAKYN,kaz,9,7,16,0.56,3.625,3.375,,1.0,7.0,0.14,0.67,0.67,,,,,,,,0.11,0.22,,,0.0,0.0,,0.04,0.33,1.0,0.67,0.22,1.0,0.33,,0.0,0.0,,0.0,0.0,0.0,0.53,0.0,,0.21,,,0
1321,23657,KHOTSIANIVSKYI,ukr,9,3,12,0.75,5.166666666666666,2.583333333333333,0.0,,2.0,0.0,0.5,0.0,,,,,0.0,,0.62,0.0,,,,0.0,,0.77,0.04,0.5,0.5,0.5,0.25,0.5,0.5,,0.0,0.0,,0.0,0.0,0.0,0.46,0.0,0.08,0.0,0.0,0.125,0
1322,35983,Zhipeng JIANG,chn,0,1,1,0.0,1.0,8.0,,,4.0,0.0,1.0,0.0,,,,,,,,0.2,0.33,,,,,,0.04,0.0,1.0,1.0,0.2,,0.0,,0.0,0.0,,0.0,0.0,0.0,0.69,0.0,,0.0,,,0
1323,25691,Bolortuya KHURELKHUU,mgl,17,26,43,0.4,3.627906976744185,5.209302325581395,0.0,,8.0,0.0,1.0,0.0,,,,,0.0,,0.74,0.14,0.0,,,,1.0,0.88,0.04,0.0,1.0,1.0,0.2,,0.0,,0.0,0.0,,0.0,0.0,0.0,0.55,0.0,0.0,0.0,0.5,0.1475,0
1324,22775,Zhamila BAKBERGENOVA,kaz,51,26,77,0.66,6.285714285714286,3.987012987012987,,,4.0,0.0,1.0,0.0,,,,,,,,0.0,,,,,0.0,,0.04,1.0,1.0,1.0,0.2,1.0,1.0,,0.0,0.0,,0.0,0.0,0.0,0.0,,,,,,0
1325,23528,Nikolay Iliev DIMITROV,bul,2,5,7,0.29,2.428571428571429,5.857142857142857,0.0,,3.0,0.0,0.5,0.0,,,,,0.75,,0.0,0.58,0.69,,0.0,0.0,0.25,0.0,0.04,0.5,0.5,0.5,0.25,1.0,0.5,,0.0,0.0,,0.0,0.0,0.0,0.51,0.52,,0.0,0.0,0.325,0
1326,23569,Beatrice Ionela FERENT,rou,7,12,19,0.37,3.210526315789473,4.578947368421053,,,4.0,0.0,1.0,0.0,,,,,,,,0.17,0.0,,,,,,0.04,0.0,1.0,1.0,0.2,,0.0,,0.0,0.0,,0.0,0.0,0.0,0.2,0.0,,,,,0
1327,27954,Jiae CHOI,kor,3,5,8,0.38,3.875,5.75,,,4.0,0.0,1.0,0.0,,,,,,,,0.0,,0.0,,,,,0.04,0.0,1.0,1.0,0.2,,0.0,,0.0,0.0,,0.0,0.0,0.0,0.08,,,,,,0
1328,22597,Lkhagvagerel MUNKHTUR,mgl,29,17,46,0.63,3.978260869565218,3.282608695652173,,,1.0,0.0,0.33,0.0,,,,,,,,0.33,0.75,,,0.0,0.0,,0.03,0.0,0.67,0.33,0.25,,0.0,,0.0,0.0,,0.0,0.0,0.0,0.0,,,,,,0
1329,21732,James Malcolm GREEN,usa,17,8,25,0.68,6.6,2.76,,1.0,12.0,0.08,1.0,4.0,1.0,0.1,,,,,,0.43,,,,0.0,0.67,,0.03,0.0,4.0,1.0,0.08,,0.0,,0.0,0.0,,0.0,0.0,0.0,0.0,,,,,,0
1330,22469,Gabija DILYTE,ltu,8,17,25,0.32,2.08,6.12,,1.0,7.0,0.14,1.0,2.0,,,,,,,,0.2,1.0,,,0.0,0.0,,0.03,0.0,2.0,1.0,0.14,,0.0,,0.0,0.0,,0.0,0.0,0.0,0.52,0.0,,0.0,,,0
1331,30773,Yaroslav HURSKYY,ukr,1,2,3,0.33,2.666666666666667,3.666666666666667,,1.0,7.0,0.14,1.0,2.0,1.0,0.17,,,,,,0.33,1.0,,,,0.0,,0.03,0.0,2.0,1.0,0.14,,0.0,,0.0,0.0,,0.0,0.0,0.0,0.0,,,,,,0
1332,30774,Malik Michael AMINE,smr,1,13,14,0.07,3.785714285714286,7.571428571428571,,,6.0,0.0,1.0,0.0,,,,,,,,0.36,0.5,0.0,,0.0,0.0,,0.03,0.0,2.0,1.0,0.14,,0.0,1.0,1.0,2.0,1.0,2.0,1.0,1.0,0.55,0.0,,0.0,,,0
1333,21424,Lachlan Maurice MCNEIL,can,11,7,18,0.61,7.777777777777779,4.388888888888888,,,6.0,0.0,1.0,0.0,,,,,,,,0.4,0.5,,,,0.0,,0.03,0.0,2.0,1.0,0.14,,0.0,,0.0,0.0,,0.0,0.0,0.0,0.62,0.11,,0.0,,,0
1334,23745,Yusneylis GUZMÁN LÓPEZ,cub,5,3,8,0.63,3.875,3.875,0.0,,6.0,0.0,1.0,0.0,,,,,0.29,,0.0,0.2,1.0,,0.0,,0.0,0.94,0.03,0.0,2.0,1.0,0.14,,0.0,,0.0,0.0,,0.0,0.0,0.0,0.32,,0.12,0.0,0.0,0.16,0
1335,23135,Intigam VALIZADA,aze,8,9,17,0.47,4.941176470588236,4.764705882352941,,1.0,5.0,0.2,1.0,2.0,,,1.0,1.0,,,,0.56,1.0,0.0,,0.0,0.0,,0.03,0.0,2.0,1.0,0.14,,0.0,,0.0,0.0,,0.0,0.0,0.0,0.0,,,,,,0
1336,26254,Hovhannes MKHITARYAN,arm,8,10,18,0.44,5.222222222222222,5.277777777777778,,,9.0,0.0,1.0,0.0,,,,,,,,0.56,0.77,0.0,,0.0,0.0,,0.03,0.0,1.0,1.0,0.18,,0.0,,0.0,0.0,,0.0,0.0,0.0,0.56,0.68,,0.0,,,0
1337,26884,Ferhat KILIC,tur,2,3,5,0.4,2.2,4.8,,,5.0,0.0,1.0,0.0,,,,,,,,0.67,,,,,1.0,,0.03,0.0,1.0,1.0,0.17,,0.0,,0.0,0.0,,0.0,0.0,0.0,0.69,0.83,,0.0,,,0
1338,23386,Gerard Cyprian KURNICZAK,pol,11,17,28,0.39,2.571428571428572,3.607142857142857,,,3.0,0.0,0.33,0.0,,,,,0.29,,0.0,0.15,,,0.0,0.0,0.0,0.0,0.03,0.0,0.33,0.33,0.25,,0.0,,0.0,0.0,,0.0,0.0,0.0,0.21,0.0,,,0.25,,0
1339,25637,Rasul TSIKHAYEU,ain,7,6,13,0.54,4.538461538461538,3.307692307692308,,,4.0,0.0,1.0,0.0,,,,,,,,0.92,1.0,,,,,,0.03,0.0,1.0,1.0,0.17,,0.0,,0.0,0.0,,0.0,0.0,0.0,0.08,,,,,,0
1340,27004,Denys PAVLOV,ukr,4,8,12,0.33,4.583333333333333,7.333333333333333,,,3.0,0.0,0.5,0.0,,,,,,,,0.55,0.91,0.0,,0.0,0.33,,0.03,0.0,1.0,0.5,0.2,,0.0,1.0,0.5,1.0,1.0,1.0,0.5,0.5,0.57,0.68,,0.0,,,0
1341,25692,Tamara DOLLAK,hun,9,15,24,0.38,3.583333333333333,7.791666666666665,0.0,1.0,18.0,0.06,1.0,0.67,,,,,0.0,,0.0,0.42,0.5,0.0,,,0.0,0.0,0.03,0.0,1.67,1.0,0.15,,0.0,,0.0,0.0,,0.0,0.0,0.0,0.62,0.75,,0.04,0.0,0.1625,0
1342,22558,Bumgue SEO,kor,2,2,4,0.5,5.0,7.5,,,5.0,0.0,1.0,0.0,,,,,,,,0.5,0.67,,,,0.33,,0.03,0.0,1.0,1.0,0.17,,0.0,,0.0,0.0,,0.0,0.0,0.0,0.64,0.83,,0.0,,,0
1343,22754,Jowita Maria WRZESIEN,pol,20,18,38,0.53,3.447368421052632,3.894736842105263,0.0,1.0,12.0,0.08,1.0,1.0,,,0.33,1.0,0.0,,0.0,0.43,1.0,,,,,0.0,0.03,0.0,1.5,1.0,0.15,,0.0,,0.0,0.0,,0.0,0.0,0.0,0.52,0.68,,0.23,0.0,0.1375,0
1344,21494,Selahattin KILICSALLAYAN,tur,24,20,44,0.55,5.545454545454546,5.045454545454546,,,10.0,0.0,0.75,0.0,,,,,,,,0.55,0.64,,,0.0,,,0.03,0.0,0.75,0.75,0.2,,0.0,,0.0,0.0,,0.0,0.0,0.0,0.02,,,,,,0
1345,23403,Adela HANZLICKOVA,cze,27,27,54,0.5,3.759259259259259,4.5,,,5.0,0.0,1.0,0.0,,,,,,,,0.0,,0.0,,,0.0,,0.03,0.0,1.0,1.0,0.17,,0.0,,0.0,0.0,,0.0,0.0,0.0,0.08,,,,,,0
1346,34944,Ken HOSAKA,jpn,0,3,3,0.0,1.0,8.666666666666666,,,5.0,0.0,1.0,0.0,,,,,,,,0.11,0.33,,,0.0,0.0,,0.03,1.0,1.0,1.0,0.17,1.0,1.0,,0.0,0.0,,0.0,0.0,0.0,0.65,0.11,,0.0,,,0
1347,22707,Rustam ASSAKALOV,uzb,33,19,52,0.63,4.903846153846153,2.634615384615385,0.6,1.0,3.0,0.33,0.33,1.33,,,,,0.0,,0.0,0.33,,,0.0,,0.0,0.0,0.02,0.0,1.33,0.33,0.2,,0.0,,0.0,0.0,,0.0,0.0,0.0,0.0,,,,0.0,0.155,0
1348,21754,Yurieski TORREBLANCA QUERALTA,cub,20,10,30,0.67,4.966666666666667,2.4,,,6.0,0.0,0.4,0.0,,,,,,,,0.39,0.65,,,0.0,0.25,,0.02,0.0,0.6,0.4,0.22,,0.0,,0.0,0.0,,0.0,0.0,0.0,0.22,0.5,,,,,0
1349,26990,Selim KOZAN,tur,2,6,8,0.25,4.625,9.125,,1.0,4.0,0.25,0.5,2.0,,,,,,,,0.5,0.5,0.0,,0.0,0.0,,0.02,0.0,2.0,0.5,0.14,,0.0,,0.0,0.0,,0.0,0.0,0.0,0.0,,,,,,0
1350,21436,Jayden Alexander LAWRENCE,aus,7,7,14,0.5,5.142857142857143,5.214285714285714,0.13,1.0,9.0,0.11,1.0,2.0,1.0,0.17,,,0.6,,0.74,0.38,0.5,,,0.0,,0.66,0.02,0.0,2.0,1.0,0.11,,0.0,,0.0,0.0,,0.0,0.0,0.0,0.48,0.0,0.0,0.0,0.0,0.3075,0
1351,22249,Volodymyr VOITOVYCH,ukr,10,8,18,0.56,5.444444444444445,5.111111111111112,,,6.0,0.0,1.0,0.0,,,,,,,,0.2,0.0,,,,0.33,,0.02,0.0,1.0,1.0,0.14,,0.0,,0.0,0.0,,0.0,0.0,0.0,0.0,,,,,,0
1352,20429,Batbayar BATSUKH,mgl,2,6,8,0.25,4.375,5.875,0.0,,8.0,0.0,1.0,0.0,,,,,0.48,,0.94,0.3,0.5,,0.0,,0.0,0.99,0.02,0.0,2.0,1.0,0.1,,0.0,,0.0,0.0,1.0,2.0,1.0,1.0,0.64,0.15,0.08,0.0,0.0,0.285,0
1353,23294,Zane Raye Rhodes RICHARDS,usa,2,4,6,0.33,6.5,5.833333333333333,0.15,1.0,8.0,0.13,1.0,2.0,,,,,0.93,,0.0,0.73,1.0,,,0.0,,0.0,0.02,0.0,2.0,1.0,0.1,,0.0,,0.0,0.0,,0.0,0.0,0.0,0.0,,,,0.0,0.275,0
1354,20299,Emine CAKMAK,tur,10,11,21,0.48,7.047619047619048,6.666666666666666,0.0,,6.0,0.0,1.0,0.0,,,,,0.4,,0.84,0.25,1.0,,,0.0,,0.94,0.02,1.0,1.0,1.0,0.14,1.0,1.0,,0.0,0.0,,0.0,0.0,0.0,0.6,0.43,0.0,0.0,0.0,0.255,0
1355,20123,Tigran GHAZARYAN,arm,4,8,12,0.33,4.666666666666666,6.083333333333333,,,6.0,0.0,1.0,0.0,,,,,,,,0.57,0.75,,,,1.0,,0.02,1.0,1.0,1.0,0.14,1.0,1.0,,0.0,0.0,,0.0,0.0,0.0,0.61,0.43,,0.0,,,0
1356,21484,Zoheir EL OUARRAQE,fra,4,6,10,0.4,5.2,7.0,,,8.0,0.0,0.67,0.0,,,,,,,,0.55,0.71,,,0.0,0.0,,0.02,0.67,0.67,0.67,0.17,0.67,0.67,,0.0,0.0,,0.0,0.0,0.0,0.57,0.5,,0.0,,,0
1357,24749,Zurab KAPRAEV,rou,7,11,18,0.39,3.888888888888889,3.777777777777778,,,6.0,0.0,1.0,0.0,,,,,,,,0.67,,,,,,,0.02,0.0,1.0,1.0,0.14,,0.0,,0.0,0.0,,0.0,0.0,0.0,0.08,,,,,,0
1358,21533,Sandro AMINASHVILI,geo,16,14,30,0.53,3.366666666666667,4.366666666666666,,1.0,8.0,0.13,1.0,2.0,1.0,0.14,,,,,,0.92,0.92,,,,,,0.02,0.0,2.0,1.0,0.1,,0.0,,0.0,0.0,,0.0,0.0,0.0,0.0,,,,,,0
1359,23767,Diamantino IUNA FAFE,gbs,17,17,34,0.5,5.61764705882353,3.911764705882353,0.12,1.0,11.0,0.09,1.0,2.0,1.0,0.1,,,0.62,,0.0,0.4,0.0,,0.0,,0.0,0.0,0.01,0.0,2.0,1.0,0.09,,0.0,,0.0,0.0,,0.0,0.0,0.0,0.0,,,,0.0,0.1875,0
1360,22674,Georgios PREVOLARAKIS,gre,13,16,29,0.45,3.0,4.310344827586207,,1.0,6.0,0.17,0.25,1.0,,,,,0.4,,0.62,0.28,0.63,0.0,0.0,,0.2,0.0,0.01,0.0,1.0,0.25,0.17,,0.0,,0.0,0.0,,0.0,0.0,0.0,0.18,0.0,,,0.0,,0
1361,23149,Yahya Abdullah THOMAS,usa,3,3,6,0.5,2.333333333333333,3.333333333333333,,,7.0,0.0,1.0,0.0,,,,,,,,0.56,0.83,,,,,,0.01,0.0,1.0,1.0,0.11,,0.0,,0.0,0.0,,0.0,0.0,0.0,0.08,,,,,,0
1362,24732,Hrachya MARGARYAN,arm,16,8,24,0.67,6.041666666666666,3.25,,1.0,9.0,0.11,1.0,1.0,1.0,0.14,,,,,,0.5,0.5,,,,,,0.01,0.0,1.0,1.0,0.11,,0.0,,0.0,0.0,,0.0,0.0,0.0,0.0,,,,,,0
1363,23298,Ali RAHIMZADA,aze,12,6,18,0.67,5.055555555555556,3.111111111111111,0.0,,5.0,0.0,1.0,0.0,,,,,0.85,,0.97,0.63,1.0,,1.0,0.0,1.0,1.0,0.01,1.0,1.0,1.0,0.1,1.0,1.0,0.0,0.0,0.0,0.0,0.0,0.0,1.0,0.66,0.85,0.04,0.0,0.0,0.38,0
1364,23644,Arman ELOYAN,fra,7,9,16,0.44,4.375,5.3125,0.0,,12.0,0.0,0.5,0.0,,,,,0.43,,0.71,0.23,0.56,0.0,,0.0,0.0,0.6,0.01,0.0,0.75,0.5,0.13,,0.0,,0.0,0.0,,0.0,0.0,0.0,0.42,0.0,0.0,0.0,0.0,0.215,0
1365,30058,Muhamad IKROMOV,tjk,8,9,17,0.47,5.176470588235294,4.352941176470588,,,11.0,0.0,1.0,0.0,,,,,,,,0.25,1.0,,,0.0,1.0,,0.01,1.0,1.0,1.0,0.08,1.0,1.0,,0.0,0.0,,0.0,0.0,0.0,0.0,,,,,,0
1366,21730,Agustin Alejandro DESTRIBATS,arg,26,24,50,0.52,6.24,5.06,0.0,,20.0,0.0,0.6,0.0,,,,,0.48,,0.83,0.32,0.65,,0.0,0.0,0.0,0.87,0.01,0.0,0.6,0.6,0.13,,0.0,,0.0,0.0,,0.0,0.0,0.0,0.56,0.68,0.0,0.0,0.34,0.2625,0
1367,21738,Nestor Joaquin TAFUR BARRIOS,col,13,16,29,0.45,5.03448275862069,5.96551724137931,,,12.0,0.0,0.67,0.0,,,,,,,,0.36,0.36,0.0,,,0.3,,0.01,0.67,0.67,0.67,0.11,1.0,0.67,,0.0,0.0,,0.0,0.0,0.0,0.61,0.06,,0.0,,,0
1368,21546,Sebastian JEZIERZANSKI,pol,17,22,39,0.44,3.461538461538461,4.102564102564103,0.0,1.0,23.0,0.04,0.5,0.17,1.0,0.08,,,0.78,,0.9,0.43,0.55,0.0,1.0,0.0,0.73,0.81,0.01,0.17,0.5,0.5,0.12,1.0,0.17,,0.0,0.0,,0.0,0.0,0.0,0.46,0.52,0.05,0.0,0.0,0.3125,0
1369,23705,Franklin GOMEZ MATOS,pur,19,15,34,0.56,5.941176470588236,3.470588235294118,,,6.0,0.0,0.33,0.0,,,,,0.18,,0.0,0.18,0.75,,0.0,0.0,0.0,0.0,0.0,0.0,0.33,0.33,0.14,,0.0,,0.0,0.0,,0.0,0.0,0.0,0.54,0.15,,0.0,0.0,,0
1370,35464,Amiran VAKHTANGASHVILI,geo,0,4,4,0.0,3.25,5.75,,,7.0,0.0,0.5,0.0,,,,,,,,0.64,0.75,,,1.0,1.0,,0.0,0.0,0.5,0.5,0.11,,0.0,,0.0,0.0,,0.0,0.0,0.0,0.04,,,,,,0
1371,23424,Edemi BOLKVADZE,geo,11,12,23,0.48,4.434782608695652,4.08695652173913,0.0,,7.0,0.0,0.5,0.0,,,,,0.75,,0.96,0.71,0.4,,1.0,0.0,1.0,0.81,0.0,0.0,0.5,0.5,0.1,,0.0,0.0,0.0,0.0,0.0,0.0,0.0,0.5,0.55,0.68,0.0,0.0,0.0,0.325,0
1372,22553,Bekzod ABDURAKHMONOV,uzb,36,15,51,0.71,6.352941176470588,2.92156862745098,0.0,,23.0,0.0,0.5,0.0,,,,,0.75,,0.74,0.39,0.69,0.0,,,0.0,0.98,0.0,0.0,0.75,0.5,0.08,,0.0,,0.0,0.0,,0.0,0.0,0.0,0.45,0.68,0.0,0.0,0.0,0.3,0
1373,22396,Yuto NISHIUCHI,jpn,14,2,16,0.88,7.1875,2.6875,0.0,,9.0,0.0,0.5,0.0,,,,,0.88,,0.0,0.44,0.8,,,0.0,,0.0,0.0,0.5,0.5,0.5,0.09,1.0,0.5,,0.0,0.0,,0.0,0.0,0.0,0.45,0.0,,,0.0,0.3325,0
1374,21422,George Anthony RAMM,eng,4,13,17,0.24,2.705882352941176,7.529411764705881,,1.0,11.0,0.09,0.33,0.67,1.0,0.09,,,,,,0.35,0.5,,,0.0,0.27,,0.0,0.0,0.67,0.33,0.09,,0.0,,0.0,0.0,,0.0,0.0,0.0,0.46,0.75,,0.0,,,0
1375,23240,Szymon SZYMONOWICZ,pol,19,19,38,0.5,4.0,3.5,,,1.0,0.0,0.0,0.0,,,,,0.0,,0.0,0.08,,,0.0,0.0,0.33,0.0,0.0,0.0,0.0,0.0,0.0,,0.0,,0.0,0.0,,0.0,0.0,0.0,0.0,,,,0.0,,0
1376,20331,Ineta DANTAITE,ltu,2,11,13,0.15,2.384615384615385,7.846153846153847,,,2.0,0.0,0.0,0.0,,,,,,,,0.17,0.33,,,,,,0.0,0.0,0.0,0.0,0.0,,0.0,,0.0,0.0,,0.0,0.0,0.0,0.0,,,,,,0
1377,30925,Petru CRACIUN,mda,1,3,4,0.25,4.5,5.75,,,3.0,0.0,0.0,0.0,,,,,,,,0.36,1.0,,,,0.0,,0.0,0.0,0.0,0.0,0.0,,0.0,,0.0,0.0,,0.0,0.0,0.0,0.0,,,,,,0
1378,30927,Nino LEUTERT,sui,2,11,13,0.15,3.076923076923077,7.769230769230769,,,1.0,0.0,0.0,0.0,,,,,,,,0.17,0.0,,,,0.33,,0.0,0.0,0.0,0.0,0.0,,0.0,,1.25,0.0,,0.0,0.0,0.0,0.0,,,,,,0
1379,30930,Muhammad MOKAEV,gbr,1,3,4,0.25,2.0,8.0,,,1.0,0.0,0.0,0.0,,,,,,,,0.0,0.0,,,,0.0,,0.0,0.0,0.0,0.0,0.0,,0.0,,0.0,0.0,,0.0,0.0,0.0,0.0,,,,,,0
1380,23592,Magomedrasul ASLUEV,brn,5,7,12,0.42,3.083333333333333,2.916666666666667,0.0,,1.0,0.0,0.0,0.0,,,,,0.67,,0.0,0.45,1.0,,0.0,0.0,0.0,0.0,0.0,0.0,0.0,0.0,0.0,,0.0,,0.0,0.0,,0.0,0.0,0.0,0.0,,,,0.0,0.1675,0
1381,24645,Olha PADOSHYK,pol,5,4,9,0.56,5.0,5.333333333333333,,,1.0,0.0,0.0,0.0,,,,,,,,0.0,,,,,0.0,,0.0,0.0,0.0,0.0,0.0,,0.0,,0.0,0.0,,0.0,0.0,0.0,0.25,0.0,,,,,0
1382,20318,Fatme Tahir SHABAN,bul,5,12,17,0.29,3.764705882352941,8.0,,,1.0,0.0,0.0,0.0,,,,,,,,0.0,0.0,,,,0.0,,0.0,0.0,0.0,0.0,0.0,,0.0,,0.0,0.0,,0.0,0.0,0.0,0.0,,,,,,0
1383,24597,Yurik HOVEYAN,arm,8,3,11,0.73,6.0,3.090909090909091,0.0,,1.0,0.0,0.0,0.0,,,,,0.0,,0.0,0.0,,,0.0,,0.0,0.0,0.0,0.0,0.0,0.0,0.0,,0.0,,0.0,0.0,,0.0,0.0,0.0,0.0,,,,0.0,0.0,0
1384,24568,Stas David WOLF,ger,8,8,16,0.5,5.6875,5.1875,,,2.0,0.0,0.0,0.0,,,,,,,,0.5,1.0,,,,1.0,,0.0,0.0,0.0,0.0,0.0,0.0,0.0,,0.0,0.0,,0.0,0.0,0.0,0.0,,,,,,0
1385,20308,Nazife Mustafa TAIR,bul,2,11,13,0.15,1.307692307692308,6.0,0.0,,1.0,0.0,0.0,0.0,,,,,0.0,,0.0,0.0,0.0,0.0,,,,0.0,0.0,0.0,0.0,0.0,0.0,,0.0,,0.0,0.0,,0.0,0.0,0.0,0.0,,,,0.0,0.0,0
1386,20296,Amory Olivia ANDRICH,ger,11,6,17,0.65,4.941176470588236,4.352941176470588,0.0,,3.0,0.0,0.0,0.0,,,,,0.0,,0.84,0.0,,,0.0,,0.0,0.66,0.0,0.0,0.0,0.0,0.0,,0.0,,0.0,0.0,,0.0,0.0,0.0,0.51,0.0,0.0,0.0,0.0,0.1275,0
1387,24182,Islam UMAYEV,kaz,12,13,25,0.48,3.76,3.52,,,1.0,0.0,0.0,0.0,,,,,,,,0.0,,,,,0.0,,0.0,0.0,0.0,0.0,0.0,,0.0,,0.0,0.0,,0.0,0.0,0.0,0.43,0.0,,0.0,,,0
1388,23282,Ameline DOUARRE,fra,11,20,31,0.35,3.580645161290323,4.387096774193549,,,2.0,0.0,0.0,0.0,,,,,,,,0.0,0.0,,,,,,0.0,0.0,0.0,0.0,0.0,,0.0,,0.0,0.0,,0.0,0.0,0.0,0.0,,,,,,0
1389,20292,Natalia Edyta WALCZAK,pol,9,7,16,0.56,5.3125,5.25,,,1.0,0.0,0.0,0.0,,,,,,,,0.0,,,,,0.0,,0.0,0.0,0.0,0.0,0.0,,0.0,,0.0,0.0,,0.0,0.0,0.0,0.0,,,,,,0
1390,31112,Ali Abdolreza SHARIFI,iri,1,1,2,0.5,2.5,6.0,,,,,0.0,0.0,,,,,,,,0.2,0.0,,,,0.0,,0.0,0.0,0.0,0.0,0.0,,0.0,,0.0,0.0,,0.0,0.0,0.0,0.0,,,,,,0
1391,31278,Dinora RUSTAMOVA,uzb,1,12,13,0.08,1.153846153846154,8.153846153846153,,,1.0,0.0,0.0,0.0,,,,,,,,0.0,,,,0.0,0.0,,0.0,0.0,0.0,0.0,0.0,,0.0,,0.0,0.0,,0.0,0.0,0.0,0.0,,,,,,0
1392,31413,Roberta Mona Eveliina LUOSTARINEN,fin,0,2,2,0.0,0.0,10.0,,,2.0,0.0,0.0,0.0,,,,,,,,0.0,0.0,,,0.0,0.0,,0.0,0.0,0.0,0.0,0.0,,0.0,,0.0,0.0,,0.0,0.0,0.0,0.0,,,,,,0
1393,31414,Maria FERONE,ita,0,4,4,0.0,1.75,6.25,0.0,,1.0,0.0,0.0,0.0,,,,,0.94,,0.0,0.75,1.0,0.0,,,0.0,0.0,0.0,0.0,0.0,0.0,0.0,,0.0,,0.0,0.0,,0.0,0.0,0.0,0.0,,,,0.0,0.235,0
1394,23304,Quentin Jean Rene STICKER,fra,4,6,10,0.4,2.4,6.0,,,1.0,0.0,0.0,0.0,,,,,,,,0.29,0.0,,,,0.67,,0.0,0.0,0.0,0.0,0.0,,0.0,,0.0,0.0,,0.0,0.0,0.0,0.0,,,,,,0
1395,23323,Kollin Raymond MOORE,usa,16,4,20,0.8,6.45,3.4,,,1.0,0.0,0.0,0.0,,,,,,,,0.29,0.67,,,,0.0,,0.0,0.0,0.0,0.0,0.0,,0.0,,0.0,0.0,,0.0,0.0,0.0,0.0,,,,,,0
1396,31897,Gabriel JANATSCH,aut,0,11,11,0.0,0.2727272727272727,9.363636363636365,,,1.0,0.0,0.0,0.0,,,,,,,,0.0,0.0,,,0.0,0.0,,0.0,0.0,0.0,0.0,0.0,,0.0,,0.0,0.0,,0.0,0.0,0.0,0.0,,,,,,0
1397,23339,Maito KAWANA,jpn,5,2,7,0.71,6.857142857142857,4.428571428571429,0.0,,1.0,0.0,0.0,0.0,,,,,0.75,,0.0,0.5,0.5,,0.67,,0.67,0.0,0.0,0.0,0.0,0.0,0.0,,0.0,,0.0,0.0,,0.0,0.0,0.0,0.0,,,,0.0,0.1875,0
1398,31938,Iurii SHKRIUBA,ukr,0,4,4,0.0,1.25,5.25,,,,,0.0,0.0,,,,,,,,0.0,0.0,,,0.0,,,0.0,0.0,0.0,0.0,0.0,,0.0,,0.0,0.0,,0.0,0.0,0.0,0.0,,,,,,0
1399,24008,Otari BAGAURI,geo,3,7,10,0.3,3.6,4.9,,,4.0,0.0,0.0,0.0,,,,,,,,0.0,,0.0,,,0.0,,0.0,0.0,0.0,0.0,0.0,,0.0,,0.0,0.0,,0.0,0.0,0.0,0.0,,,,,,0
1400,32036,Soufiane RAMANI,mar,0,8,8,0.0,0.125,6.5,,,1.0,0.0,0.0,0.0,,,,,,,,0.2,0.5,,,,0.0,,0.0,0.0,0.0,0.0,0.0,,0.0,,0.0,0.0,,0.0,0.0,0.0,0.0,,,,,,0
1401,23356,Matias Olavi Iisakki LIPASTI,fin,7,10,17,0.41,3.0,4.411764705882352,,,1.0,0.0,0.0,0.0,,,,,,,,0.0,0.0,,,,,,0.0,0.0,0.0,0.0,0.0,,0.0,,0.0,0.0,,0.0,0.0,0.0,0.0,,,,,,0
1402,23899,Hichem KOUCHIT,alg,7,9,16,0.44,3.375,4.9375,0.0,,7.0,0.0,0.0,0.0,,,,,0.0,,0.0,0.1,0.14,0.0,,0.0,0.5,0.0,0.0,0.0,0.0,0.0,0.0,,0.0,,0.0,0.0,,0.0,0.0,0.0,0.0,,,,0.0,0.0,0
1403,32317,Kamil RYBICKI,pol,0,10,10,0.0,0.6,8.0,,,3.0,0.0,0.0,0.0,,,,,,,,0.27,0.75,0.0,,,0.0,,0.0,0.0,0.0,0.0,0.0,,0.0,,0.0,0.0,,0.0,0.0,0.0,0.0,,,,,,0
1404,23850,Abderrahmane BENAISSA,alg,6,5,11,0.55,3.909090909090909,4.181818181818182,,,6.0,0.0,0.0,0.0,,,,,,,,0.33,0.33,,,,,,0.0,0.0,0.0,0.0,0.0,,0.0,,0.0,0.0,,0.0,0.0,0.0,0.0,,,,,,0
1405,23786,Anthony Sterling WESLEY,cpv,3,6,9,0.33,2.666666666666667,7.555555555555555,0.0,,2.0,0.0,0.0,0.0,,,,,0.0,,0.0,0.0,,,0.0,,0.0,0.0,0.0,0.0,0.0,0.0,0.0,,0.0,,0.0,0.0,,0.0,0.0,0.0,0.0,,,,0.0,0.0,0
1406,32479,Zsombor NAGY,hun,0,2,2,0.0,0.0,10.0,,,1.0,0.0,0.0,0.0,,,,,,,,0.29,0.0,,,,0.25,,0.0,0.0,0.0,0.0,0.0,,0.0,,0.0,0.0,,0.0,0.0,0.0,0.0,,,,,,0
1407,20106,Harutyun HOVHANNISYAN,arm,7,5,12,0.58,6.333333333333333,4.333333333333333,,,1.0,0.0,0.0,0.0,,,,,,,,0.0,,,,0.0,,,0.0,0.0,0.0,0.0,0.0,,0.0,,0.0,0.0,,0.0,0.0,0.0,0.58,0.0,,0.0,,,0
1408,23378,Mirco MINGUZZI,ita,10,19,29,0.34,3.689655172413793,5.103448275862069,,,3.0,0.0,0.0,0.0,,,,,,,,0.0,0.0,,,0.0,0.0,,0.0,0.0,0.0,0.0,0.0,,0.0,,0.0,0.0,,0.0,0.0,0.0,0.0,,,,,,0
1409,32563,Arben SEJDI,mkd,0,3,3,0.0,0.0,10.0,0.0,,1.0,0.0,0.0,0.0,,,,,0.0,,0.0,0.0,0.0,,0.0,,0.0,0.0,0.0,0.0,0.0,0.0,0.0,,0.0,,0.0,0.0,,0.0,0.0,0.0,0.0,,,,0.0,0.0,0
1410,20214,Bredi SLINKERS,ned,6,10,16,0.38,4.5,4.3125,,,1.0,0.0,0.0,0.0,,,,,,,,0.2,1.0,,,,0.0,,0.0,0.0,0.0,0.0,0.0,,0.0,,0.0,0.0,,0.0,0.0,0.0,0.0,,,,,,0
1411,32600,Zi Xyan LIM,sgp,0,4,4,0.0,0.0,10.5,,,1.0,0.0,0.0,0.0,,,,,,,,0.17,0.5,,,,0.0,,0.0,0.0,0.0,0.0,0.0,,0.0,,0.0,0.0,,0.0,0.0,0.0,0.0,,,,,,0
1412,23382,Yuta NARA,jpn,6,13,19,0.32,2.894736842105263,5.157894736842104,0.0,,1.0,0.0,0.0,0.0,,,,,0.0,,0.74,0.0,,,0.0,,0.0,0.0,0.0,0.0,0.0,0.0,0.0,,0.0,,0.0,0.0,,0.0,0.0,0.0,0.25,0.0,,,0.0,0.0625,0
1413,33678,Islam Timurovich ADIZOV,bul,0,2,2,0.0,0.0,10.5,0.0,,1.0,0.0,0.0,0.0,,,,,0.0,,0.62,0.0,,,0.0,,0.0,0.66,0.0,0.0,0.0,0.0,0.0,,0.0,,0.0,0.0,,0.0,0.0,0.0,0.43,0.0,0.0,0.0,0.0,0.1075,0
1414,33857,Vasyl ILNYTSKYI,pol,0,2,2,0.0,0.5,7.0,,,4.0,0.0,0.0,0.0,,,,,,,,0.0,,,,,0.0,,0.0,0.0,0.0,0.0,0.0,,0.0,,0.0,0.0,,0.0,0.0,0.0,0.55,0.0,,0.0,,,0
1415,36725,Roman HUTSULIAK,ukr,0,1,1,0.0,0.0,2.0,,,1.0,0.0,0.0,0.0,,,,,,,,0.33,1.0,,,0.0,,,0.0,0.0,0.0,0.0,0.0,,0.0,,0.0,0.0,,0.0,0.0,0.0,0.23,,,0.0,,,0
1416,34340,Gabor FERENCZ,hun,0,2,2,0.0,0.0,9.0,,,,,0.0,0.0,,,,,,,,0.0,,,,,0.0,,0.0,0.0,0.0,0.0,0.0,,0.0,0.0,0.0,0.0,0.0,0.0,0.0,1.0,0.0,,,,,,0
1417,34342,Tony BRALA,cro,0,4,4,0.0,0.0,4.25,,,2.0,0.0,0.0,0.0,,,,,,,,0.0,0.0,,,0.0,0.0,,0.0,0.0,0.0,0.0,0.0,,0.0,,0.0,0.0,,0.0,0.0,0.0,0.0,,,,,,0
1418,23721,Jonovan Darius SMITH,pur,2,5,7,0.29,3.428571428571429,6.857142857142857,0.0,,2.0,0.0,0.0,0.0,,,,,0.0,,0.0,0.0,,,0.0,,0.0,0.0,0.0,0.0,0.0,0.0,0.0,,0.0,,0.0,0.0,,0.0,0.0,0.0,0.0,,,,0.0,0.0,0
1419,23700,Jacob Tizoc ALEXANDER TORRES,can,4,7,11,0.36,2.636363636363636,7.545454545454546,,,1.0,0.0,0.0,0.0,,,,,,,,0.0,0.0,,,0.0,0.0,,0.0,0.0,0.0,0.0,0.0,,0.0,,0.0,0.0,,0.0,0.0,0.0,0.0,,,,,,0
1420,23393,Erin Simone GOLSTON,usa,12,8,20,0.6,4.85,4.0,,,2.0,0.0,0.0,0.0,,,,,,,,0.29,0.5,,,,0.0,,0.0,0.0,0.0,0.0,0.0,,0.0,,0.0,0.0,,0.0,0.0,0.0,0.0,,,,,,0
1421,34524,Hiroto TOYOMURA,jpn,0,2,2,0.0,0.0,6.0,,,1.0,0.0,0.0,0.0,,,,,,,,0.5,0.0,,,,,,0.0,0.0,0.0,0.0,0.0,,0.0,,0.0,0.0,,0.0,0.0,0.0,0.0,,,,,,0
1422,23447,Pedro CEBALLOS FUENTES,ven,5,6,11,0.45,5.181818181818182,3.272727272727273,,,2.0,0.0,0.0,0.0,,,,,,,,0.22,0.67,,,,0.0,,0.0,0.0,0.0,0.0,0.0,,0.0,,0.0,0.0,,0.0,0.0,0.0,0.0,,,,,,0
1423,34995,Alish Gyoksel ALISH,bul,0,3,3,0.0,0.0,10.33333333333333,,,1.0,0.0,0.0,0.0,,,,,,,,0.17,0.0,,,,0.0,,0.0,0.0,0.0,0.0,0.0,,0.0,,0.0,0.0,,0.0,0.0,0.0,0.0,,,,,,0
1424,23457,Makhsud VEYSALOV,uzb,8,10,18,0.44,5.0,6.555555555555556,0.0,,2.0,0.0,0.0,0.0,,,,,0.75,,0.84,0.5,0.6,,,0.0,,0.81,0.0,0.0,0.0,0.0,0.0,,0.0,,0.0,0.0,,0.0,0.0,0.0,0.55,0.83,0.0,0.0,0.0,0.325,0
1425,35045,Jose Francisco SOLER FORTES,esp,0,2,2,0.0,0.0,8.5,,,1.0,,,,,,,,,,,0.25,0.5,,,,,,0.0,0.0,0.0,0.0,0.0,,0.0,,0.0,0.0,,0.0,0.0,0.0,0.0,,,,,,0
1426,35052,Simone TRIPODI,ita,0,1,1,0.0,0.0,9.0,,,2.0,0.0,0.0,0.0,,,,,,,,0.43,0.0,0.0,,,0.0,,0.0,0.0,0.0,0.0,0.0,,0.0,,0.0,0.0,,0.0,0.0,0.0,0.0,,,,,,0
1427,20203,Ilias Jason AYHAN,swe,3,5,8,0.38,3.375,5.625,,,1.0,0.0,0.0,0.0,,,,,,,,0.33,1.0,,,,0.5,,0.0,0.0,0.0,0.0,0.0,,0.0,,0.0,0.0,,0.0,0.0,0.0,0.25,0.68,,,,,0
1428,35069,Patryk Jan KAMINSKI,pol,0,1,1,0.0,0.0,9.0,,,1.0,0.0,0.0,0.0,,,,,,,,0.0,,,,,0.0,,0.0,0.0,0.0,0.0,0.0,,0.0,,0.0,0.0,,0.0,0.0,0.0,0.28,0.0,,,,,0
1429,35196,Vegard JOERGENSEN,nor,0,5,5,0.0,1.6,7.0,,,2.0,0.0,0.0,0.0,,,,,,,,0.4,1.0,,,,0.0,,0.0,0.0,0.0,0.0,0.0,,0.0,,0.0,0.0,,0.0,0.0,0.0,0.2,1.0,,,,,0
1430,20179,Redjep HAJDARI,mkd,7,14,21,0.33,3.857142857142857,6.285714285714286,,,2.0,0.0,0.0,0.0,,,,,,,,0.1,0.5,,,0.0,0.0,,0.0,0.0,0.0,0.0,0.0,,0.0,,0.0,0.0,,0.0,0.0,0.0,0.0,,,,,,0
1431,35525,Zhenguang TIAN,chn,0,2,2,0.0,0.0,6.5,,,1.0,0.0,0.0,0.0,,,,,,,,0.0,0.0,,,,,,0.0,0.0,0.0,0.0,0.0,,0.0,,0.0,0.0,,0.0,0.0,0.0,0.0,,,,,,0
1432,35560,Vasile Vlad CARAS,rou,0,1,1,0.0,0.0,11.0,,,4.0,0.0,0.0,0.0,,,,,,,,0.0,,,,0.0,,,0.0,0.0,0.0,0.0,0.0,,0.0,,0.0,0.0,,0.0,0.0,0.0,0.0,,,,,,0
1433,35581,Natanel SAIDOV,isr,0,2,2,0.0,0.0,10.0,,,2.0,0.0,0.0,0.0,,,,,,,,0.29,,,,,0.25,,0.0,0.0,0.0,0.0,0.0,,0.0,,0.0,0.0,,0.0,0.0,0.0,0.0,,,,,,0
1434,35694,Edson Everardo ACUNA SALAZAR,mex,0,5,5,0.0,0.8,7.2,,,1.0,0.0,0.0,0.0,,,,,,,,0.0,0.0,,,,0.0,,0.0,0.0,0.0,0.0,0.0,,0.0,,0.0,0.0,,0.0,0.0,0.0,0.0,,,,,,0
1435,20154,Gabriel IGLESIAS RAMOS,esp,5,13,18,0.28,2.666666666666667,7.333333333333333,0.0,,1.0,0.0,0.0,0.0,,,,,0.78,,0.0,0.55,0.67,,0.75,,0.75,0.0,0.0,0.0,0.0,0.0,0.0,,0.0,,0.0,0.0,,0.0,0.0,0.0,0.0,,,,0.0,0.195,0
1436,20150,Umar MAVLAEV,sui,3,3,6,0.5,5.166666666666666,4.166666666666666,,,1.0,0.0,0.0,0.0,,,,,,,,0.17,0.5,,,,0.0,,0.0,0.0,0.0,0.0,0.0,,0.0,,0.0,0.0,,0.0,0.0,0.0,0.0,,,,,,0
1437,36102,Amane SHIMOYAMADA,jpn,0,1,1,0.0,0.0,4.0,,,4.0,0.0,0.0,0.0,,,,,,,,0.25,1.0,,,0.0,0.0,,0.0,0.0,0.0,0.0,0.0,,0.0,,0.0,0.0,,0.0,0.0,0.0,0.0,,,,,,0
1438,36226,Jesus GASCA FRESNEDA,esp,0,2,2,0.0,0.0,6.0,,,,,0.0,0.0,,,,,,,,0.0,,,,,0.0,,0.0,0.0,0.0,0.0,0.0,,0.0,,0.0,0.0,,0.0,0.0,0.0,0.0,,,,,,0
1439,23476,Mohamed Ehab Mohamed Zahab KHALIL,egy,20,7,27,0.74,4.851851851851852,2.740740740740741,0.0,,1.0,0.0,0.0,0.0,,,,,0.0,,0.0,0.0,0.0,,,,,0.0,0.0,0.0,0.0,0.0,0.0,,0.0,,0.0,0.0,,0.0,0.0,0.0,0.0,,,,0.0,0.0,0
1440,20145,Krisztian BIRO,rou,17,18,35,0.49,6.142857142857143,5.942857142857143,0.0,,5.0,0.0,0.0,0.0,,,,,0.12,,0.0,0.14,,,0.0,0.0,0.0,0.0,0.0,0.83,2.33,1.67,0.38,1.0,0.83,1.0,0.67,0.67,1.0,1.6,0.86,0.86,0.0,,,,0.0,0.03,0
1441,36300,Alymuhammet OVEZMYRADOV,tkm,0,2,2,0.0,3.0,10.0,,,2.0,0.0,0.0,0.0,,,,,,,,0.17,0.5,,,,0.0,,0.0,0.0,0.0,0.0,0.0,,0.0,,0.0,0.0,,0.0,0.0,0.0,0.0,,,,,,0
1442,36331,Varuzhan GRIGORYAN,arm,0,2,2,0.0,0.0,10.0,,,,,0.0,0.0,,,,,,,,0.5,0.5,,,,0.33,,0.0,0.0,0.0,0.0,0.0,,0.0,,0.0,0.0,,0.0,0.0,0.0,0.0,,,,,,0
1443,36336,Richard Lajos RACZ,hun,0,1,1,0.0,0.0,10.0,,,1.0,0.0,0.0,0.0,,,,,,,,0.4,0.5,,,,,,0.0,0.0,0.0,0.0,0.0,,0.0,,0.0,0.0,,0.0,0.0,0.0,0.48,0.0,,0.0,,,0
1444,23483,Yerulan ISKAKOV,kaz,13,10,23,0.57,3.652173913043478,2.782608695652173,0.0,,1.0,0.0,0.0,0.0,,,,,0.55,,0.0,0.33,0.67,,,0.0,,0.0,0.0,0.0,0.0,0.0,0.0,,0.0,,0.0,0.0,,0.0,0.0,0.0,0.0,,,,0.0,0.1375,0
1445,23538,Radu LEFTER,mda,19,24,43,0.44,4.72093023255814,6.069767441860465,0.0,,2.0,0.0,0.0,0.0,,,,,0.4,,0.74,0.19,0.44,0.0,0.0,0.0,0.0,0.0,0.0,0.0,0.0,0.0,0.0,,0.0,,0.0,0.0,,0.0,0.0,0.0,0.23,0.26,,,0.0,0.1575,0
1446,23560,Waltteri Harri Kristian LATVALA,fin,3,10,13,0.23,3.461538461538461,7.153846153846153,,,3.0,0.0,0.0,0.0,,,,,,,,0.14,0.0,,,0.0,0.0,,0.0,0.0,0.0,0.0,0.0,,0.0,,0.0,0.0,,0.0,0.0,0.0,0.0,,,,,,0
1447,23517,Bozhidar Svetoslavov DZHOROV,bul,1,5,6,0.17,1.0,8.333333333333332,0.0,,2.0,0.0,0.0,0.0,,,,,0.6,,0.0,0.38,0.4,,0.33,,0.33,0.0,0.0,0.0,0.0,0.0,0.0,,0.0,,0.0,0.0,,0.0,0.0,0.0,0.0,,,,0.0,0.15,0
1448,23520,Nico MEGERLE,ger,5,12,17,0.29,3.647058823529412,3.705882352941177,,,1.0,0.0,0.0,0.0,,,,,,,,0.63,1.0,,,,0.33,,0.0,0.0,0.0,0.0,0.0,,0.0,,0.0,0.0,,0.0,0.0,0.0,0.48,1.0,,0.0,,,0
1449,23574,Gergana Todorova STOYANOVA,bul,1,7,8,0.13,1.75,3.875,0.0,,4.0,0.0,0.0,0.0,,,,,0.75,,0.0,0.5,0.67,,,0.0,,0.0,0.0,0.0,0.0,0.0,0.0,,0.0,,0.0,0.0,,0.0,0.0,0.0,0.0,,,,0.0,0.1875,0
1450,23523,Davit PATSINASHVILI,geo,14,8,22,0.64,6.5,3.545454545454545,,,9.0,0.0,0.0,0.0,,,,,,,,0.38,,,,0.0,0.0,,0.0,0.0,0.0,0.0,0.0,,0.0,,0.0,0.0,,0.0,0.0,0.0,0.0,,,,,,0
1451,27961,Uladzislau KOIKA,blr,4,8,12,0.33,2.583333333333333,7.25,,,5.0,0.0,0.0,0.0,,,,,,,,0.33,0.67,,,,0.17,,0.0,0.0,0.0,0.0,0.0,,0.0,,0.0,0.0,,0.0,0.0,0.0,0.0,,,,,,0
1452,27959,Rajmund FARKAS,hun,3,4,7,0.43,4.142857142857143,6.857142857142857,,,2.0,0.0,0.0,0.0,,,,,,,,0.18,0.5,0.0,,0.0,0.0,,0.0,0.0,0.0,0.0,0.0,,0.0,,0.0,0.0,,0.0,0.0,0.0,0.0,,,,,,0
1453,21823,Robert Timothy David SMITH,usa,2,1,3,0.67,6.0,1.666666666666667,,,1.0,0.0,0.0,0.0,,,,,,,,0.0,0.0,,,,,,0.0,0.0,0.0,0.0,0.0,,0.0,,0.0,0.0,,0.0,0.0,0.0,0.0,,,,,,0
1454,21825,Whitney Olivia COX CONDER,usa,15,5,20,0.75,6.65,2.85,,,1.0,0.0,0.0,0.0,,,,,,,,0.29,0.33,,,,0.0,,0.0,0.0,0.0,0.0,0.0,,0.0,,0.0,0.0,,0.0,0.0,0.0,0.43,0.0,,0.0,,,0
1455,27979,Tino RETTINGER,ger,3,8,11,0.27,3.363636363636364,5.909090909090909,,,5.0,0.0,0.0,0.0,,,,,,,,0.7,0.67,,,,1.0,,0.0,0.0,0.0,0.0,0.0,,0.0,,0.0,0.0,,0.0,0.0,0.0,0.0,,,,,,0
1456,27984,Dzhemal Rushen ALI,bul,7,10,17,0.41,4.176470588235294,6.823529411764706,,,6.0,0.0,0.0,0.0,,,,,,,,0.33,0.5,,,,,,0.0,0.0,0.0,0.0,0.0,,0.0,,0.0,0.0,,0.0,0.0,0.0,0.64,0.43,,0.0,,,0
1457,27989,Andrian GROSUL,mda,8,14,22,0.36,4.227272727272728,4.590909090909091,,,2.0,0.0,0.0,0.0,,,,,,,,0.17,0.33,,,0.0,,,0.0,0.0,0.0,0.0,0.0,,0.0,,0.0,0.0,,0.0,0.0,0.0,0.0,,,,,,0
1458,27997,Arkadzi PAHASIAN,blr,7,7,14,0.5,5.928571428571429,5.071428571428571,,,1.0,0.0,0.0,0.0,,,,,,,,0.67,0.8,,,,0.0,,0.0,0.0,0.0,0.0,0.0,,0.0,,0.0,0.0,,0.0,0.0,0.0,0.0,,,,,,0
1459,21829,Carolina CASTILLO HIDALGO,col,9,10,19,0.47,2.578947368421053,3.263157894736842,,,2.0,0.0,0.0,0.0,,,,,,,,0.17,,,,,0.33,,0.0,0.0,0.0,0.0,0.0,,0.0,,0.0,0.0,,0.0,0.0,0.0,0.0,,,,,,0
1460,21816,Kevin MEJIA CASTILLO,hon,24,16,40,0.6,4.7,1.675,,,,,0.0,0.0,,,,,,,,0.25,0.0,,,,,,0.0,0.0,0.0,0.0,0.0,,0.0,,0.0,0.0,,0.0,0.0,0.0,0.0,,,,,,0
1461,21886,Magamed DELIEV,fra,2,5,7,0.29,3.428571428571429,7.857142857142858,0.0,,1.0,0.0,0.0,0.0,,,,,0.62,,0.0,0.4,1.0,,0.5,,0.5,0.0,0.0,0.0,0.0,0.0,0.0,,0.0,,0.0,0.0,,0.0,0.0,0.0,0.0,,,,0.0,0.155,0
1462,28006,Alen KHUBULOV,rus,5,2,7,0.71,6.142857142857143,3.428571428571429,,,2.0,0.0,0.0,0.0,,,,,,,,0.27,0.67,,,,0.0,,0.0,0.0,0.0,0.0,0.0,,0.0,,0.0,0.0,,0.0,0.0,0.0,0.0,,,,,,0
1463,28008,Oleksandr BYKANOV,ukr,3,5,8,0.38,2.5,4.75,,,1.0,0.0,0.0,0.0,,,,,,,,0.25,1.0,,,,0.0,,0.0,0.0,0.0,0.0,0.0,,0.0,,0.0,0.0,,0.0,0.0,0.0,0.0,,,,,,0
1464,27922,Yu Hung LIN,tpe,1,3,4,0.25,2.0,7.25,,,1.0,0.0,0.0,0.0,,,,,,,,0.0,0.0,,,,0.0,,0.0,0.0,0.0,0.0,0.0,,0.0,,0.0,0.0,,0.0,0.0,0.0,0.0,,,,,,0
1465,21892,Sofiane PADIOU BELMIR,fra,6,7,13,0.46,5.846153846153847,4.384615384615385,0.0,,1.0,0.0,0.0,0.0,,,,,0.0,,0.0,0.0,0.0,,,,,0.0,0.0,0.0,0.0,0.0,0.0,,0.0,,0.0,0.0,,0.0,0.0,0.0,0.0,,,,0.0,0.0,0
1466,21772,Eduardo Maximiliano GARCIA BETANZOS,mex,3,9,12,0.25,2.083333333333333,6.416666666666666,0.0,,1.0,0.0,0.0,0.0,,,,,0.0,,0.0,0.0,0.0,,0.0,0.0,0.0,0.0,0.0,0.0,0.0,0.0,0.0,,0.0,,0.0,0.0,,0.0,0.0,0.0,0.0,,,,0.0,0.0,0
1467,21770,Yudenny ALPAJON ESTEVEZ,cub,3,5,8,0.38,3.375,3.875,,,1.0,0.0,0.0,0.0,,,,,,,,0.0,0.0,,,,0.0,,0.0,0.0,0.0,0.0,0.0,,0.0,,0.0,0.0,,0.0,0.0,0.0,0.0,,,,,,0
1468,21917,Gevorg SUKIASYAN,arm,7,4,11,0.64,5.545454545454546,3.454545454545455,,,1.0,0.0,0.0,0.0,,,,,,,,0.0,0.0,,,0.0,,,0.0,0.0,0.0,0.0,0.0,,0.0,,0.0,0.0,,0.0,0.0,0.0,0.2,0.0,,,,,0
1469,21765,Charles Zachary MERRILL,pur,6,12,18,0.33,3.222222222222222,4.944444444444445,,,5.0,0.0,0.0,0.0,,,,,,,,0.5,1.0,0.0,,,0.0,,0.0,0.0,0.0,0.0,0.0,,0.0,,0.0,0.0,,0.0,0.0,0.0,0.0,,,,,,0
1470,28041,Akseli Elias YLI HANNUKSELA,fin,4,9,13,0.31,2.923076923076923,5.692307692307692,,,1.0,0.0,0.0,0.0,,,,,,,,0.2,0.5,,,,,,0.0,0.0,0.0,0.0,0.0,,0.0,,0.0,0.0,,0.0,0.0,0.0,0.51,0.43,,0.0,,,0
1471,28043,Titas KERSEVICIUS,ltu,2,5,7,0.29,3.0,4.142857142857143,,,1.0,0.0,0.0,0.0,,,,,,,,0.2,1.0,,,0.0,,,0.0,0.0,0.0,0.0,0.0,,0.0,,0.0,0.0,,0.0,0.0,0.0,0.48,0.0,,0.0,,,0
1472,27911,Uitumen ORGODOL,mgl,10,6,16,0.63,6.4375,5.0625,,,1.0,0.0,0.0,0.0,,,,,,,,0.38,0.4,,,,0.5,,0.0,0.0,0.0,0.0,0.0,,0.0,,0.0,0.0,,0.0,0.0,0.0,0.0,,,,,,0
1473,21763,Jordan STEEN,can,11,11,22,0.5,5.181818181818182,3.818181818181817,,,1.0,0.0,0.0,0.0,,,,,,,,0.0,0.0,,,0.0,,,0.0,0.0,0.0,0.0,0.0,,0.0,,0.0,0.0,,0.0,0.0,0.0,0.0,,,,,,0
1474,27869,Jessica Anne Marie MACDONALD,can,8,10,18,0.44,4.722222222222222,4.388888888888888,,,3.0,0.0,0.0,0.0,,,,,,,,0.33,0.6,,,0.0,,,0.0,0.0,0.0,0.0,0.0,,0.0,,0.0,0.0,,0.0,0.0,0.0,0.53,0.68,,0.0,,,0
1475,36866,Gabriel TYSZ,svk,0,3,3,0.0,0.6666666666666666,9.33333333333333,,,1.0,0.0,0.0,0.0,,,,,,,,0.0,0.0,,,0.0,0.0,,0.0,0.0,0.0,0.0,0.0,,0.0,,0.0,0.0,,0.0,0.0,0.0,0.0,,,,,,0
1476,28060,Luca SVAICARI,ita,4,8,12,0.33,3.166666666666667,7.083333333333333,,,1.0,0.0,0.0,0.0,,,,,,,,0.25,1.0,,,,0.0,,0.0,0.0,0.0,0.0,0.0,,0.0,,0.0,0.0,,0.0,0.0,0.0,0.2,0.0,,,,,0
1477,21751,Pedro Francisco CEBALLOS FUENTES,ven,11,11,22,0.5,5.090909090909091,3.318181818181818,,,1.0,0.0,0.0,0.0,,,,,,,,0.42,0.71,,,0.0,,,0.0,0.0,0.0,0.0,0.0,,0.0,,0.0,0.0,,0.0,0.0,0.0,0.0,,,,,,0
1478,27868,Amy Ann FEARNSIDE,usa,8,8,16,0.5,5.9375,6.4375,,,2.0,0.0,0.0,0.0,,,,,,,,0.33,0.5,,,,0.0,,0.0,0.0,0.0,0.0,0.0,,0.0,,0.0,0.0,,0.0,0.0,0.0,0.0,,,,,,0
1479,21748,Ethan Adrian RAMOS,pur,19,18,37,0.51,7.486486486486486,6.675675675675676,,,8.0,0.0,0.0,0.0,,,,,,,,0.23,0.33,,,0.0,0.29,,0.0,0.0,0.0,0.0,0.0,,0.0,,0.0,0.0,,0.0,0.0,0.0,0.0,,,,,,0
1480,21745,Mark John HALL II,usa,12,4,16,0.75,6.25,3.5625,0.0,,3.0,0.0,0.0,0.0,,,,,0.18,,0.0,0.17,0.33,,0.0,,0.0,0.0,0.0,0.0,0.0,0.0,0.0,,0.0,,0.0,0.0,,0.0,0.0,0.0,0.0,,,,0.0,0.045,0
1481,28134,Richard Phillip Junior DESCHATELETS,can,2,8,10,0.2,3.0,9.0,,,1.0,0.0,0.0,0.0,,,,,,,,0.1,0.11,,,,0.0,,0.0,0.0,0.0,0.0,0.0,,0.0,,0.0,0.0,,0.0,0.0,0.0,0.0,,,,,,0
1482,28158,Paul Baltazar MORALES BOJORQUEZ,mex,3,5,8,0.38,2.125,4.375,0.0,,1.0,0.0,0.0,0.0,,,,,0.18,,0.0,0.17,0.0,,,0.0,,0.0,0.0,0.0,0.0,0.0,0.0,,0.0,,0.0,0.0,,0.0,0.0,0.0,0.0,,,,0.0,0.045,0
1483,21965,Mastoura SOUDANI,alg,14,10,24,0.58,5.916666666666666,4.458333333333333,,,1.0,0.0,0.0,0.0,,,,,,,,0.0,0.0,,,,,,0.0,0.0,0.0,0.0,0.0,,0.0,,0.0,0.0,,0.0,0.0,0.0,0.0,,,,,,0
1484,27841,Reinier MONTEAGUDO ROMERO,cub,1,1,2,0.5,1.5,3.0,,,1.0,0.0,0.0,0.0,,,,,,,,0.0,,0.0,,0.0,0.0,,0.0,0.0,0.0,0.0,0.0,,0.0,,0.0,0.0,,0.0,0.0,0.0,0.0,,,,,,0
1485,21716,Pedro Jesus MEJIAS RODRIGUEZ,ven,14,11,25,0.56,6.0,4.6,,,2.0,0.0,0.0,0.0,,,,,,,,0.44,0.5,,,,0.67,,0.0,0.0,0.0,0.0,0.0,,0.0,,0.0,0.0,,0.0,0.0,0.0,0.0,,,,,,0
1486,27837,Juan Angel ESCOBAR,mex,4,4,8,0.5,3.5,4.125,,,1.0,0.0,0.0,0.0,,,,,,,,0.11,0.17,,,,0.0,,0.0,0.0,0.0,0.0,0.0,,0.0,,0.0,0.0,,0.0,0.0,0.0,0.25,0.0,,,,,0
1487,21694,Gabriella SLEISZ,hun,5,7,12,0.42,3.583333333333333,3.416666666666667,,,3.0,0.0,0.0,0.0,,,,,,,,0.33,1.0,,,,,,0.0,0.0,0.0,0.0,0.0,,0.0,,0.0,0.0,,0.0,0.0,0.0,0.0,,,,,,0
1488,27835,Anthony Ezra SANDERS,ger,6,6,12,0.5,2.166666666666667,4.416666666666666,,,2.0,0.0,0.0,0.0,,,,,,,,0.2,0.33,,,,0.0,,0.0,0.0,0.0,0.0,0.0,,0.0,,0.0,0.0,,0.0,0.0,0.0,0.0,,,,,,0
1489,36847,Samvel AGHAJANYAN,arm,0,1,1,0.0,0.0,8.0,,,1.0,0.0,0.0,0.0,,,,,,,,0.0,0.0,,,,0.0,,0.0,0.0,0.0,0.0,0.0,,0.0,,0.0,0.0,,0.0,0.0,0.0,0.0,,,,,,0
1490,22000,Mohammad Baghi KARIMISEIFABAD,iri,8,2,10,0.8,7.9,2.8,,,1.0,0.0,0.0,0.0,,,,,,,,0.0,0.0,,,,,,0.0,0.0,0.0,0.0,0.0,,0.0,,0.0,0.0,,0.0,0.0,0.0,0.0,,,,,,0
1491,27541,Selim YASAR,tur,6,4,10,0.6,4.0,2.2,,,1.0,0.0,0.0,0.0,,,,,,,,0.33,0.5,,,,,,0.0,0.0,0.0,0.0,0.0,,0.0,,0.0,0.0,,0.0,0.0,0.0,0.0,,,,,,0
1492,22082,Arkyt OROZBEKOV,kgz,5,7,12,0.42,3.5,5.25,0.0,,3.0,0.0,0.0,0.0,,,,,0.4,,0.0,0.25,,,1.0,0.0,1.0,0.0,0.0,0.0,0.0,0.0,0.0,,0.0,,0.0,0.0,,0.0,0.0,0.0,0.0,,,,0.0,0.1,0
1493,23603,Bat Erdene BYAMBASUREN,mgl,7,12,19,0.37,4.263157894736842,5.894736842105263,0.0,,4.0,0.0,0.0,0.0,,,,,0.43,,0.0,0.27,1.0,,0.0,0.0,0.0,0.0,0.0,0.0,0.0,0.0,0.0,,0.0,,0.0,0.0,,0.0,0.0,0.0,0.0,,,,0.0,0.1075,0
1494,28319,Amarhajy MAHAMEDAU,blr,5,4,9,0.56,2.888888888888889,2.666666666666667,,,2.0,0.0,0.0,0.0,,,,,,,,0.5,1.0,,,,,,0.0,0.0,0.0,0.0,0.0,,0.0,,0.0,0.0,,0.0,0.0,0.0,0.0,,,,,,0
1495,22175,Simon Jakob MONZ,ger,4,4,8,0.5,6.625,6.25,,,1.0,0.0,0.0,0.0,,,,,,,,0.38,1.0,,,,0.5,,0.0,0.0,0.0,0.0,0.0,,0.0,,0.0,0.0,,0.0,0.0,0.0,0.0,,,,,,0
1496,22178,Stanislav NOVAC,mda,10,9,19,0.53,5.210526315789473,4.526315789473684,,,4.0,0.0,0.0,0.0,,,,,,,,0.38,0.67,,,0.0,,,0.0,0.0,0.0,0.0,0.0,,0.0,,0.0,0.0,,0.0,0.0,0.0,0.0,,,,,,0
1497,21659,Anna LUKASIAK,pol,18,16,34,0.53,3.705882352941177,3.735294117647058,0.0,,3.0,0.0,0.0,0.0,,,,,0.84,,0.99,0.62,0.7,,0.5,0.0,0.5,0.88,0.0,0.0,0.0,0.0,0.0,,0.0,,0.0,0.0,,0.0,0.0,0.0,0.63,0.76,0.0,0.0,0.0,0.3675,0
1498,21658,Kseniya STANKEVICH,blr,21,16,37,0.57,6.216216216216216,5.891891891891892,,,4.0,0.0,0.0,0.0,,,,,,,,0.17,0.5,,,,0.0,,0.0,0.0,0.0,0.0,0.0,,0.0,,0.0,0.0,,0.0,0.0,0.0,0.51,0.0,,0.0,,,0
1499,22189,Luka MARIAMIDZE,geo,2,2,4,0.5,7.0,5.5,,,1.0,0.0,0.0,0.0,,,,,,,,0.33,1.0,,,,,,0.0,0.0,0.0,0.0,0.0,,0.0,,0.0,0.0,,0.0,0.0,0.0,0.0,,,,,,0
1500,28373,Ahmet Salim YIGIT,tur,4,4,8,0.5,4.25,4.875,,,3.0,0.0,0.0,0.0,,,,,,,,0.79,1.0,,,1.0,1.0,,0.0,0.0,0.0,0.0,0.0,,0.0,,0.0,0.0,,0.0,0.0,0.0,0.0,,,,,,0
1501,22212,Milan Andras KORCSOG,hun,15,18,33,0.45,3.939393939393939,4.242424242424241,,,,,0.0,0.0,,,,,0.0,,0.0,0.0,,,0.0,,0.0,0.0,0.0,0.0,0.0,0.0,0.0,,0.0,,0.0,0.0,,0.0,0.0,0.0,0.0,,,,0.0,,0
1502,21656,Milana DADASHEVA,rus,17,8,25,0.68,6.52,3.68,,,2.0,0.0,0.0,0.0,,,,,,,,0.44,0.67,0.0,,,0.4,,0.0,0.0,0.0,0.0,0.0,,0.0,,0.0,0.0,,0.0,0.0,0.0,0.0,,,,,,0
1503,28420,Nikalas Petrov SULEV,bul,7,9,16,0.44,3.5625,4.625,,,1.0,0.0,0.0,0.0,,,,,,,,0.0,,,,,0.0,,0.0,0.0,0.0,0.0,0.0,,0.0,,0.0,0.0,,0.0,0.0,0.0,0.43,0.0,,0.0,,,0
1504,22220,Johannes MAYER,ger,13,10,23,0.57,4.434782608695652,3.782608695652173,,,3.0,0.0,0.0,0.0,,,,,,,,0.33,0.5,,,0.0,,,0.0,0.0,0.0,0.0,0.0,,0.0,,0.0,0.0,,0.0,0.0,0.0,0.0,,,,,,0
1505,28461,Veranika EISMANT,blr,2,3,5,0.4,3.0,6.6,,,4.0,0.0,0.0,0.0,,,,,,,,0.0,0.0,0.0,,0.0,,,0.0,0.0,0.0,0.0,0.0,,0.0,,0.0,0.0,,0.0,0.0,0.0,0.0,,,,,,0
1506,28751,Ivan BILEICHUK,ukr,2,4,6,0.33,5.666666666666666,6.5,,,4.0,0.0,0.0,0.0,,,,,,,,0.33,0.4,,,,,,0.0,0.0,0.0,0.0,0.0,,0.0,,0.0,0.0,,0.0,0.0,0.0,0.55,0.83,,0.0,,,0
1507,27391,Nick MATUHIN,ger,5,7,12,0.42,3.5,4.083333333333333,,,4.0,0.0,0.0,0.0,,,,,,,,0.09,0.2,,,,,,0.0,0.0,0.0,0.0,0.0,,0.0,,0.0,0.0,,0.0,0.0,0.0,0.0,,,,,,0
1508,27347,Ali KARABOGA,tur,1,4,5,0.2,0.4,7.2,,,2.0,0.0,0.0,0.0,,,,,,,,0.5,0.83,0.0,,,0.0,,0.0,0.0,0.0,0.0,0.0,,0.0,,0.0,0.0,,0.0,0.0,0.0,0.59,0.15,,0.0,,,0
1509,22286,Luigi RINALDI,ita,1,3,4,0.25,2.75,7.5,,,1.0,0.0,0.0,0.0,,,,,,,,0.17,,,,,0.5,,0.0,0.0,0.0,0.0,0.0,,0.0,,0.0,0.0,,0.0,0.0,0.0,0.0,,,,,,0
1510,22302,Andrei Horea BARBUL,rou,2,4,6,0.33,3.333333333333333,6.333333333333333,,,1.0,0.0,0.0,0.0,,,,,,,,0.25,,,,,0.0,,0.0,0.0,0.0,0.0,0.0,,0.0,,0.0,0.0,,0.0,0.0,0.0,0.51,0.43,,0.0,,,0
1511,27164,Xiaonan LIANG,chn,2,2,4,0.5,2.25,4.0,,,1.0,0.0,0.0,0.0,,,,,,,,0.0,0.0,,,0.0,,,0.0,0.0,0.0,0.0,0.0,,0.0,,0.0,0.0,,0.0,0.0,0.0,0.43,0.0,,0.0,,,0
1512,36878,Gulsum BINGOL,tur,0,1,1,0.0,0.0,11.0,,,2.0,0.0,0.0,0.0,,,,,,,,0.13,,0.0,,0.0,0.5,,0.0,0.0,0.0,0.0,0.0,,0.0,,0.0,0.0,,0.0,0.0,0.0,0.0,,,,,,0
1513,21613,Karapet CHALYAN,arm,17,9,26,0.65,4.615384615384616,1.884615384615385,,,1.0,0.0,0.0,0.0,,,,,,,,0.4,,,,0.0,,,0.0,0.0,0.0,0.0,0.0,,0.0,,0.0,0.0,,0.0,0.0,0.0,0.0,,,,,,0
1514,21612,Mateusz Lukasz WOLNY,pol,1,4,5,0.2,1.4,5.4,,,2.0,0.0,0.0,0.0,,,,,,,,0.25,,,,0.0,,,0.0,0.0,0.0,0.0,0.0,,0.0,,0.0,0.0,,0.0,0.0,0.0,0.0,,,,,,0
1515,28790,Fredrika Ida PETERSSON,swe,4,6,10,0.4,3.9,5.5,,,3.0,0.0,0.0,0.0,,,,,,,,0.25,0.5,,,0.0,0.5,,0.0,0.0,0.0,0.0,0.0,,0.0,,0.0,0.0,,0.0,0.0,0.0,0.43,0.0,,0.0,,,0
1516,27156,Temur Mirzo MAMAJANOV,uzb,7,5,12,0.58,2.916666666666667,3.0,,,1.0,0.0,0.0,0.0,,,,,,,,0.0,0.0,0.0,,0.0,0.0,,0.0,0.0,0.0,0.0,0.0,,0.0,,0.0,0.0,,0.0,0.0,0.0,0.45,0.0,,0.0,,,0
1517,28808,Singh SURJEET,ind,1,2,3,0.33,3.666666666666667,10.0,,,1.0,0.0,0.0,0.0,,,,,,,,0.1,0.25,,,,0.0,,0.0,0.0,0.0,0.0,0.0,,0.0,,0.0,0.0,,0.0,0.0,0.0,0.0,,,,,,0
1518,22461,Gabriel LUPASCO,mda,18,13,31,0.58,4.387096774193549,3.741935483870968,,,2.0,0.0,0.0,0.0,,,,,0.0,,0.0,0.0,0.0,0.0,0.0,0.0,0.0,0.0,0.0,0.0,0.0,0.0,0.0,,0.0,,0.0,0.0,,0.0,0.0,0.0,0.18,0.0,,,0.0,,0
1519,28832,Iliskhan CHILAYEV,kaz,2,6,8,0.25,2.625,6.125,,,3.0,0.0,0.0,0.0,,,,,,,,0.0,0.0,,,,,,0.0,0.0,0.0,0.0,0.0,,0.0,,0.0,0.0,,0.0,0.0,0.0,0.0,,,,,,0
1520,22479,Aleksandra Weronika WITOS,pol,5,9,14,0.36,3.142857142857143,4.571428571428571,,,3.0,0.0,0.0,0.0,,,,,,,,0.0,,,,,,,0.0,0.0,0.0,0.0,0.0,,0.0,,0.0,0.0,,0.0,0.0,0.0,0.0,,,,,,0
1521,28847,Artur POLITAIEV,ukr,8,8,16,0.5,4.6875,3.9375,,,4.0,0.0,0.0,0.0,,,,,,,,0.17,0.33,0.0,,,0.0,,0.0,0.0,0.0,0.0,0.0,,0.0,,0.0,0.0,,0.0,0.0,0.0,0.0,,,,,,0
1522,27024,Valerii ANDRIITSEV,ukr,13,10,23,0.57,4.043478260869565,2.173913043478261,,,1.0,0.0,0.0,0.0,,,,,,,,0.29,0.67,,,0.0,,,0.0,0.0,0.0,0.0,0.0,,0.0,,0.0,0.0,,0.0,0.0,0.0,0.0,,,,,,0
1523,21558,Muradin KUSHKHOV,rus,6,2,8,0.75,4.5,1.375,,,3.0,0.0,0.0,0.0,,,,,,,,0.33,0.33,,,,,,0.0,0.0,0.0,0.0,0.0,,0.0,,0.0,0.0,,0.0,0.0,0.0,0.0,,,,,,0
1524,28860,Artur VITITIN,est,3,7,10,0.3,2.7,5.5,,,1.0,0.0,0.0,0.0,,,,,,,,0.13,0.0,,,,1.0,,0.0,0.0,0.0,0.0,0.0,,0.0,,0.0,0.0,,0.0,0.0,0.0,0.2,0.0,,,,,0
1525,22511,Reza Ahmadali ATRINAGHARCHI,iri,9,6,15,0.6,4.8,3.4,,,3.0,0.0,0.0,0.0,,,,,,,,0.38,0.33,,,,0.5,,0.0,0.0,3.0,1.5,0.6,,0.0,,0.0,0.0,,0.0,0.0,0.0,0.0,,,,,,0
1526,26935,Antti Henrik Juhani HAANPAEAE,fin,2,5,7,0.29,3.0,6.428571428571429,,,3.0,0.0,0.0,0.0,,,,,,,,0.0,,,,,0.0,,0.0,0.0,0.0,0.0,0.0,,0.0,,0.0,0.0,,0.0,0.0,0.0,0.58,0.0,,0.0,,,0
1527,26893,Vadim BABUSKIN,ltu,1,4,5,0.2,1.2,5.0,,,3.0,0.0,0.0,0.0,,,,,,,,0.58,0.67,,,,1.0,,0.0,0.0,0.0,0.0,0.0,,0.0,,0.0,0.0,,0.0,0.0,0.0,0.63,0.7,,0.0,,,0
1528,26890,Serhii HORDIIENKO,ukr,1,3,4,0.25,4.5,7.25,,,1.0,0.0,0.0,0.0,,,,,,,,0.0,0.0,,,0.0,,,0.0,0.0,0.0,0.0,0.0,,0.0,,0.0,0.0,,0.0,0.0,0.0,0.0,,,,,,0
1529,28937,Ruslan ABDULAEV,rus,2,3,5,0.4,3.6,5.0,,,3.0,0.0,0.0,0.0,,,,,,,,0.5,0.5,,,0.0,1.0,,0.0,0.0,0.0,0.0,0.0,,0.0,,0.0,0.0,,0.0,0.0,0.0,0.0,,,,,,0
1530,21521,Vasile Madalin MINZALA,rou,1,3,4,0.25,1.5,4.25,,,1.0,0.0,0.0,0.0,,,,,,,,0.62,1.0,,,0.0,,,0.0,0.0,0.0,0.0,0.0,,0.0,,0.0,0.0,,0.0,0.0,0.0,0.0,,,,,,0
1531,22533,Joshua Stuart FINESILVER,isr,2,7,9,0.22,2.111111111111111,7.777777777777779,0.0,,6.0,0.0,0.0,0.0,,,,,0.62,,0.0,0.4,,0.0,0.5,0.0,0.33,0.0,0.0,0.0,0.0,0.0,0.0,,0.0,,1.0,0.0,,0.0,0.0,0.0,0.0,,,,0.0,0.155,0
1532,22537,Temuulen ENKHTUYA,mgl,11,13,24,0.46,5.625,6.291666666666666,0.0,,2.0,0.0,0.0,0.0,,,,,0.4,,0.0,0.25,0.5,,0.0,,0.0,0.0,0.0,0.0,0.0,0.0,0.0,,0.0,,0.0,0.0,,0.0,0.0,0.0,0.0,,,,0.0,0.1,0
1533,22543,Aimar ANDRUSE,est,8,15,23,0.35,3.739130434782609,6.521739130434783,,,3.0,0.0,0.0,0.0,,,,,,,,0.58,0.75,,,,1.0,,0.0,0.0,0.0,0.0,0.0,,0.0,,0.0,0.0,,0.0,0.0,0.0,0.0,,,,,,0
1534,21517,Zelimkhan KHADJIEV,fra,7,3,10,0.7,5.1,2.7,,,1.0,0.0,0.0,0.0,,,,,,,,0.67,1.0,,,,,,0.0,0.0,0.0,0.0,0.0,,0.0,,0.0,0.0,,0.0,0.0,0.0,0.0,,,,,,0
1535,28975,Karoly KISS,hun,2,6,8,0.25,3.125,6.75,,,1.0,0.0,0.0,0.0,,,,,,,,0.0,,,,,0.0,,0.0,0.0,0.0,0.0,0.0,,0.0,,0.0,0.0,,0.0,0.0,0.0,0.0,,,,,,0
1536,28989,Artium DELEANU,mda,8,7,15,0.53,4.266666666666667,4.6,,,2.0,0.0,0.0,0.0,,,,,,,,0.6,0.5,,,0.0,0.75,,0.0,0.0,0.0,0.0,0.0,,0.0,,0.0,0.0,,0.0,0.0,0.0,0.0,,,,,,0
1537,26812,Uzur DZHUZUPBEKOV,kgz,11,10,21,0.52,3.761904761904761,3.285714285714286,,,1.0,0.0,0.0,0.0,,,,,,,,0.17,0.0,,,,0.0,,0.0,0.0,0.0,0.0,0.0,,0.0,,0.0,0.0,,0.0,0.0,0.0,0.0,,,,,,0
1538,26806,Boris PETRUSIC,srb,2,11,13,0.15,1.384615384615385,6.307692307692308,,,1.0,0.0,0.0,0.0,,,,,0.0,,0.0,0.0,0.0,0.0,,0.0,0.0,0.0,0.0,0.0,0.0,0.0,0.0,,0.0,,0.0,0.0,,0.0,0.0,0.0,0.0,,,,0.0,,0
1539,26798,Ilie COJOCARI,rou,6,12,18,0.33,2.666666666666667,4.444444444444445,,,1.0,0.0,0.0,0.0,,,,,,,,0.43,0.0,,,,1.0,,0.0,0.0,0.0,0.0,0.0,,0.0,,0.0,0.0,,0.0,0.0,0.0,0.0,,,,,,0
1540,29022,Muzafar ZHAPPUEV,kgz,1,6,7,0.14,4.0,7.857142857142858,,,3.0,0.0,0.0,0.0,,,,,,,,0.33,0.67,0.0,,,0.0,,0.0,0.0,0.0,0.0,0.0,,0.0,,0.0,0.0,,0.0,0.0,0.0,0.0,,,,,,0
1541,21510,Miroslav Stefanov KIROV,bul,13,13,26,0.5,3.153846153846154,4.538461538461538,,,4.0,0.0,0.0,0.0,,,,,,,,0.4,0.67,,,0.0,,,0.0,0.0,0.0,0.0,0.0,,0.0,,0.0,0.0,,0.0,0.0,0.0,0.49,0.5,,0.0,,,0
1542,22549,Arsalan BUDAZHAPOV,kgz,25,10,35,0.71,5.542857142857144,3.428571428571429,0.0,,1.0,0.0,0.0,0.0,,,,,0.29,,0.0,0.2,0.5,,,,,0.0,0.0,0.0,0.0,0.0,0.0,,0.0,,0.0,0.0,,0.0,0.0,0.0,0.0,,,,0.0,0.0725,0
1543,29034,Meirbek KORDABAY,kaz,5,4,9,0.56,4.666666666666666,4.0,,,1.0,0.0,0.0,0.0,,,,,,,,0.25,0.0,,,,,,0.0,0.0,0.0,0.0,0.0,,0.0,,0.0,0.0,,0.0,0.0,0.0,0.0,,,,,,0
1544,22565,Ivan ICHIZLI,mda,10,12,22,0.45,5.409090909090909,5.636363636363637,,,4.0,0.0,0.0,0.0,,,,,,,,0.58,0.71,,,0.0,1.0,,0.0,0.0,0.0,0.0,0.0,,0.0,,0.0,0.0,,0.0,0.0,0.0,0.62,0.5,,0.0,,,0
1545,29145,Nicolae COJOCARU,gbr,3,8,11,0.27,2.909090909090909,5.0,,,2.0,0.0,0.0,0.0,,,,,,,,0.55,0.33,,,,0.5,,0.0,0.0,0.0,0.0,0.0,,0.0,,0.0,0.0,,0.0,0.0,0.0,0.0,,,,,,0
1546,21500,Kevin Christopher HENKEL,ger,6,11,17,0.35,3.588235294117647,5.823529411764706,0.0,,9.0,0.0,0.0,0.0,,,,,0.81,,0.0,0.57,1.0,,,0.0,,0.0,0.0,0.0,0.0,0.0,0.0,,0.0,,0.0,0.0,,0.0,0.0,0.0,0.0,,,,0.0,0.2025,0
1547,29151,Andranik GALSTYAN,arm,1,2,3,0.33,5.333333333333333,5.0,,,1.0,0.0,0.0,0.0,,,,,,,,0.14,0.25,,,0.0,,,0.0,0.0,0.0,0.0,0.0,,0.0,,0.0,0.0,,0.0,0.0,0.0,0.0,,,,,,0
1548,26562,Marton RIZMAJER,hun,3,5,8,0.38,3.375,6.25,,,3.0,0.0,0.0,0.0,,,,,,,,0.38,1.0,0.0,,,0.0,,0.0,0.0,0.0,0.0,0.0,,0.0,,0.0,0.0,,0.0,0.0,0.0,0.2,0.0,,,,,0
1549,29158,Mikalai STADUB,blr,7,5,12,0.58,3.583333333333333,2.5,,,4.0,0.0,0.0,0.0,,,,,,,,0.0,,,,0.0,,,0.0,0.0,0.0,0.0,0.0,,0.0,,0.0,0.0,,0.0,0.0,0.0,0.57,0.0,,0.0,,,0
1550,21497,David HABAT,slo,7,10,17,0.41,4.705882352941177,3.529411764705882,,,7.0,0.0,0.0,0.0,,,,,,,,0.38,0.67,,,0.0,,,0.0,0.0,0.0,0.0,0.0,,0.0,,0.0,0.0,,0.0,0.0,0.0,0.0,,,,,,0
1551,29183,Lazaro Daniel HERNANDEZ LUIS,cub,6,2,8,0.75,6.75,3.125,,,2.0,0.0,0.0,0.0,,,,,,,,0.17,0.25,0.0,,,0.0,,0.0,0.0,0.0,0.0,0.0,,0.0,,0.0,0.0,,0.0,0.0,0.0,0.0,,,,,,0
1552,22576,Radoslaw MARCINKIEWICZ,pol,8,12,20,0.4,2.3,4.3,,,2.0,0.0,0.0,0.0,,,,,,,,0.0,0.0,,,0.0,0.0,,0.0,0.0,0.0,0.0,0.0,,0.0,,0.0,0.0,,0.0,0.0,0.0,0.0,,,,,,0
1553,21492,Vladimir Vladimirov DUBOV,bul,6,11,17,0.35,4.058823529411764,6.764705882352941,,,3.0,0.0,0.0,0.0,,,,,,,,0.29,0.5,,,,0.14,,0.0,0.0,0.0,0.0,0.0,,0.0,,0.0,0.0,,0.0,0.0,0.0,0.28,0.11,,,,,0
1554,36983,Komron KHOLOV,tjk,0,2,2,0.0,0.0,11.5,,,2.0,0.0,0.0,0.0,,,,,,,,0.4,0.4,,,,0.67,,0.0,0.0,0.0,0.0,0.0,,0.0,,0.0,0.0,,0.0,0.0,0.0,0.0,,,,,,0
1555,22593,Samuel SCHERRER,sui,12,12,24,0.5,3.458333333333333,4.125,,,,,0.0,0.0,,,,,0.0,,0.0,0.0,0.0,,0.0,,0.0,0.0,0.0,0.0,0.0,0.0,0.0,,0.0,,0.0,0.0,,0.0,0.0,0.0,0.0,,,,0.0,,0
1556,29239,Harutyun MANUKYAN,arm,1,1,2,0.5,5.0,5.0,,,1.0,0.0,0.0,0.0,,,,,,,,0.17,0.0,,,1.0,0.0,,0.0,0.0,0.0,0.0,0.0,,0.0,,0.0,0.0,,0.0,0.0,0.0,0.0,,,,,,0
1557,29286,Andrija Luka MALETIN,srb,2,10,12,0.17,1.75,4.916666666666666,,,1.0,0.0,0.0,0.0,,,,,,,,0.5,0.5,,,,0.67,,0.0,0.0,0.0,0.0,0.0,,0.0,,0.0,0.0,,0.0,0.0,0.0,0.0,,,,,,0
1558,29398,Magomed TAZHUDINOV,rus,3,1,4,0.75,8.75,2.0,,,1.0,0.0,0.0,0.0,,,,,,,,0.0,0.0,,,0.0,,,0.0,0.0,0.0,0.0,0.0,,0.0,,0.0,0.0,,0.0,0.0,0.0,0.59,0.0,,0.0,,,0
1559,21451,Aaron Anthony JOHNSON,jam,3,5,8,0.38,1.875,3.875,,,5.0,0.0,0.0,0.0,,,,,,,,0.0,,,,,,,0.0,0.0,0.0,0.0,0.0,,0.0,,0.0,0.0,,0.0,0.0,0.0,0.57,0.0,,0.0,,,0
1560,29401,Omar GAZASHVILI,geo,1,2,3,0.33,4.666666666666666,6.0,,,2.0,0.0,0.0,0.0,,,,,,,,0.71,0.8,,,,1.0,,0.0,0.0,0.0,0.0,0.0,,0.0,,0.0,0.0,,0.0,0.0,0.0,0.0,,,,,,0
1561,22633,Aker SCHMID AL OBAIDI,uww,8,12,20,0.4,3.9,4.65,,,1.0,0.0,0.0,0.0,,,,,,,,0.0,,,,,0.0,,0.0,0.0,0.0,0.0,0.0,,0.0,,0.0,0.0,,0.0,0.0,0.0,0.0,,,,,,0
1562,21442,Syerus ESLAMI,eng,4,4,8,0.5,4.875,6.0,,,1.0,0.0,0.0,0.0,,,,,,,,0.0,,,,,0.0,,0.0,0.0,0.0,0.0,0.0,,0.0,,0.0,0.0,,0.0,0.0,0.0,0.0,,,,,,0
1563,29561,Han LEI,chn,2,3,5,0.4,3.2,4.8,,,1.0,0.0,0.0,0.0,,,,,,,,0.13,0.5,,,0.0,,,0.0,0.0,0.0,0.0,0.0,,0.0,,0.0,0.0,,0.0,0.0,0.0,0.0,,,,,,0
1564,21441,Suresh Chanaka WARNAKULASURIYA FERNANDO,sri,1,3,4,0.25,0.5,6.5,,,,,0.0,0.0,,,,,,,,0.0,0.0,,,,0.0,,0.0,0.0,0.0,0.0,0.0,,0.0,,0.0,0.0,,0.0,0.0,0.0,0.0,,,,,,0
1565,22653,Kristupas SLEIVA,ltu,20,19,39,0.51,4.974358974358974,4.435897435897436,0.0,,1.0,0.0,0.0,0.0,,,,,0.0,,0.74,0.0,0.0,0.0,,,0.0,0.0,0.0,0.0,0.0,0.0,0.0,,0.0,,0.0,0.0,,0.0,0.0,0.0,0.24,0.0,,,0.0,0.06,0
1566,21428,Jasmit Singh PHULKA,can,16,18,34,0.47,4.147058823529412,5.558823529411764,,,7.0,0.0,0.0,0.0,,,,,,,,0.4,0.71,,,,0.0,,0.0,0.0,0.0,0.0,0.0,,0.0,,0.0,0.0,,0.0,0.0,0.0,0.0,,,,,,0
1567,21427,Ogbonna Emmanuel JOHN,ngr,15,4,19,0.79,6.526315789473684,3.368421052631579,,,1.0,0.0,0.0,0.0,,,,,,,,0.29,1.0,0.0,,,0.0,,0.0,0.0,0.0,0.0,0.0,,0.0,,0.0,0.0,,0.0,0.0,0.0,0.0,,,,,,0
1568,29646,Arsen YANOUSKI,blr,2,2,4,0.5,4.5,4.25,,,1.0,0.0,0.0,0.0,,,,,,,,0.0,,,,,0.0,,0.0,0.0,0.0,0.0,0.0,,0.0,,0.0,0.0,,0.0,0.0,0.0,0.25,0.0,,,,,0
1569,21425,Ross Taylor CONNELLY,sco,1,8,9,0.11,2.111111111111111,8.0,,,3.0,0.0,0.0,0.0,,,,,,,,0.36,0.8,,,0.0,0.0,,0.0,0.0,0.0,0.0,0.0,,0.0,,0.0,0.0,,0.0,0.0,0.0,0.6,0.52,,0.0,,,0
1570,26241,Johann Christoph STEINFORTH,ger,2,5,7,0.29,2.142857142857143,6.428571428571429,,,2.0,0.0,0.0,0.0,,,,,,,,0.64,0.78,,,,,,0.0,0.0,0.0,0.0,0.0,,0.0,,0.0,0.0,,0.0,0.0,0.0,0.6,0.85,,0.0,,,0
1571,29751,Ivars SAMUSONOK,lat,3,12,15,0.2,4.4,8.866666666666665,,,5.0,0.0,0.0,0.0,,,,,,,,0.8,0.8,,,,,,0.0,0.0,0.0,0.0,0.0,,0.0,,0.0,0.0,,0.0,0.0,0.0,0.0,,,,,,0
1572,21421,Inayat ULLAH,pak,6,11,17,0.35,3.294117647058824,5.529411764705881,,,1.0,0.0,0.0,0.0,,,,,,,,0.0,0.0,0.0,,0.0,0.0,,0.0,0.0,0.0,0.0,0.0,,0.0,,0.0,0.0,,0.0,0.0,0.0,0.2,0.0,,,,,0
1573,26216,Georgios PILIDIS,gre,23,13,36,0.64,5.277777777777778,3.777777777777778,,,5.0,0.0,0.0,0.0,,,,,,,,0.36,0.57,,,0.0,,,0.0,0.0,0.0,0.0,0.0,,0.0,,0.0,0.0,,0.0,0.0,0.0,0.58,0.0,,0.0,,,0
1574,21269,Omar Mohamed Amin Mahmoud MOURAD,egy,20,6,26,0.77,6.384615384615385,3.692307692307692,0.0,,2.0,0.0,0.0,0.0,,,,,0.55,,0.91,0.33,0.0,0.0,0.5,0.0,0.4,0.81,0.0,0.0,0.0,0.0,0.0,,0.0,,0.0,0.0,,0.0,0.0,0.0,0.58,0.26,0.0,0.0,0.0,0.2825,0
1575,29968,Yousef Mohamed Yousef EISSA,egy,7,4,11,0.64,6.818181818181817,3.272727272727273,,,1.0,0.0,0.0,0.0,,,,,,,,0.0,0.0,,,0.0,0.0,,0.0,0.0,0.0,0.0,0.0,,0.0,,0.0,0.0,,0.0,0.0,0.0,0.0,,,,,,0
1576,30030,Anatolii BURUIAN,mda,1,5,6,0.17,3.833333333333333,6.333333333333333,,,1.0,0.0,0.0,0.0,,,,,,,,0.0,0.0,,,,,,0.0,0.0,0.0,0.0,0.0,,0.0,,0.0,0.0,,0.0,0.0,0.0,0.51,0.0,,0.0,,,0
1577,26116,Fotis Dechlan David PAPADOPOULOS,can,3,6,9,0.33,5.444444444444445,9.0,,,2.0,0.0,0.0,0.0,,,,,,,,0.0,,,,0.0,,,0.0,0.0,0.0,0.0,0.0,,0.0,,0.0,0.0,,0.0,0.0,0.0,0.6,0.0,,0.0,,,0
1578,26044,Mustafa Abdulbasit Abd U AL OBAIDI,irq,6,2,8,0.75,6.25,4.5,,,2.0,0.0,0.0,0.0,,,,,,,,0.38,0.5,,,,0.0,,0.0,0.0,0.0,0.0,0.0,,0.0,,0.0,0.0,,0.0,0.0,0.0,0.0,,,,,,0
1579,22686,Matteo MAFFEZZOLI,ita,8,15,23,0.35,2.260869565217392,4.608695652173913,,,3.0,0.0,0.0,0.0,,,,,,,,0.0,0.0,,,,0.0,,0.0,0.0,0.0,0.0,0.0,,0.0,,0.0,0.0,,0.0,0.0,0.0,0.0,,,,,,0
1580,22696,Jinhyeok KIM,kor,5,10,15,0.33,1.866666666666667,4.6,,,,,0.0,0.0,,,,,,,,0.25,0.0,,,0.0,0.0,,0.0,0.0,0.0,0.0,0.0,,0.0,,0.0,0.0,,0.0,0.0,0.0,0.0,,,,,,0
1581,30055,Mehlika OZTURK,tur,1,15,16,0.06,1.3125,7.375,,,1.0,0.0,0.0,0.0,,,,,,,,0.0,0.0,,,,,,0.0,0.0,0.0,0.0,0.0,,0.0,,0.0,0.0,,0.0,0.0,0.0,0.0,,,,,,0
1582,25967,Ivan HRAMYKA,ain,3,7,10,0.3,3.7,7.5,,,2.0,0.0,0.0,0.0,,,,,,,,0.0,0.0,,,,0.0,,0.0,0.0,0.0,0.0,0.0,,0.0,,0.0,0.0,,0.0,0.0,0.0,0.0,,,,,,0
1583,23089,Cesar BORDEAUX REGO ALVAN,bra,7,9,16,0.44,5.1875,6.875,,,1.0,0.0,0.0,0.0,,,,,,,,0.17,0.0,,,,0.25,,0.0,0.0,0.0,0.0,0.0,,0.0,,0.0,0.0,,0.0,0.0,0.0,0.0,,,,,,0
1584,20788,Sajan SAJAN,ind,27,29,56,0.48,4.196428571428571,4.857142857142857,,,,,0.0,0.0,,,,,,,,0.14,0.33,,,0.0,0.0,,0.0,0.0,0.0,0.0,0.0,,0.0,,0.0,0.0,,0.0,0.0,0.0,0.2,0.0,,,,,0
1585,23136,Kodai OGAWA,jpn,8,9,17,0.47,4.058823529411764,3.705882352941177,,,2.0,0.0,0.0,0.0,,,,,,,,0.67,1.0,,,,,,0.0,0.0,0.0,0.0,0.0,,0.0,,0.0,0.0,,0.0,0.0,0.0,0.0,,,,,,0
1586,30161,Menghejigan MENGHEJIGAN,chn,3,4,7,0.43,4.142857142857143,5.857142857142857,,,7.0,0.0,0.0,0.0,,,,,,,,0.54,0.57,,,1.0,1.0,,0.0,0.0,0.0,0.0,0.0,,0.0,,0.0,0.0,,0.0,0.0,0.0,0.0,,,,,,0
1587,25645,Hajy RAJABAU,ain,10,6,16,0.63,4.125,3.5,,,5.0,0.0,0.0,0.0,,,,,,,,0.15,0.0,,,0.0,0.4,,0.0,0.0,0.0,0.0,0.0,,0.0,,0.0,0.0,,0.0,0.0,0.0,0.0,,,,,,0
1588,30166,Muhammad BILAL,pak,6,12,18,0.33,4.055555555555556,5.166666666666666,0.0,,4.0,0.0,0.0,0.0,,,,,0.0,,0.0,0.0,,,0.0,,0.0,0.81,0.0,0.0,0.0,0.0,0.0,,0.0,,0.0,0.0,,0.0,0.0,0.0,0.27,,0.0,0.0,0.0,0.0675,0
1589,25641,Sandeep Singh MANN,uww,10,14,24,0.42,5.708333333333333,5.583333333333333,,,3.0,0.0,0.0,0.0,,,,,,,,0.29,0.5,,,0.0,0.0,,0.0,0.0,0.0,0.0,0.0,,0.0,,0.0,0.0,,0.0,0.0,0.0,0.0,,,,,,0
1590,25639,Ilia Georgiev HRISTOV,bul,3,7,10,0.3,2.8,5.8,0.0,,3.0,0.0,0.0,0.0,,,,,0.65,,0.91,0.43,0.75,,0.0,,0.0,0.88,0.0,0.0,0.0,0.0,0.0,,0.0,,0.0,0.0,,0.0,0.0,0.0,0.6,0.87,0.0,0.0,0.0,0.3125,0
1591,23140,Daniel Troy COLES,can,2,8,10,0.2,2.7,7.1,,,6.0,0.0,0.0,0.0,,,,,,,,0.5,0.75,,,0.0,0.5,,0.0,0.0,0.0,0.0,0.0,,0.0,,0.0,0.0,,0.0,0.0,0.0,0.64,0.43,,0.0,,,0
1592,20771,Alisher YERGALI,kaz,34,19,53,0.64,6.245283018867925,3.924528301886793,0.0,,8.0,0.0,0.0,0.0,,,,,0.94,,0.0,0.75,1.0,,,,,0.0,0.0,0.0,0.0,0.0,0.0,,0.0,,0.0,0.0,,0.0,0.0,0.0,0.0,,,,0.0,0.235,0
1593,30195,Mantas Kazimieras SINKEVICIUS,ltu,2,3,5,0.4,2.8,5.6,,,,,0.0,0.0,,,,,,,,0.09,0.0,,,,0.0,,0.0,0.0,0.0,0.0,0.0,,0.0,,0.0,0.0,,0.0,0.0,0.0,0.0,,,,,,0
1594,25622,Ibrahim Abdullah GUZAN,yem,3,6,9,0.33,3.888888888888889,6.444444444444445,0.0,,1.0,0.0,0.0,0.0,,,,,0.12,,0.0,0.14,0.0,,0.0,,0.0,0.0,0.0,0.0,0.0,0.0,0.0,,0.0,,0.0,0.0,,0.0,0.0,0.0,0.0,,,,0.0,0.03,0
1595,20769,Yusup BATIRMURZAEV,kaz,19,9,28,0.68,6.071428571428571,2.357142857142857,,,,,0.0,0.0,,,,,,,,0.2,1.0,,,,,,0.0,0.0,0.0,0.0,0.0,,0.0,,0.0,0.0,,0.0,0.0,0.0,0.0,,,,,,0
1596,30224,Bajram SINA,alb,2,5,7,0.29,2.285714285714286,6.571428571428571,,,,,0.0,0.0,,,,,0.0,,0.0,0.0,0.0,,0.0,,0.0,0.0,0.0,0.0,0.0,0.0,0.0,,0.0,0.0,0.0,0.0,0.0,0.0,0.0,1.0,0.0,,,,0.0,,0
1597,23154,Vadym KURYLENKO,ukr,8,9,17,0.47,4.764705882352941,5.11764705882353,,,4.0,0.0,0.0,0.0,,,,,,,,0.63,0.67,,,,1.0,,0.0,0.0,0.0,0.0,0.0,,0.0,,0.0,0.0,,0.0,0.0,0.0,0.0,,,,,,0
1598,30266,Enrique Javier CUERO ORTIZ,ecu,1,7,8,0.13,1.5,7.125,,,2.0,0.0,0.0,0.0,,,,,,,,0.0,0.0,,,,,,0.0,0.0,0.0,0.0,0.0,,0.0,,0.0,0.0,,0.0,0.0,0.0,0.55,0.0,,0.0,,,0
1599,23169,Adam Skene THOMSON,can,5,6,11,0.45,4.363636363636364,6.272727272727272,,,4.0,0.0,0.0,0.0,,,,,0.0,,0.0,0.21,0.43,0.0,0.0,,0.13,0.0,0.0,0.0,0.0,0.0,0.0,,0.0,,0.0,0.0,,0.0,0.0,0.0,0.0,,,,0.0,,0
1600,20719,Mia Katherine FRIESEN,can,4,5,9,0.44,4.777777777777778,4.888888888888888,0.0,,6.0,0.0,0.0,0.0,,,,,0.18,,0.0,0.17,1.0,,0.0,,0.0,0.0,0.0,0.0,0.0,0.0,0.0,,0.0,,0.0,0.0,,0.0,0.0,0.0,0.0,,,,0.0,0.045,0
1601,30452,Eugen SCHELL,ger,3,5,8,0.38,1.625,4.125,,,,,0.0,0.0,,,,,,,,0.2,,,,,0.33,,0.0,0.0,0.0,0.0,0.0,,0.0,,0.0,0.0,,0.0,0.0,0.0,0.0,,,,,,0
1602,30481,Artur SARKISJAN,cze,4,6,10,0.4,2.5,4.8,,,1.0,0.0,0.0,0.0,,,,,,,,0.25,0.5,,,,0.0,,0.0,0.0,0.0,0.0,0.0,,0.0,,0.0,0.0,,0.0,0.0,0.0,0.48,0.0,,0.0,,,0
1603,23179,Lars SCHAEFLE,ger,14,19,33,0.42,4.121212121212121,4.545454545454546,,,2.0,0.0,0.0,0.0,,,,,,,,0.29,0.5,,,,0.0,,0.0,0.0,0.0,0.0,0.0,,0.0,,0.0,0.0,,0.0,0.0,0.0,0.0,,,,,,0
1604,20700,Aden Ikaika Hammar ATTAO,usa,10,2,12,0.83,6.166666666666666,3.25,,,1.0,0.0,0.0,0.0,,,,,,,,0.0,0.0,,,,0.0,,0.0,0.0,0.0,0.0,0.0,,0.0,,0.0,0.0,,0.0,0.0,0.0,0.0,,,,,,0
1605,20683,Nestor Evian ALMANZA TRUYOL,chi,5,4,9,0.56,3.777777777777778,3.111111111111111,0.0,,1.0,0.0,0.0,0.0,,,,,0.0,,0.62,0.0,0.0,,,0.0,,0.0,0.0,0.0,0.0,0.0,0.0,,0.0,,0.0,0.0,,0.0,0.0,0.0,0.2,0.0,,,0.0,0.05,0
1606,30540,Luka OCHIGAVA,geo,5,3,8,0.63,5.5,3.375,,,1.0,0.0,0.0,0.0,,,,,,,,0.25,0.0,,,,,,0.0,0.0,0.0,0.0,0.0,,0.0,,0.0,0.0,,0.0,0.0,0.0,0.0,,,,,,0
1607,20542,Nurmanbet RAIMALY UULU,kgz,7,5,12,0.58,5.333333333333333,3.5,,,,,0.0,0.0,,,,,0.4,,0.0,0.25,1.0,,,0.0,,0.0,0.0,0.0,0.0,0.0,0.0,,0.0,,0.0,0.0,,0.0,0.0,0.0,0.0,,,,0.0,,0
1608,23210,Ahmed Fouad Fouad Hussein BAGHDOUDA,egy,18,15,33,0.55,4.666666666666666,3.272727272727273,,,2.0,0.0,0.0,0.0,,,,,,,,0.63,1.0,,,,0.67,,0.0,0.0,0.0,0.0,0.0,,0.0,,0.0,0.0,,0.0,0.0,0.0,0.0,,,,,,0
1609,23231,Ranet KALJOLA,est,5,21,26,0.19,2.269230769230769,5.346153846153847,,,1.0,0.0,0.0,0.0,,,,,,,,0.26,0.67,,,0.0,1.0,,0.0,0.0,0.0,0.0,0.0,,0.0,,0.0,0.0,,0.0,0.0,0.0,0.18,0.0,,,,,0
1610,20104,Vladyslav ABRAMOV,ukr,4,7,11,0.36,4.454545454545455,4.545454545454546,,,,,0.0,0.0,,,,,,,,0.5,0.6,,,0.0,,,,0.0,0.0,0.0,,,0.0,,0.0,0.0,,0.0,0.0,0.0,0.25,0.68,,,,,0
1611,20124,Ayub Muratovitch MUSAEV,bel,19,16,35,0.54,5.685714285714286,4.371428571428571,,,,,0.0,0.0,,,,,0.46,,0.0,0.29,0.67,,0.0,,0.0,0.0,,0.0,0.0,0.0,,,0.0,,2.0,0.0,,0.0,0.0,0.0,0.0,,,,0.0,,0
1612,20127,Bartosz Krzysztof SOLTYS,pol,2,9,11,0.18,3.454545454545455,9.18181818181818,,,,,0.0,0.0,,,,,,,,0.0,0.0,,,,0.0,,,0.0,0.0,0.0,,,0.0,,0.0,0.0,,0.0,0.0,0.0,0.0,,,,,,0
1613,20204,Borislav Krasimirov KIRILOV,bul,7,4,11,0.64,4.909090909090909,4.272727272727272,,,,,0.0,0.0,,,,,,,,0.0,,,,,0.0,,,0.0,0.0,0.0,,,0.0,,0.0,0.0,,0.0,0.0,0.0,0.0,,,,,,0
1614,20211,Romeo BERIDZE,geo,6,5,11,0.55,4.909090909090909,4.090909090909091,,,,,0.0,0.0,,,,,0.29,,0.0,0.2,0.33,,,,,0.0,,0.0,0.0,0.0,,,0.0,,0.0,0.0,,0.0,0.0,0.0,0.0,,,,0.0,,0
1615,20219,Shon NADORGIN,isr,5,9,14,0.36,2.571428571428572,5.5,,,,,0.0,0.0,,,,,0.29,,0.62,0.2,0.0,,,,,0.0,,0.0,0.0,0.0,,,0.0,,0.0,0.0,,0.0,0.0,0.0,0.2,0.0,,,0.0,,0
1616,20224,Alexei HAHLOVSCHI,mda,1,7,8,0.13,2.625,4.875,,,,,0.0,0.0,,,,,,,,0.0,0.0,,,,0.0,,,0.0,0.0,0.0,,,0.0,,0.0,0.0,,0.0,0.0,0.0,0.0,,,,,,0
1617,20225,Mairbek SALIMOV,pol,4,8,12,0.33,3.916666666666667,4.583333333333333,,,,,0.0,0.0,,,,,,,,0.33,0.0,0.0,,,,,,0.0,0.0,0.0,,,0.0,,0.0,0.0,,0.0,0.0,0.0,0.0,,,,,,0
1618,20235,Junior Gustavo BENITEZ ORTIZ,esp,5,11,16,0.31,2.5,5.4375,,,,,0.0,0.0,,,,,,,,0.0,0.0,,,,,,,0.0,0.0,0.0,,,0.0,,0.0,0.0,,0.0,0.0,0.0,0.0,,,,,,0
1619,20236,Aaron BELLSCHEIDT,ger,14,15,29,0.48,3.96551724137931,3.931034482758621,,,,,0.0,0.0,,,,,,,,0.0,,,,,0.0,,,0.0,0.0,0.0,,,0.0,,0.0,0.0,,0.0,0.0,0.0,0.0,,,,,,0
1620,20265,Vigen NAZARYAN,arm,26,10,36,0.72,4.777777777777778,2.333333333333333,,,,,0.0,0.0,,,,,,,,0.0,,,,0.0,0.0,,,0.0,0.0,0.0,,,0.0,,0.0,0.0,,0.0,0.0,0.0,0.0,,,,,,0
1621,20269,Patrik Iulian GORDAN,rou,8,8,16,0.5,3.625,3.5625,,,,,0.0,0.0,,,,,0.08,,0.0,0.13,0.5,,0.0,,0.0,0.0,,0.0,0.0,0.0,,,0.0,,0.0,0.0,,0.0,0.0,0.0,0.0,,,,0.0,,0
1622,20317,Viktoria BORSOS,hun,10,10,20,0.5,3.3,4.55,,,,,0.0,0.0,,,,,0.75,,0.0,0.5,0.67,,,,,0.0,,0.0,0.0,0.0,,,0.0,,0.0,0.0,,0.0,0.0,0.0,0.0,,,,0.0,,0
1623,20502,Firuz MIRZORAJABOV,tjk,7,5,12,0.58,3.833333333333333,4.666666666666666,,,,,0.0,0.0,,,,,,,,0.0,0.0,,,,0.0,,,0.0,0.0,0.0,,,0.0,,0.0,0.0,,0.0,0.0,0.0,0.24,0.0,,,,,0
1624,20540,Amirreza Rahman AKBARI,iri,6,3,9,0.67,5.444444444444445,4.222222222222222,,,,,0.0,0.0,,,,,0.0,,0.0,0.0,0.0,,,0.0,,0.0,,0.0,0.0,0.0,,,0.0,,0.0,0.0,,0.0,0.0,0.0,0.0,,,,0.0,,0
1625,20546,Junho PARK,kor,2,5,7,0.29,1.857142857142857,5.857142857142857,,,,,0.0,0.0,,,,,,,,0.0,0.0,,,,,,,0.0,0.0,0.0,,,0.0,,0.0,0.0,,0.0,0.0,0.0,0.0,,,,,,0
1626,20676,Jeremy Renzo PERALTA GONZALEZ,ecu,20,12,32,0.63,5.875,4.6875,,,,,0.0,0.0,,,,,0.29,,0.0,0.2,,,0.33,,0.33,0.0,,0.0,0.0,0.0,,,0.0,,0.0,0.0,,0.0,0.0,0.0,0.0,,,,0.0,,0
1627,20753,Sagar JAGLAN,ind,28,7,35,0.8,9.6,5.114285714285714,,,,,0.0,0.0,,,,,,,,0.0,0.0,,,,,,,0.0,0.0,0.0,,,0.0,,0.0,0.0,,0.0,0.0,0.0,0.0,,,,,,0
1628,20775,Abdelkarim FERGAT,alg,21,13,34,0.62,5.058823529411764,3.941176470588235,,,,,0.0,0.0,,,,,,,,0.0,0.0,,,,0.0,,,0.0,0.0,0.0,,,0.0,,0.0,0.0,,0.0,0.0,0.0,0.0,,,,,,0
1629,20786,Singh HARPREET,ind,13,19,32,0.41,2.125,4.09375,,,,,0.0,0.0,,,,,,,,0.0,0.0,,,,,,,0.0,0.0,0.0,,,0.0,,0.0,0.0,,0.0,0.0,0.0,0.0,,,,,,0
1630,21316,Gor AYVAZYAN,geo,17,3,20,0.85,6.2,1.8,,,,,0.0,0.0,,,,,0.0,,0.62,0.0,0.0,,0.0,0.0,0.0,0.0,,0.0,0.0,0.0,,,0.0,,0.0,0.0,,0.0,0.0,0.0,0.2,0.0,,,0.0,,0
1631,21522,Akhmed Shiabdinovitch GADZHIMAGOMEDOV,rus,13,2,15,0.87,6.133333333333333,2.333333333333333,,,,,0.0,0.0,,,,,,,,0.0,0.0,,,,,,,0.0,0.0,0.0,,,0.0,,0.0,0.0,,0.0,0.0,0.0,0.0,,,,,,0
1632,21527,Martin OBST,ger,6,5,11,0.55,2.909090909090909,3.363636363636364,,,,,0.0,0.0,,,,,,,,0.14,1.0,,,0.0,0.0,,,0.0,0.0,0.0,,,0.0,,0.0,0.0,,0.0,0.0,0.0,0.28,0.0,,,,,0
1633,21571,Andriy MARTYNYUK,ukr,1,4,5,0.2,2.2,6.4,,,,,0.0,0.0,,,,,,,,0.0,0.0,0.0,,,0.0,,,0.0,0.0,0.0,,,0.0,,0.0,0.0,,0.0,0.0,0.0,0.2,0.0,,,,,0
1634,21576,Zaur KABALOEV,rus,10,8,18,0.56,3.5,3.333333333333333,,,,,0.0,0.0,,,,,,,,0.0,,,,,0.0,,,0.0,0.0,0.0,,,0.0,,0.0,0.0,,0.0,0.0,0.0,0.0,,,,,,0
1635,21580,Dawid Andrzej ERSETIC,pol,5,7,12,0.42,2.833333333333333,4.916666666666666,,,,,0.0,0.0,,,,,,,,0.11,1.0,,,0.0,0.0,,,0.0,0.0,0.0,,,0.0,,0.0,0.0,,0.0,0.0,0.0,0.2,0.0,,,,,0
1636,21589,Deyvid Tihomirov DIMITROV,bul,9,11,20,0.45,3.8,5.65,,,,,0.0,0.0,,,,,,,,0.14,0.33,,,0.0,,,,0.0,0.0,0.0,,,0.0,,0.0,0.0,,0.0,0.0,0.0,0.0,,,,,,0
1637,21590,Edgaras VENCKAITIS,ltu,2,7,9,0.22,2.777777777777778,5.0,,,,,0.0,0.0,,,,,,,,0.0,0.0,,,0.0,0.0,,,0.0,0.0,0.0,,,0.0,,0.0,0.0,,0.0,0.0,0.0,0.28,0.0,,,,,0
1638,21641,Mihail KAJALA,srb,12,6,18,0.67,3.666666666666667,3.055555555555556,,,,,0.0,0.0,,,,,,,,0.0,,,,0.0,0.0,,,0.0,0.0,0.0,,,0.0,,0.0,0.0,,0.0,0.0,0.0,0.2,0.0,,,,,0
1639,21642,Ramsin AZIZSIR,ger,4,7,11,0.36,2.636363636363636,2.454545454545455,,,,,0.0,0.0,,,,,,,,0.0,0.0,,,,0.0,,,0.0,0.0,0.0,,,0.0,,0.0,0.0,,0.0,0.0,0.0,0.2,0.0,,,,,0
1640,21676,Zalina SIDAKOVA,blr,10,11,21,0.48,4.38095238095238,4.38095238095238,,,,,0.0,0.0,,,,,,,,0.0,,0.0,,,0.0,,,0.0,0.0,0.0,,,0.0,,0.0,0.0,,0.0,0.0,0.0,0.0,,,,,,0
1641,21689,Luzie MANZKE,ger,7,11,18,0.39,3.777777777777778,4.222222222222222,,,,,0.0,0.0,,,,,,,,0.5,0.5,,,,,,,0.0,0.0,0.0,,,0.0,,0.0,0.0,,0.0,0.0,0.0,0.0,,,,,,0
1642,21717,Oscar Eduardo TIGREROS URBANO,col,15,12,27,0.56,5.74074074074074,5.222222222222222,,,,,0.0,0.0,,,,,,,,0.0,0.0,,,,0.0,,,0.0,0.0,0.0,,,0.0,,0.0,0.0,,0.0,0.0,0.0,0.0,,,,,,0
1643,21721,Alexis OLVERA MAGALLANES,mex,5,4,9,0.56,6.666666666666666,6.555555555555556,,,,,0.0,0.0,,,,,,,,0.0,0.0,,,,0.0,,,0.0,0.0,0.0,,,0.0,,0.0,0.0,,0.0,0.0,0.0,0.0,,,,,,0
1644,21752,Pool Edinson AMBROCIO GREIFO,per,11,12,23,0.48,3.173913043478261,3.347826086956522,,,,,0.0,0.0,,,,,,,,0.0,0.0,0.0,,,0.0,,,0.0,0.0,0.0,,,0.0,,0.0,0.0,,0.0,0.0,0.0,0.0,,,,,,0
1645,21755,Julio Rafael RODRIGUEZ ROMERO,dom,8,9,17,0.47,5.235294117647058,4.470588235294118,,,,,0.0,0.0,,,,,,,,0.0,0.0,0.0,,,0.0,,,0.0,0.0,0.0,,,0.0,,0.0,0.0,,0.0,0.0,0.0,0.0,,,,,,0
1646,21756,Meruzhan NIKOYAN,arg,5,5,10,0.5,3.7,4.5,,,,,0.0,0.0,,,,,,,,0.0,0.0,0.0,,,0.0,,,0.0,0.0,0.0,,,0.0,,0.0,0.0,,0.0,0.0,0.0,0.0,,,,,,0
1647,21778,Marat GARIPOV,bra,12,24,36,0.33,3.222222222222222,5.111111111111112,,,,,0.0,0.0,,,,,,,,0.0,0.0,,,,,,,0.0,0.0,0.0,,,0.0,,0.0,0.0,,0.0,0.0,0.0,0.2,0.0,,,,,0
1648,21794,Ravaughn Richard Ravelle PERKINS,usa,12,6,18,0.67,4.888888888888888,3.333333333333333,,,,,0.0,0.0,,,,,,,,0.0,0.0,,,0.0,0.0,,,0.0,0.0,0.0,,,0.0,,0.0,0.0,,0.0,0.0,0.0,0.0,,,,,,0
1649,21815,Oscar LOANGO SOLIS,col,3,4,7,0.43,2.0,3.857142857142857,,,,,0.0,0.0,,,,,,,,0.0,0.0,,,,,,,0.0,0.0,0.0,,,0.0,,0.0,0.0,,0.0,0.0,0.0,0.0,,,,,,0
1650,21822,Edgardo Juan LOPEZ MORELL,pur,5,10,15,0.33,2.666666666666667,4.6,,,,,0.0,0.0,,,,,,,,0.25,,,,0.5,,,,0.0,0.0,0.0,,,0.0,,0.0,0.0,,0.0,0.0,0.0,0.0,,,,,,0
1651,21910,Constantin Ionut TUDOR,rou,5,5,10,0.5,4.9,4.4,,,,,0.0,0.0,,,,,,,,0.17,1.0,,,0.0,,,,0.0,0.0,0.0,,,0.0,,0.0,0.0,,0.0,0.0,0.0,0.25,0.0,,,,,0
1652,21976,Sultan KURMANALIYEV,kaz,3,2,5,0.6,4.8,3.4,,,,,0.0,0.0,,,,,,,,0.0,0.0,,,,,,,0.0,0.0,0.0,,,0.0,,0.0,0.0,,0.0,0.0,0.0,0.3,0.0,,,,,0
1653,21977,Chaehwan SHIN,kor,1,2,3,0.33,4.333333333333333,8.0,,,,,0.0,0.0,,,,,,,,0.0,0.0,,,0.0,0.0,,,0.0,0.0,0.0,,,0.0,,0.0,0.0,,0.0,0.0,0.0,0.3,0.0,,,,,0
1654,22028,Qiang LI,chn,2,3,5,0.4,5.4,6.0,,,,,0.0,0.0,,,,,,,,0.1,0.17,,,,,,,0.0,0.0,0.0,,,0.0,,0.0,0.0,,0.0,0.0,0.0,0.0,,,,,,0
1655,22032,Dilmukhammed NURMUKHAMEDOV,uzb,2,4,6,0.33,4.0,5.833333333333333,,,,,0.0,0.0,,,,,,,,0.0,0.0,,,,0.0,,,0.0,0.0,0.0,,,0.0,,0.0,0.0,,0.0,0.0,0.0,0.0,,,,,,0
1656,22049,Firuz MIRZORADZHABOV,tjk,8,13,21,0.38,3.333333333333333,5.142857142857143,,,,,0.0,0.0,,,,,,,,0.0,0.0,,,,,,,0.0,0.0,0.0,,,0.0,,0.0,0.0,,0.0,0.0,0.0,0.0,,,,,,0
1657,22140,Rafayel HARUTYUNYAN,arm,6,1,7,0.86,8.571428571428571,0.7142857142857142,,,,,0.0,0.0,,,,,,,,0.0,0.0,,,,,,,0.0,0.0,0.0,,,0.0,,0.0,0.0,,0.0,0.0,0.0,0.28,0.0,,,,,0
1658,22177,Mykyta HONCHAROV,ukr,7,6,13,0.54,4.461538461538462,5.0,,,,,0.0,0.0,,,,,0.0,,0.0,0.0,0.0,,0.0,,0.0,0.0,,0.0,0.0,0.0,,,0.0,,0.0,0.0,,0.0,0.0,0.0,0.0,,,,0.0,,0
1659,22224,Stoyan Iliev YORDANOV,bul,6,2,8,0.75,3.625,1.875,,,,,0.0,0.0,,,,,,,,0.0,0.0,,,,0.0,,,0.0,0.0,0.0,,,0.0,,0.0,0.0,,0.0,0.0,0.0,0.0,,,,,,0
1660,22264,Gagik Mishai SNJOYAN,fra,15,11,26,0.58,4.730769230769231,2.692307692307693,,,,,0.0,0.0,,,,,,,,0.14,0.0,,,0.0,0.5,,,0.0,0.0,0.0,,,0.0,,0.0,0.0,,0.0,0.0,0.0,0.0,,,,,,0
1661,22266,Serhat KIRIK,tur,12,4,16,0.75,5.1875,3.375,,,,,0.0,0.0,,,,,,,,0.0,0.0,,,,0.0,,,0.0,0.0,0.0,,,0.0,,0.0,0.0,,0.0,0.0,0.0,0.0,,,,,,0
1662,22305,Dimitrios TSOMPANOUDIS,gre,5,3,8,0.63,5.25,5.0,,,,,0.0,0.0,,,,,,,,0.25,1.0,,,,0.0,,,0.0,0.0,0.0,,,0.0,,0.0,0.0,,0.0,0.0,0.0,0.0,,,,,,0
1663,22313,Mukhammad EVLOEV,rus,19,3,22,0.86,6.590909090909091,1.454545454545454,,,,,0.0,0.0,,,,,,,,0.0,,,,0.0,0.0,,,0.0,0.0,0.0,,,0.0,,0.0,0.0,,0.0,0.0,0.0,0.25,0.0,,,,,0
1664,22398,Shehabeldin Emam Abdelraouf MOHAMED,egy,22,9,31,0.71,5.806451612903226,2.0,,,,,0.0,0.0,,,,,,,,0.0,,,,,0.0,,,0.0,0.0,0.0,,,0.0,,0.0,0.0,,0.0,0.0,0.0,0.0,,,,,,0
1665,22439,Luka IVANCIC,cro,1,9,10,0.1,1.8,8.4,,,,,0.0,0.0,,,,,0.0,,0.0,0.0,0.0,,,,,0.0,,0.0,0.0,0.0,,,0.0,,0.0,0.0,,0.0,0.0,0.0,0.0,,,,0.0,,0
1666,22440,Nestori Kalle Mikael MANNILA,fin,6,12,18,0.33,2.444444444444444,5.444444444444445,,,,,0.0,0.0,,,,,,,,0.0,0.0,,,,,,,0.0,0.0,0.0,,,0.0,,0.0,0.0,,0.0,0.0,0.0,0.0,,,,,,0
1667,22450,Khasay HASANLI,aze,26,13,39,0.67,5.487179487179487,2.487179487179487,,,,,0.0,0.0,,,,,,,,0.17,0.5,,,0.0,,,,0.0,0.0,0.0,,,0.0,,0.0,0.0,,0.0,0.0,0.0,0.25,0.68,,,,,0
1668,22567,Benjamin GREIL,aut,10,21,31,0.32,2.967741935483871,6.387096774193549,,,,,0.0,0.0,,,,,0.19,,0.54,0.13,0.4,,0.0,,0.0,0.0,,0.0,0.0,0.0,,,0.0,,0.0,0.0,,0.0,0.0,0.0,0.18,0.0,,,0.0,,0
1669,22571,Aron CANEVA,ita,1,6,7,0.14,1.142857142857143,8.571428571428571,,,,,0.0,0.0,,,,,,,,0.17,1.0,,,,0.0,,,0.0,0.0,0.0,,,0.0,,0.0,0.0,,0.0,0.0,0.0,0.0,,,,,,0
1670,22599,Dinesh DINESH,ind,2,3,5,0.4,2.2,4.6,,,,,0.0,0.0,,,,,0.0,,0.0,0.0,,,0.0,0.0,0.0,0.0,,0.0,0.0,0.0,,,0.0,,0.0,0.0,,0.0,0.0,0.0,0.0,,,,0.0,,0
1671,22622,Rabby Kilonga KILANDI,cod,6,6,12,0.5,4.75,5.666666666666666,,,,,0.0,0.0,,,,,,,,0.0,0.0,,,0.0,0.0,,,0.0,0.0,0.0,,,0.0,,0.0,0.0,,0.0,0.0,0.0,0.0,,,,,,0
1672,22632,Abdolmohammad Mohammad PAPI,ger,1,2,3,0.33,4.0,4.666666666666666,,,,,0.0,0.0,,,,,,,,0.25,0.0,,,,1.0,,,0.0,0.0,0.0,,,0.0,,0.0,0.0,,0.0,0.0,0.0,0.25,0.0,,,,,0
1673,22645,Katsuaki ENDO,jpn,11,6,17,0.65,4.470588235294118,3.235294117647059,,,,,0.0,0.0,,,,,,,,0.14,0.0,,,0.0,0.0,,,0.0,0.0,0.0,,,0.0,,0.0,0.0,,0.0,0.0,0.0,0.0,,,,,,0
1674,22648,Andrii KULYK,ukr,9,7,16,0.56,5.0,3.3125,,,,,0.0,0.0,,,,,,,,0.0,0.0,,,,0.0,,,0.0,0.0,0.0,,,0.0,,0.0,0.0,,0.0,0.0,0.0,0.2,0.0,,,,,0
1675,22682,Pejman Soltanmorad POSHTAM,iri,20,9,29,0.69,4.448275862068965,2.724137931034483,,,,,0.0,0.0,,,,,,,,0.25,0.0,,,,,,,0.0,0.0,0.0,,,0.0,,0.0,0.0,,0.0,0.0,0.0,0.0,,,,,,0
1676,22759,Sara Johanna LINDBORG,swe,16,16,32,0.5,4.09375,4.5625,,,,,0.0,0.0,,,,,,,,0.0,,0.0,,,0.0,,,0.0,0.0,0.0,,,0.0,,0.0,0.0,,0.0,0.0,0.0,0.0,,,,,,0
1677,23082,Uber Euclides CUERO MUNOZ,col,11,9,20,0.55,5.05,4.35,,,,,0.0,0.0,,,,,0.0,,0.0,0.0,0.0,,,,0.0,0.0,,0.0,0.0,0.0,,,0.0,,0.0,0.0,,0.0,0.0,0.0,0.0,,,,0.0,,0
1678,23103,Cristobal Alonso TORRES NUNEZ,chi,3,15,18,0.17,1.444444444444444,6.611111111111112,,,,,0.0,0.0,,,,,,,,0.0,0.0,,,0.0,,,,0.0,0.0,0.0,,,0.0,,0.0,0.0,,0.0,0.0,0.0,0.0,,,,,,0
1679,23129,Joseph Andres SILVA,pur,7,7,14,0.5,4.214285714285714,4.571428571428571,,,,,0.0,0.0,,,,,,,,0.13,0.33,,,0.0,0.0,,,0.0,0.0,0.0,,,0.0,,0.0,0.0,,0.0,0.0,0.0,0.0,,,,,,0
1680,23190,Hovhannes MAGHAKYAN,arm,8,6,14,0.57,5.071428571428571,5.285714285714286,,,,,0.0,0.0,,,,,,,,0.0,0.0,,,,0.0,,,0.0,0.0,0.0,,,0.0,,0.0,0.0,,0.0,0.0,0.0,0.0,,,,,,0
1681,23215,Peyton Louis OMANIA,usa,7,4,11,0.64,5.818181818181817,5.181818181818182,,,,,0.0,0.0,,,,,,,,0.0,0.0,,,,,,,0.0,0.0,0.0,,,0.0,,0.0,0.0,,0.0,0.0,0.0,0.0,,,,,,0
1682,23229,Mats Ola Lukas AHLGREN,swe,6,6,12,0.5,4.583333333333333,4.5,,,,,0.0,0.0,,,,,,,,0.0,0.0,,,0.0,0.0,,,0.0,0.0,0.0,,,0.0,,0.0,0.0,,0.0,0.0,0.0,0.28,0.0,,,,,0
1683,23312,Murad KURAMAGOMEDOV,hun,10,13,23,0.43,4.304347826086957,3.173913043478261,,,,,0.0,0.0,,,,,0.75,,0.62,0.5,0.5,,1.0,,1.0,0.0,,0.0,0.0,0.0,,,0.0,,0.0,0.0,,0.0,0.0,0.0,0.2,0.0,,,0.0,,0
1684,23324,Pruthviraj Babasaheb PATIL,ind,9,9,18,0.5,4.333333333333333,5.888888888888888,,,,,0.0,0.0,,,,,,,,0.0,0.0,,,,0.0,,,0.0,0.0,0.0,,,0.0,,0.0,0.0,,0.0,0.0,0.0,0.0,,,,,,0
1685,23346,Ashu ASHU,ind,13,20,33,0.39,3.515151515151515,5.0,,,,,0.0,0.0,,,,,,,,0.25,0.67,0.0,,,0.0,,,0.0,0.0,0.0,,,0.0,,0.0,0.0,,0.0,0.0,0.0,0.28,0.15,,,,,0
1686,23385,Vinko PRODANOVIC,cro,3,7,10,0.3,2.7,6.6,,,,,0.0,0.0,,,,,0.0,,0.0,0.0,,,0.0,,0.0,0.0,,0.0,0.0,0.0,,,0.0,,0.0,0.0,,0.0,0.0,0.0,0.0,,,,0.0,,0
1687,23421,Yasin Abbas REZAEIAGHOUZGOLEH,iri,4,3,7,0.57,8.571428571428571,9.857142857142856,,,,,0.0,0.0,,,,,0.0,,0.0,0.0,0.0,,0.0,,0.0,0.0,,0.0,0.0,0.0,,,0.0,,0.0,0.0,,0.0,0.0,0.0,0.0,,,,0.0,,0
1688,23477,Abd Elkrim OUAKALI,alg,20,9,29,0.69,4.827586206896552,3.379310344827586,,,,,0.0,0.0,,,,,,,,0.25,0.0,,,,,,,0.0,0.0,0.0,,,0.0,,0.0,0.0,,0.0,0.0,0.0,0.0,,,,,,0
1689,23478,Michael WAGNER,aut,5,18,23,0.22,2.304347826086957,4.043478260869565,,,,,0.0,0.0,,,,,0.0,,0.0,0.0,0.0,,,,,0.0,,0.0,0.0,0.0,,,0.0,,0.0,0.0,,0.0,0.0,0.0,0.0,,,,0.0,,0
1690,23559,Hovhannes HARUTYUNYAN,arm,2,1,3,0.67,0.6666666666666666,3.666666666666667,,,,,0.0,0.0,,,,,0.29,,0.74,0.2,0.0,,,0.33,,0.0,,0.0,0.0,0.0,,,0.0,,0.0,0.0,,0.0,0.0,0.0,0.25,0.0,,,0.0,,0
1691,23585,Sanzhar MUKHTAR,kaz,4,7,11,0.36,3.545454545454545,6.181818181818182,,,,,0.0,0.0,,,,,0.0,,0.74,0.0,,,,0.0,,0.0,,0.0,0.0,0.0,,,0.0,,0.0,0.0,,0.0,0.0,0.0,0.25,0.0,,,0.0,,0
1692,23598,Byambadorj BAT ERDENE,mgl,13,14,27,0.48,3.888888888888889,5.074074074074074,,,,,0.0,0.0,,,,,,,,0.0,0.0,,,,,,,0.0,0.0,0.0,,,0.0,,0.0,0.0,,0.0,0.0,0.0,0.28,0.0,,,,,0
1693,23606,Mirlan CHYNYBEKOV,kgz,1,6,7,0.14,3.571428571428572,8.571428571428571,,,,,0.0,0.0,,,,,0.18,,0.0,0.17,1.0,,0.0,,0.0,0.0,,0.0,0.0,0.0,,,0.0,,0.0,0.0,,0.0,0.0,0.0,0.0,,,,0.0,,0
1694,23618,Jeyhun OVEZDURDYYEV,tkm,1,4,5,0.2,2.2,6.8,,,,,0.0,0.0,,,,,0.4,,0.0,0.25,0.33,,,,,0.0,,0.0,0.0,0.0,,,0.0,,0.0,0.0,,0.0,0.0,0.0,0.0,,,,0.0,,0
1695,23629,Aktenge KEUNIMJAEVA,uzb,26,31,57,0.46,3.12280701754386,5.228070175438597,,,,,0.0,0.0,,,,,0.0,,0.0,0.0,0.0,0.0,0.0,,0.0,0.0,,0.0,0.0,0.0,,,0.0,,0.0,0.0,,0.0,0.0,0.0,0.0,,,,0.0,,0
1696,23670,Oliver Marco KRUEGER,den,4,8,12,0.33,2.333333333333333,5.0,,,,,0.0,0.0,,,,,0.0,,0.84,0.0,0.0,,0.0,0.0,0.0,0.0,,0.0,0.0,0.0,,,0.0,,0.0,0.0,,0.0,0.0,0.0,0.28,0.0,,,0.0,,0
1697,23675,Andreas VAELIS,est,3,12,15,0.2,1.866666666666667,5.133333333333333,,,,,0.0,0.0,,,,,,,,0.0,0.0,,,,,,,0.0,0.0,0.0,,,0.0,,0.0,0.0,,0.0,0.0,0.0,0.25,0.0,,,,,0
1698,23692,Agoro PAPAVASILEIOU,gre,2,3,5,0.4,0.8,4.4,,,,,0.0,0.0,,,,,,,,0.0,,,,,,,,0.0,0.0,0.0,,,0.0,,0.0,0.0,,0.0,0.0,0.0,0.0,,,,,,0
1699,23704,Franklin MAREN CASTILLO,cub,12,7,19,0.63,5.631578947368421,4.684210526315789,,,,,0.0,0.0,,,,,0.0,,0.0,0.08,1.0,,0.0,0.0,0.0,0.0,,0.0,0.0,0.0,,,0.0,,0.0,0.0,,0.0,0.0,0.0,0.0,,,,0.0,,0
1700,23709,Victor Eduardo HERNANDEZ LUNA,mex,3,9,12,0.25,3.583333333333333,6.416666666666666,,,,,0.0,0.0,,,,,,,,0.0,,,,,0.0,,,0.0,0.0,0.0,,,0.0,,0.0,0.0,,0.0,0.0,0.0,0.0,,,,,,0
1701,23716,Luis Miguel PEREZ SOSA,dom,14,10,24,0.58,6.458333333333333,4.958333333333333,,,,,0.0,0.0,,,,,,,,0.0,,,,0.0,0.0,,,0.0,0.0,0.0,,,0.0,,0.0,0.0,,0.0,0.0,0.0,0.0,,,,,,0
1702,23728,Edsson Rafael OLMOS GUTIERREZ,mex,5,6,11,0.45,3.181818181818182,4.636363636363637,,,,,0.0,0.0,,,,,0.08,,0.0,0.13,0.33,0.0,0.17,0.0,0.14,0.0,,0.0,0.0,0.0,,,0.0,,0.0,0.0,,0.0,0.0,0.0,0.0,,,,0.0,,0
1703,23738,Alan Ernesto VERA GARCIA,usa,3,6,9,0.33,1.777777777777778,4.555555555555556,,,,,0.0,0.0,,,,,,,,0.0,,,,0.0,0.0,,,0.0,0.0,0.0,,,0.0,,0.0,0.0,,0.0,0.0,0.0,0.0,,,,,,0
1704,23804,Ulrich Elyse MANOUAN,civ,12,25,37,0.32,1.675675675675676,5.405405405405404,,,,,0.0,0.0,,,,,,,,0.0,0.0,,,,0.0,,,0.0,0.0,0.0,,,0.0,,0.0,0.0,,0.0,0.0,0.0,0.0,,,,,,0
1705,23807,Anas LAMKABBER,mar,7,16,23,0.3,1.304347826086956,5.260869565217392,,,,,0.0,0.0,,,,,0.0,,0.0,0.0,0.0,,0.0,0.0,0.0,0.0,,0.0,0.0,0.0,,,0.0,,0.0,0.0,,0.0,0.0,0.0,0.0,,,,0.0,,0
1706,23808,Diaaeldin Kamal Gouda ABDELMOTTALEB,egy,13,5,18,0.72,4.555555555555556,2.388888888888889,,,,,0.0,0.0,,,,,,,,0.0,0.0,,,,,,,0.0,0.0,0.0,,,0.0,,0.0,0.0,,0.0,0.0,0.0,0.0,,,,,,0
1707,23873,Ismail ETTALIBI,mar,11,11,22,0.5,4.363636363636364,5.363636363636364,,,,,0.0,0.0,,,,,0.0,,0.0,0.0,0.0,,0.0,,0.0,0.0,,0.0,0.0,0.0,,,0.0,,0.0,0.0,,0.0,0.0,0.0,0.0,,,,0.0,,0
1708,24038,Melis AITBEKOV,kgz,1,5,6,0.17,3.0,5.833333333333333,,,,,0.0,0.0,,,,,0.18,,0.0,0.17,0.33,,0.0,,0.0,0.0,,0.0,0.0,0.0,,,0.0,,0.0,0.0,,0.0,0.0,0.0,0.0,,,,0.0,,0
1709,24114,Sahil SAHIL,ind,9,10,19,0.47,3.736842105263158,6.263157894736842,,,,,0.0,0.0,,,,,0.0,,0.0,0.0,,,0.0,,0.0,0.0,,0.0,0.0,0.0,,,0.0,,0.0,0.0,,0.0,0.0,0.0,0.0,,,,0.0,,0
1710,24167,Pravin Pandurang PATIL,ind,5,2,7,0.71,5.285714285714286,2.0,,,,,0.0,0.0,,,,,,,,0.0,,,,,0.0,,,0.0,0.0,0.0,,,0.0,,0.0,0.0,,0.0,0.0,0.0,0.32,0.0,,,,,0
1711,24764,Reagan Mbo MABUBA,cod,6,12,18,0.33,2.777777777777778,4.555555555555556,,,,,0.0,0.0,,,,,,,,0.5,0.33,,,,,,,0.0,0.0,0.0,,,0.0,,0.0,0.0,,0.0,0.0,0.0,0.0,,,,,,0
1712,24914,Utah Rueben Siaosi MANN,tga,1,4,5,0.2,3.8,10.2,,,,,0.0,0.0,,,,,0.12,,0.0,0.14,0.5,,0.0,0.0,0.0,0.0,,0.0,0.0,0.0,,,0.0,,0.0,0.0,,0.0,0.0,0.0,0.0,,,,0.0,,0
1713,25050,Tourpal Ali Lom Alievitch MAGAMADOV,fra,3,3,6,0.5,4.333333333333333,7.333333333333333,,,,,0.0,0.0,,,,,0.18,,0.0,0.17,,,0.0,,0.0,0.0,,0.0,0.0,0.0,,,0.0,,0.0,0.0,,0.0,0.0,0.0,0.0,,,,0.0,,0
1714,25490,Parvesh PARVESH,ind,1,13,14,0.07,0.8571428571428571,7.714285714285714,,,,,0.0,0.0,,,,,0.0,,0.0,0.0,0.0,,,,,0.0,,0.0,0.0,0.0,,,0.0,,0.0,0.0,,0.0,0.0,0.0,0.0,,,,0.0,,0
1715,25554,Virgil Alexander BICA,swe,1,10,11,0.09,1.0,6.909090909090909,,,,,0.0,0.0,,,,,,,,0.0,,,,,0.0,,,0.0,0.0,0.0,,,0.0,,0.0,0.0,,0.0,0.0,0.0,0.0,,,,,,0
1716,25585,Latuf MADI,com,3,6,9,0.33,3.444444444444444,4.111111111111112,,,,,0.0,0.0,,,,,0.29,,0.0,0.2,,,0.25,,0.25,0.0,,0.0,0.0,0.0,,,0.0,,0.0,0.0,,0.0,0.0,0.0,0.0,,,,0.0,,0
1717,25586,Yanisse MADI,com,3,9,12,0.25,3.75,4.75,,,,,0.0,0.0,,,,,0.0,,0.0,0.0,0.0,,0.0,,0.0,0.0,,0.0,0.0,0.0,,,0.0,,0.0,0.0,,0.0,0.0,0.0,0.0,,,,0.0,,0
1718,25643,William RAFFI,ita,1,8,9,0.11,1.888888888888889,8.777777777777779,,,,,0.0,0.0,,,,,0.0,,0.0,0.0,0.0,,0.0,,0.0,0.0,,0.0,0.0,0.0,,,0.0,,0.0,0.0,,0.0,0.0,0.0,0.0,,,,0.0,,0
1719,25657,Stefan Roger CLEMENT,fra,3,6,9,0.33,4.666666666666666,3.888888888888889,,,,,0.0,0.0,,,,,,,,0.0,0.0,,,0.0,,,,0.0,0.0,0.0,,,0.0,,0.0,0.0,,0.0,0.0,0.0,0.2,0.0,,,,,0
1720,25666,Patryk Adam BEDNARZ,pol,8,18,26,0.31,2.846153846153846,4.615384615384616,,,,,0.0,0.0,,,,,,,,0.0,0.0,,,,,,,0.0,0.0,0.0,,,0.0,,0.0,0.0,,0.0,0.0,0.0,0.0,,,,,,0
1721,25670,Sejin YANG,kor,2,4,6,0.33,0.8333333333333333,5.5,,,,,0.0,0.0,,,,,,,,0.0,,,,,0.0,,,0.0,0.0,0.0,,,0.0,,0.0,0.0,,0.0,0.0,0.0,0.0,,,,,,0
1722,25687,Ekaterina POLESHCHUK,ain,18,11,29,0.62,5.206896551724138,3.96551724137931,,,,,0.0,0.0,,,,,,,,0.65,0.83,0.0,,0.0,0.0,,,0.0,0.0,0.0,,,0.0,,0.0,0.0,,0.0,0.0,0.0,0.3,0.26,,,,,0
1723,25739,Tomohiro INOUE,jpn,7,6,13,0.54,4.846153846153847,3.307692307692308,,,,,0.0,0.0,,,,,,,,0.5,0.67,,,,1.0,,,0.0,0.0,0.0,,,0.0,,0.0,0.0,,0.0,0.0,0.0,0.0,,,,,,0
1724,25998,Yonaiker Javier MARTINEZ CRAVO,ven,5,3,8,0.63,6.25,4.625,,,,,0.0,0.0,,,,,0.0,,0.0,0.0,0.0,,,0.0,,0.0,,0.0,0.0,0.0,,,0.0,,0.0,0.0,,0.0,0.0,0.0,0.0,,,,0.0,,0
1725,26015,Patrick NEUMAIER,ger,13,9,22,0.59,3.136363636363636,2.090909090909091,,,,,0.0,0.0,,,,,,,,0.0,0.0,,,,0.0,,,0.0,0.0,0.0,,,0.0,,0.0,0.0,,0.0,0.0,0.0,0.0,,,,,,0
1726,26055,Rayan Mazen B HAWSAWI,ksa,2,13,15,0.13,1.133333333333333,7.533333333333333,,,,,0.0,0.0,,,,,,,,0.0,0.0,0.0,,,0.0,,,0.0,0.0,0.0,,,0.0,,0.0,0.0,,0.0,0.0,0.0,0.0,,,,,,0
1727,26062,Amro Abed Alfattah Jamal SADEH,jor,4,4,8,0.5,2.5,5.625,,,,,0.0,0.0,,,,,0.18,,0.0,0.17,1.0,0.0,0.0,,0.0,0.0,,0.0,0.0,0.0,,,0.0,,0.0,0.0,,0.0,0.0,0.0,0.0,,,,0.0,,0
1728,26078,John Geronimo Butaud ROJAS,gum,2,3,5,0.4,5.8,3.8,,,,,0.0,0.0,,,,,,,,0.17,0.5,,,0.0,0.0,,,0.0,0.0,0.0,,,0.0,,0.0,0.0,,0.0,0.0,0.0,0.0,,,,,,0
1729,26097,Josh FAILAUGA,asa,2,8,10,0.2,0.3,6.3,,,,,0.0,0.0,,,,,,,,0.17,1.0,,,,0.0,,,0.0,0.0,0.0,,,0.0,,0.0,0.0,,0.0,0.0,0.0,0.0,,,,,,0
1730,26102,Nathaniel Tuifao TUAMOHELOA,asa,1,4,5,0.2,0.8,5.6,,,,,0.0,0.0,,,,,,,,0.11,0.5,,,,0.0,,,0.0,0.0,0.0,,,0.0,,0.0,0.0,,0.0,0.0,0.0,0.0,,,,,,0
1731,26107,Stevo Ross POULIN,usa,7,3,10,0.7,7.4,4.2,,,,,0.0,0.0,,,,,,,,0.14,0.5,,,0.0,,,,0.0,0.0,0.0,,,0.0,,0.0,0.0,,0.0,0.0,0.0,0.32,0.15,,,,,0
1732,26267,Norayr HAKHOYAN,arm,11,8,19,0.58,5.210526315789473,3.736842105263158,,,,,0.0,0.0,,,,,,,,0.0,0.0,,,0.0,,,,0.0,0.0,0.0,,,0.0,,0.0,0.0,,0.0,0.0,0.0,0.0,,,,,,0
1733,26278,Otto LOSONCZI,hun,8,8,16,0.5,3.4375,3.9375,,,,,0.0,0.0,,,,,,,,0.2,0.0,,,,0.5,,,0.0,0.0,0.0,,,0.0,,0.0,0.0,,0.0,0.0,0.0,0.25,0.0,,,,,0
1734,26377,Luciano DEL RIO,arg,5,11,16,0.31,2.5625,4.875,,,,,0.0,0.0,,,,,,,,0.0,0.0,,,,,,,0.0,0.0,0.0,,,0.0,,0.0,0.0,,0.0,0.0,0.0,0.0,,,,,,0
1735,26512,Nikolozi SANTELADZE,geo,7,3,10,0.7,7.6,4.0,,,,,0.0,0.0,,,,,,,,0.0,,0.0,,,0.0,,,0.0,0.0,0.0,,,0.0,,0.0,0.0,,0.0,0.0,0.0,0.2,0.0,,,,,0
1736,26792,Hamed Mousa TAB,iri,1,2,3,0.33,3.0,5.666666666666666,,,,,0.0,0.0,,,,,,,,0.0,0.0,,,,,,,0.0,0.0,0.0,,,0.0,,0.0,0.0,,0.0,0.0,0.0,0.0,,,,,,0
1737,26796,Ridong ZHANG,chn,5,6,11,0.45,2.181818181818182,4.818181818181817,,,,,0.0,0.0,,,,,,,,0.25,0.25,,,,,,,0.0,0.0,0.0,,,0.0,,0.0,0.0,,0.0,0.0,0.0,0.0,,,,,,0
1738,26800,Kairatbek TUGOLBAEV,kgz,8,9,17,0.47,3.705882352941177,3.352941176470588,,,,,0.0,0.0,,,,,,,,0.0,0.0,,,,0.0,,,0.0,0.0,0.0,,,0.0,,0.0,0.0,,0.0,0.0,0.0,0.0,,,,,,0
1739,26811,Di XIAO,chn,5,7,12,0.42,3.583333333333333,3.5,,,,,0.0,0.0,,,,,,,,0.13,0.0,,,0.0,,,,0.0,0.0,0.0,,,0.0,,0.0,0.0,,0.0,0.0,0.0,0.0,,,,,,0
1740,26870,Thomas FISCHER,sui,1,4,5,0.2,1.6,7.6,,,,,0.0,0.0,,,,,,,,0.0,0.0,,,0.0,,,,0.0,0.0,0.0,,,0.0,,0.0,0.0,,0.0,0.0,0.0,0.28,0.0,,,,,0
1741,26873,Jiguur SARANTUYA,mgl,1,2,3,0.33,3.666666666666667,7.0,,,,,0.0,0.0,,,,,,,,0.0,,,,,,,,0.0,0.0,0.0,,,0.0,,0.0,0.0,,0.0,0.0,0.0,0.32,0.0,,,,,0
1742,27023,Chaoqiang YANG,chn,4,12,16,0.25,2.5,6.625,,,,,0.0,0.0,,,,,,,,0.2,0.5,,,,0.0,,,0.0,0.0,0.0,,,0.0,,0.0,0.0,,0.0,0.0,0.0,0.0,,,,,,0
1743,27039,Jungbaik LEE,kor,3,3,6,0.5,4.5,2.833333333333333,,,,,0.0,0.0,,,,,,,,0.4,1.0,,,,0.5,,,0.0,0.0,0.0,,,0.0,,0.0,0.0,,0.0,0.0,0.0,0.25,0.68,,,,,0
1744,27071,Jahongir TURDIEV,uzb,7,10,17,0.41,3.529411764705882,3.411764705882353,,,,,0.0,0.0,,,,,,,,0.29,,,,,0.0,,,0.0,0.0,0.0,,,0.0,,0.0,0.0,,0.0,0.0,0.0,0.0,,,,,,0
1745,27109,Sajad Gholamhossein AZIZI,iri,6,2,8,0.75,9.875,3.25,,,,,0.0,0.0,,,,,,,,0.0,0.0,0.0,,,0.0,,,0.0,0.0,0.0,,,0.0,,0.0,0.0,,0.0,0.0,0.0,0.0,,,,,,0
1746,27129,Sachin RANA,ind,8,9,17,0.47,3.882352941176471,3.823529411764706,,,,,0.0,0.0,,,,,,,,0.29,1.0,,,0.0,0.0,,,0.0,0.0,0.0,,,0.0,,0.0,0.0,,0.0,0.0,0.0,0.0,,,,,,0
1747,27144,Kuldeep MALIK,ind,6,11,17,0.35,3.058823529411765,6.176470588235294,,,,,0.0,0.0,,,,,,,,0.33,0.33,,,,,,,0.0,0.0,0.0,,,0.0,,0.0,0.0,,0.0,0.0,0.0,0.0,,,,,,0
1748,27208,Denys DEMYANKOV,ukr,4,3,7,0.57,2.571428571428572,2.857142857142857,,,,,0.0,0.0,,,,,,,,0.33,,,,,1.0,,,0.0,0.0,0.0,,,0.0,,0.0,0.0,,0.0,0.0,0.0,0.2,0.0,,,,,0
1749,27239,Georgi CHUGOSHVILI,blr,4,7,11,0.36,2.545454545454545,3.636363636363637,,,,,0.0,0.0,,,,,,,,0.0,,,,,0.0,,,0.0,0.0,0.0,,,0.0,,0.0,0.0,,0.0,0.0,0.0,0.0,,,,,,0
1750,27489,Nikolai IZMAILOV,rus,1,2,3,0.33,1.0,6.0,,,,,0.0,0.0,,,,,,,,0.0,,,,,,,,0.0,0.0,0.0,,,0.0,,0.0,0.0,,0.0,0.0,0.0,0.0,,,,,,0
1751,27612,John Odhiambo OMONDI,ken,2,14,16,0.13,1.125,6.875,,,,,0.0,0.0,,,,,0.0,,0.0,0.0,,,0.0,,0.0,0.0,,0.0,0.0,0.0,,,0.0,,0.0,0.0,,0.0,0.0,0.0,0.0,,,,0.0,,0
1752,27738,Sami Elsayed Ali Ibrahim SAMRA,egy,3,4,7,0.43,4.0,4.142857142857143,,,,,0.0,0.0,,,,,0.0,,0.0,0.0,,,0.0,0.0,0.0,0.0,,0.0,0.0,0.0,,,0.0,,0.0,0.0,,0.0,0.0,0.0,0.0,,,,0.0,,0
1753,27743,Mohamed Fadhel BLAGHJI,tun,9,5,14,0.64,5.571428571428571,3.928571428571429,,,,,0.0,0.0,,,,,,,,0.0,0.0,,,,,,,0.0,0.0,0.0,,,0.0,,0.0,0.0,,0.0,0.0,0.0,0.0,,,,,,0
1754,27827,Sean Allan MOLLE,can,1,1,2,0.5,7.5,9.0,,,,,0.0,0.0,,,,,,,,0.33,0.5,,,0.0,0.0,,,0.0,0.0,0.0,,,0.0,,0.0,0.0,,0.0,0.0,0.0,0.0,,,,,,0
1755,27829,Ben DURBIN,usa,2,1,3,0.67,3.0,5.0,,,,,0.0,0.0,,,,,,,,0.14,0.25,,,0.0,0.0,,,0.0,0.0,0.0,,,0.0,,0.0,0.0,,0.0,0.0,0.0,0.0,,,,,,0
1756,27830,Ceron FRANCISCO,usa,1,2,3,0.33,3.0,8.666666666666666,,,,,0.0,0.0,,,,,,,,0.0,0.0,,,,0.0,,,0.0,0.0,0.0,,,0.0,,0.0,0.0,,0.0,0.0,0.0,0.0,,,,,,0
1757,27844,Diego Jesus ALMENDRAS RODRIQUEZ,chi,3,9,12,0.25,1.0,5.5,,,,,0.0,0.0,,,,,,,,0.0,,,,,0.0,,,0.0,0.0,0.0,,,0.0,,0.0,0.0,,0.0,0.0,0.0,0.0,,,,,,0
1758,27893,Makhmudjon SHAVKATOV,uzb,5,7,12,0.42,4.666666666666666,5.083333333333333,,,,,0.0,0.0,,,,,,,,0.17,0.2,,,,0.0,,,0.0,0.0,0.0,,,0.0,,0.0,0.0,,0.0,0.0,0.0,0.0,,,,,,0
1759,27912,Hyeokbeom GWON,kor,4,6,10,0.4,3.6,4.2,,,,,0.0,0.0,,,,,,,,0.2,0.5,,,,0.0,,,0.0,0.0,0.0,,,0.0,,0.0,0.0,,0.0,0.0,0.0,0.0,,,,,,0
1760,27930,Yuan JIANG,chn,1,2,3,0.33,3.0,8.333333333333332,,,,,0.0,0.0,,,,,,,,0.17,,,,0.0,0.25,,,0.0,0.0,0.0,,,0.0,,0.0,0.0,,0.0,0.0,0.0,0.28,0.0,,,,,0
1761,28023,Aliaksandr PECHURENKA,blr,4,8,12,0.33,1.916666666666667,7.333333333333333,,,,,0.0,0.0,,,,,,,,0.25,0.0,,,,1.0,,,0.0,0.0,0.0,,,0.0,,0.0,0.0,,0.0,0.0,0.0,0.3,0.26,,,,,0
1762,28028,Maksim NEHODA,blr,12,8,20,0.6,4.9,4.1,,,,,0.0,0.0,,,,,,,,0.0,,,,,0.0,,,0.0,0.0,0.0,,,0.0,,0.0,0.0,,0.0,0.0,0.0,0.32,0.0,,,,,0
1763,28030,Franko ABAZI,ita,1,1,2,0.5,5.5,9.0,,,,,,,,,,,,,,0.14,0.0,,,,0.0,,,0.0,0.0,0.0,,,0.0,,0.0,0.0,,0.0,0.0,0.0,0.0,,,,,,0
1764,28034,Mahammadali HASANOV,aze,2,2,4,0.5,6.0,5.75,,,,,0.0,0.0,,,,,,,,0.43,1.0,,,,0.5,,,0.0,0.0,0.0,,,0.0,,0.0,0.0,,0.0,0.0,0.0,0.0,,,,,,0
1765,28040,Krasimir Plamenov KRUMOV,bul,1,2,3,0.33,3.666666666666667,4.333333333333333,,,,,0.0,0.0,,,,,,,,0.0,0.0,,,,0.0,,,0.0,0.0,0.0,,,0.0,,0.0,0.0,,0.0,0.0,0.0,0.0,,,,,,0
1766,28051,Erik ELOYAN,arm,1,3,4,0.25,1.75,7.25,,,,,0.0,0.0,,,,,,,,0.0,0.0,,,,,,,0.0,0.0,0.0,,,0.0,,0.0,0.0,,0.0,0.0,0.0,0.0,,,,,,0
1767,28061,Michail IOSIFIDIS,gre,9,11,20,0.45,2.25,4.35,,,,,0.0,0.0,,,,,,,,0.0,,,,0.0,0.0,,,0.0,0.0,0.0,,,0.0,,0.0,0.0,,0.0,0.0,0.0,0.0,,,,,,0
1768,28062,Ondrej DADAK,cze,9,15,24,0.38,2.625,5.333333333333333,,,,,0.0,0.0,,,,,,,,0.0,,,,0.0,0.0,,,0.0,0.0,0.0,,,0.0,,0.0,0.0,,0.0,0.0,0.0,0.0,,,,,,0
1769,28066,Lenard Istvan BEREI,rou,8,9,17,0.47,4.235294117647058,3.0,,,,,0.0,0.0,,,,,,,,0.0,0.0,,,,,,,0.0,0.0,0.0,,,0.0,,0.0,0.0,,0.0,0.0,0.0,0.0,,,,,,0
1770,28067,Artsiom SHUMSKI,blr,3,4,7,0.43,2.714285714285714,5.714285714285714,,,,,0.0,0.0,,,,,,,,0.0,,,,0.0,,,,0.0,0.0,0.0,,,0.0,,0.0,0.0,,0.0,0.0,0.0,0.25,0.0,,,,,0
1771,28068,Beka MAKARIDZE,geo,4,4,8,0.5,2.75,4.5,,,,,0.0,0.0,,,,,,,,0.0,,,,,0.0,,,0.0,0.0,0.0,,,0.0,,0.0,0.0,,0.0,0.0,0.0,0.0,,,,,,0
1772,28106,Dylan Steven GREGERSON,usa,7,4,11,0.64,5.909090909090909,3.090909090909091,,,,,0.0,0.0,,,,,,,,0.0,0.0,,,,0.0,,,0.0,0.0,0.0,,,0.0,,0.0,0.0,,0.0,0.0,0.0,0.0,,,,,,0
1773,28189,Abdulqosim FAYZIEV,tjk,1,4,5,0.2,3.2,9.0,,,,,0.0,0.0,,,,,,,,0.38,0.33,,,,0.5,,,0.0,0.0,0.0,,,0.0,,0.0,0.0,,0.0,0.0,0.0,0.32,0.5,,,,,0
1774,28212,Gurpreet SINGH,ind,8,5,13,0.62,4.692307692307692,3.384615384615385,,,,,0.0,0.0,,,,,,,,0.0,0.0,,,,,,,0.0,0.0,0.0,,,0.0,,0.0,0.0,,0.0,0.0,0.0,0.0,,,,,,0
1775,28305,Islambek OROZBEKOV,kgz,10,15,25,0.4,4.6,5.84,,,,,0.0,0.0,,,,,,,,0.0,0.0,,,0.0,0.0,,,0.0,0.0,0.0,,,0.0,,0.0,0.0,,0.0,0.0,0.0,0.0,,,,,,0
1776,28345,Mate KRASZNAI,hun,9,10,19,0.47,3.526315789473684,4.736842105263158,,,,,0.0,0.0,,,,,,,,0.33,,,,,,,,0.0,0.0,0.0,,,0.0,,0.0,0.0,,0.0,0.0,0.0,0.2,1.0,,,,,0
1777,28365,Tumentsogt BOLD,mgl,1,12,13,0.08,1.538461538461538,8.384615384615383,,,,,0.0,0.0,,,,,,,,0.11,0.25,,,,0.0,,,0.0,0.0,0.0,,,0.0,,0.0,0.0,,0.0,0.0,0.0,0.0,,,,,,0
1778,28419,Dimitrios KOUPLIDIS,gre,1,2,3,0.33,3.0,6.333333333333333,,,,,0.0,0.0,,,,,,,,0.0,0.0,,,,0.0,,,0.0,0.0,0.0,,,0.0,,0.0,0.0,,0.0,0.0,0.0,0.0,,,,,,0
1779,28436,Konstantinos VACHLAS,gre,1,2,3,0.33,3.0,3.0,,,,,0.0,0.0,,,,,,,,0.0,0.0,,,,,,,0.0,0.0,0.0,,,0.0,,0.0,0.0,,0.0,0.0,0.0,0.0,,,,,,0
1780,28437,Artsiom VALASKOVICH,blr,1,1,2,0.5,4.5,4.5,,,,,0.0,0.0,,,,,,,,0.0,0.0,,,0.0,0.0,,,0.0,0.0,0.0,,,0.0,,0.0,0.0,,0.0,0.0,0.0,0.0,,,,,,0
1781,28446,Illia LAURYNOVICH,blr,3,3,6,0.5,6.166666666666666,3.333333333333333,,,,,0.0,0.0,,,,,,,,0.0,0.0,,,,,,,0.0,0.0,0.0,,,0.0,,0.0,0.0,,0.0,0.0,0.0,0.25,0.0,,,,,0
1782,28448,Delian Hossein ALISHAHI,bul,5,11,16,0.31,1.6875,4.3125,,,,,0.0,0.0,,,,,0.05,,0.62,0.17,,,0.2,,0.2,0.0,,0.0,0.0,0.0,,,0.0,,0.0,0.0,,0.0,0.0,0.0,0.19,0.0,,,0.0,,0
1783,28618,Boban ZIVANOVIC,srb,3,10,13,0.23,4.0,5.538461538461538,,,,,0.0,0.0,,,,,,,,0.14,0.5,,,0.0,0.0,,,0.0,0.0,0.0,,,0.0,,0.0,0.0,,0.0,0.0,0.0,0.0,,,,,,0
1784,28768,Michal Jacek TRACZ,pol,6,9,15,0.4,3.266666666666667,5.4,,,,,0.0,0.0,,,,,,,,0.29,1.0,,,0.0,0.0,,,0.0,0.0,0.0,,,0.0,,0.0,0.0,,0.0,0.0,0.0,0.0,,,,,,0
1785,28780,Dmytro PYSHKOV,ukr,4,5,9,0.44,4.111111111111112,3.888888888888889,,,,,0.0,0.0,,,,,,,,0.56,0.0,,,,1.0,,,0.0,0.0,0.0,,,0.0,,0.0,0.0,,0.0,0.0,0.0,0.0,,,,,,0
1786,28788,Yanan SUN,chn,5,4,9,0.56,5.555555555555556,3.777777777777778,,,,,0.0,0.0,,,,,,,,0.14,1.0,,,0.0,0.0,,,0.0,0.0,0.0,,,0.0,,0.0,0.0,,0.0,0.0,0.0,0.28,0.43,,,,,0
1787,28840,Oleksandr KOLDOVSKYI,ukr,5,5,10,0.5,3.5,3.2,,,,,0.0,0.0,,,,,,,,0.0,,,,,,,,0.0,0.0,0.0,,,0.0,,0.0,0.0,,0.0,0.0,0.0,0.0,,,,,,0
1788,28888,Baki SAHIN,tur,3,3,6,0.5,3.833333333333333,5.333333333333333,,,,,0.0,0.0,,,,,,,,0.4,0.57,,,0.0,,,,0.0,0.0,0.0,,,0.0,,0.0,0.0,,0.0,0.0,0.0,0.0,,,,,,0
1789,28979,Daniel CHOMANIC,svk,1,14,15,0.07,1.733333333333333,8.866666666666665,,,5.0,,0.0,0.0,,,,,,,,0.0,0.0,,,,0.0,,,0.0,2.0,1.0,0.29,,0.0,1.0,0.5,1.0,1.0,1.0,0.5,0.5,0.0,,,,,,0
1790,28990,Miljan DUKANOVIC,srb,1,2,3,0.33,3.0,6.0,,,,,,,,,,,,,,0.17,0.25,,,,,,,0.0,0.0,0.0,,,0.0,,0.0,0.0,,0.0,0.0,0.0,0.0,,,,,,0
1791,29024,Davaabandi MUNKH ERDENE,mgl,5,10,15,0.33,3.6,5.333333333333333,,,,,0.0,0.0,,,,,,,,0.0,0.0,,,,0.0,,,0.0,0.0,0.0,,,0.0,,0.0,0.0,,0.0,0.0,0.0,0.0,,,,,,0
1792,29028,Anuj DAHIYA,ind,1,3,4,0.25,4.25,8.0,,,,,0.0,0.0,,,,,,,,0.0,,,,,0.0,,,0.0,0.0,0.0,,,0.0,,0.0,0.0,,0.0,0.0,0.0,0.0,,,,,,0
1793,29164,Sabah SHARIATI,aze,2,3,5,0.4,3.8,3.0,,,,,0.0,0.0,,,,,,,,0.2,,,,0.0,0.5,,,0.0,0.0,0.0,,,0.0,,0.0,0.0,,0.0,0.0,0.0,0.0,,,,,,1
1794,29228,Roman ZHERNOVETSKI,isr,2,8,10,0.2,1.8,6.7,,,,,0.0,0.0,,,,,,,,0.17,,,,,0.0,,,0.0,0.0,0.0,,,0.0,,0.0,0.0,,0.0,0.0,0.0,0.0,,,,,,0
1795,29263,Vasil KHVISTANI,geo,2,3,5,0.4,4.2,6.0,,,,,0.0,0.0,,,,,,,,0.38,0.33,,,,1.0,,,0.0,0.0,0.0,,,0.0,,0.0,0.0,,0.0,0.0,0.0,0.0,,,,,,0
1796,29285,Mikita KAZAKOU,blr,6,4,10,0.6,3.8,5.3,,,,,0.0,0.0,,,,,,,,0.33,0.0,,,,0.5,,,0.0,0.0,0.0,,,0.0,,0.0,0.0,,0.0,0.0,0.0,0.0,,,,,,0
1797,29342,Juan Armando CANTILLO TORRES,pan,4,11,15,0.27,1.866666666666667,6.066666666666666,,,,,0.0,0.0,,,,,,,,0.0,0.0,,,,,,,0.0,0.0,0.0,,,0.0,,0.0,0.0,,0.0,0.0,0.0,0.0,,,,,,0
1798,29396,Ilyas ABDURASHIDOV,bel,1,5,6,0.17,3.0,5.666666666666666,,,,,0.0,0.0,,,,,,,,0.17,0.33,,,,0.0,,,0.0,0.0,0.0,,,0.0,,0.0,0.0,,0.0,0.0,0.0,0.25,0.0,,,,,0
1799,29440,Varuzhan ANTONYAN,arm,2,2,4,0.5,5.0,3.5,,,,,0.0,0.0,,,,,,,,0.5,,,,,0.67,,,0.0,0.0,0.0,,,0.0,,0.0,0.0,,0.0,0.0,0.0,0.0,,,,,,0
1800,29513,Injong HWANG,kor,1,3,4,0.25,3.0,7.25,,,,,0.0,0.0,,,,,,,,0.0,,,,,0.0,,,0.0,0.0,0.0,,,0.0,,0.0,0.0,,0.0,0.0,0.0,0.0,,,,,,0
1801,29534,Bakdaulet OSSERBAY,kaz,1,4,5,0.2,2.0,5.2,,,,,0.0,0.0,,,,,,,,0.0,0.0,,,,,,,0.0,0.0,0.0,,,0.0,,0.0,0.0,,0.0,0.0,0.0,0.0,,,,,,0
1802,29536,Shogo MUTO,jpn,1,2,3,0.33,3.333333333333333,6.666666666666666,,,,,0.0,0.0,,,,,,,,0.2,,,,,0.0,,,0.0,0.0,0.0,,,0.0,,0.0,0.0,,0.0,0.0,0.0,0.0,,,,,,0
1803,29537,Gan Erdene SODBILEG,mgl,2,4,6,0.33,1.5,6.0,,,,,0.0,0.0,,,,,,,,0.17,0.5,,,,0.0,,,0.0,0.0,0.0,,,0.0,,0.0,0.0,,0.0,0.0,0.0,0.0,,,,,,0
1804,29556,Zhalgasov DAULET,kaz,2,2,4,0.5,2.0,4.5,,,,,0.0,0.0,,,,,,,,0.0,,,,,0.0,,,0.0,0.0,0.0,,,0.0,,0.0,0.0,,0.0,0.0,0.0,0.0,,,,,,0
1805,29558,Toyly ORAZOV,tkm,2,7,9,0.22,2.777777777777778,7.222222222222222,,,,,0.0,0.0,,,,,0.0,,0.0,0.0,0.0,,,,,0.0,,0.0,0.0,0.0,,,0.0,,0.0,0.0,,0.0,0.0,0.0,0.0,,,,0.0,,0
1806,29616,Oleksandr DIDOSHAK,ukr,1,2,3,0.33,1.333333333333333,7.666666666666665,,,,,0.0,0.0,,,,,,,,0.0,,,,,0.0,,,0.0,0.0,0.0,,,0.0,,0.0,0.0,,0.0,0.0,0.0,0.0,,,,,,0
1807,29667,Emiliyan Veselinov LAZAROV,bul,1,7,8,0.13,1.25,6.0,,,,,0.0,0.0,,,,,,,,0.25,1.0,,,0.0,0.0,,,0.0,0.0,0.0,,,0.0,,0.0,0.0,,0.0,0.0,0.0,0.0,,,,,,0
1808,29699,Mauricio Javier SANCHEZ SALTO,ecu,2,3,5,0.4,4.2,6.0,,,,,0.0,0.0,,,,,0.0,,0.0,0.0,0.0,,0.0,,0.0,0.0,,0.0,0.0,0.0,,,0.0,,0.0,0.0,,0.0,0.0,0.0,0.0,,,,0.0,,0
1809,29727,Yasmani ACOSTA FERNÁNDEZ,chi,2,2,4,0.5,4.0,1.5,,,,,0.0,0.0,,,,,0.0,,0.62,0.0,,,,,,0.0,,0.0,0.0,0.0,,,0.0,,0.0,0.0,,0.0,0.0,0.0,0.2,0.0,,,0.0,,0
1810,29758,Alston Jon NUTTER,usa,3,4,7,0.43,3.571428571428572,7.571428571428571,,,,,0.0,0.0,,,,,,,,0.0,0.0,,,0.0,,,,0.0,0.0,0.0,,,0.0,,0.0,0.0,,0.0,0.0,0.0,0.0,,,,,,0
1811,29955,Maksym YEVTUSHENKO,ukr,5,3,8,0.63,4.875,2.125,,,,,0.0,0.0,,,,,,,,0.0,,,,,0.0,,,0.0,0.0,0.0,,,0.0,,0.0,0.0,,0.0,0.0,0.0,0.0,,,,,,0
1812,29958,Daniel Collett MILLER,usa,2,6,8,0.25,2.25,4.125,,,,,0.0,0.0,,,,,,,,0.0,0.0,,,,,,,0.0,0.0,0.0,,,0.0,,0.0,0.0,,0.0,0.0,0.0,0.0,,,,,,0
1813,30070,Adilkhan SATAYEV,kaz,1,4,5,0.2,1.6,7.4,,,,,0.0,0.0,,,,,0.0,,0.91,0.0,0.0,,,,,0.0,,0.0,0.0,0.0,,,0.0,,0.0,0.0,,0.0,0.0,0.0,0.3,0.0,,,0.0,,0
1814,30093,Clayton Steven PYE,can,5,5,10,0.5,3.6,5.2,,,,,0.0,0.0,,,,,,,,0.0,0.0,,,,0.0,,,0.0,0.0,0.0,,,0.0,,0.0,0.0,,0.0,0.0,0.0,0.0,,,,,,0
1815,30143,Gaurav DUHOON,ind,4,5,9,0.44,4.111111111111112,5.555555555555556,,,,,0.0,0.0,,,,,,,,0.0,0.0,,,0.0,,,,0.0,0.0,0.0,,,0.0,,0.0,0.0,,0.0,0.0,0.0,0.0,,,,,,0
1816,30151,Radoslav Plamenov GEORGIEV,bul,5,6,11,0.45,3.0,2.636363636363636,,,,,0.0,0.0,,,,,,,,0.29,1.0,,,0.2,,,,0.0,0.0,0.0,,,0.0,,0.0,0.0,,0.0,0.0,0.0,0.25,0.0,,,,,0
1817,30170,Saiakbai USUPOV,kgz,6,6,12,0.5,5.5,4.833333333333333,,,,,0.0,0.0,,,,,,,,0.0,0.0,,,,0.0,,,0.0,0.0,0.0,,,0.0,,0.0,0.0,,0.0,0.0,0.0,0.0,,,,,,0
1818,30172,Merdan ALLAYAROV,tkm,2,3,5,0.4,4.6,7.2,,,,,0.0,0.0,,,,,,,,0.2,1.0,,,,0.0,,,0.0,0.0,0.0,,,0.0,,0.0,0.0,,0.0,0.0,0.0,0.0,,,,,,0
1819,30173,Jui Chi HUANG,tpe,1,12,13,0.08,1.0,8.230769230769232,,,,,0.0,0.0,,,,,,,,0.0,,0.0,,,0.0,,,0.0,0.0,0.0,,,0.0,,0.0,0.0,,0.0,0.0,0.0,0.0,,,,,,0
1820,30189,Andrii VLASOV,ukr,3,4,7,0.43,3.142857142857143,5.0,,,,,0.0,0.0,,,,,,,,0.25,0.33,,,,,,,0.0,0.0,0.0,,,0.0,,0.0,0.0,,0.0,0.0,0.0,0.0,,,,,,0
1821,30214,Sergiu LUPASCO,mda,1,3,4,0.25,2.75,6.75,,,,,0.0,0.0,,,,,,,,0.38,0.25,0.0,,,0.5,,,0.0,0.0,0.0,,,0.0,,0.0,0.0,,0.0,0.0,0.0,0.0,,,,,,0
1822,30250,Renato Patricio DA SILVA,bra,1,5,6,0.17,3.333333333333333,8.166666666666666,,,,,0.0,0.0,,,,,,,,0.0,0.0,,,,0.0,,,0.0,0.0,0.0,,,0.0,,0.0,0.0,,0.0,0.0,0.0,0.0,,,,,,0
1823,30253,Noel Alfonso TORRES CHACON,mex,2,7,9,0.22,3.555555555555556,6.444444444444445,,,,,0.0,0.0,,,,,,,,0.0,0.0,,,,0.0,,,0.0,0.0,0.0,,,0.0,,0.0,0.0,,0.0,0.0,0.0,0.0,,,,,,0
1824,30255,Juan Sebastian RIVERA GARCIA,col,1,6,7,0.14,1.857142857142857,9.857142857142856,,,,,0.0,0.0,,,,,,,,0.0,0.0,,,,0.0,,,0.0,0.0,0.0,,,0.0,,0.0,0.0,,0.0,0.0,0.0,0.0,,,,,,0
1825,30258,Marcos CARROZZINO,bra,1,7,8,0.13,2.375,9.0,,,,,0.0,0.0,,,,,,,,0.14,0.33,,,0.0,0.0,,,0.0,0.0,0.0,,,0.0,,0.0,0.0,,0.0,0.0,0.0,0.0,,,,,,0
1826,30541,Adam POHILEC,hun,1,6,7,0.14,1.285714285714286,7.714285714285714,,,,,0.0,0.0,,,,,,,,0.0,0.0,,,0.0,,,,0.0,0.0,0.0,,,0.0,,0.0,0.0,,0.0,0.0,0.0,0.0,,,,,,0
1827,30636,Rasmus LIISMA,est,1,6,7,0.14,1.142857142857143,5.285714285714286,,,,,0.0,0.0,,,,,,,,0.0,0.0,0.0,,,0.0,,,0.0,0.0,0.0,,,0.0,,0.0,0.0,,0.0,0.0,0.0,0.2,0.0,,,,,0
1828,30772,Arman Norik ELOYAN,fra,1,3,4,0.25,3.0,7.0,,,,,0.0,0.0,,,,,,,,0.4,0.8,,,,0.0,,,0.0,0.0,0.0,,,0.0,,0.0,0.0,,0.0,0.0,0.0,0.25,0.0,,,,,0
1829,30946,Albert YEGHIKYAN,arm,1,3,4,0.25,5.0,7.75,,,,,0.0,0.0,,,,,,,,0.0,,,,,0.0,,,0.0,0.0,0.0,,,0.0,,0.0,0.0,,0.0,0.0,0.0,0.0,,,,,,0
1830,31005,Mangal KADYAN,ind,2,4,6,0.33,4.833333333333333,5.166666666666666,,,,,0.0,0.0,,,,,,,,0.29,0.0,,,,0.5,,,0.0,0.0,0.0,,,0.0,,0.0,0.0,,0.0,0.0,0.0,0.0,,,,,,0
1831,31006,Darioush Hassan HAZRATGHOLI ZADEH TANSEVAN,iri,3,1,4,0.75,7.5,8.0,,,,,0.0,0.0,,,,,,,,0.0,0.0,,,,0.0,,,0.0,0.0,0.0,,,0.0,,0.0,0.0,,0.0,0.0,0.0,0.0,,,,,,0
1832,31375,Kasper Nikolai OEVERBY,nor,0,4,4,0.0,1.5,8.25,,,,,0.0,0.0,,,,,,,,0.0,0.0,0.0,,,0.0,,,0.0,0.0,0.0,,,0.0,,0.0,0.0,,0.0,0.0,0.0,0.0,,,,,,0
1833,31855,Drosoula TZIANAKOPOULOU,gre,0,4,4,0.0,2.0,9.25,,,,,0.0,0.0,,,,,0.0,,0.0,0.0,0.0,,0.0,,0.0,0.0,,0.0,0.0,0.0,,,0.0,,0.0,0.0,,0.0,0.0,0.0,0.0,,,,0.0,,0
1834,31878,Rashji Leonardo MACKEY,bah,0,7,7,0.0,1.428571428571429,6.142857142857143,,,,,0.0,0.0,,,,,,,,0.0,0.0,,,,,,,0.0,0.0,0.0,,,0.0,,0.0,0.0,,0.0,0.0,0.0,0.0,,,,,,0
1835,31936,Robert AVANESYAN,isr,0,2,2,0.0,0.5,9.5,,,,,0.0,0.0,,,,,,,,0.0,,,,,0.0,,,0.0,0.0,0.0,,,0.0,,0.0,0.0,,0.0,0.0,0.0,0.0,,,,,,0
1836,31943,Jaqueline Saskia SCHELLIN,ger,0,3,3,0.0,3.0,9.666666666666666,,,,,0.0,0.0,,,,,,,,0.43,0.6,,,,0.0,,,0.0,0.0,0.0,,,0.0,,0.0,0.0,,0.0,0.0,0.0,0.0,,,,,,0
1837,31973,Lester Josue ENRIQUEZ CALDERON,gua,0,3,3,0.0,0.6666666666666666,10.0,,,,,0.0,0.0,,,,,,,,0.2,0.33,,,,,,,0.0,0.0,0.0,,,0.0,,0.0,0.0,,0.0,0.0,0.0,0.0,,,,,,0
1838,31987,Ronny Marsello MEDINA OCON,per,0,2,2,0.0,0.0,8.0,,,,,0.0,0.0,,,,,,,,0.0,,,,,0.0,,,0.0,0.0,0.0,,,0.0,,0.0,0.0,,0.0,0.0,0.0,0.0,,,,,,0
1839,32249,Veronika DRAGAS,cro,0,5,5,0.0,0.4,8.8,,,,,0.0,0.0,,,,,,,,0.0,0.0,0.0,,,,,,0.0,0.0,0.0,,,0.0,,0.0,0.0,,0.0,0.0,0.0,0.0,,,,,,0
1840,32325,Strahinja DESPIC,srb,0,6,6,0.0,0.3333333333333333,9.5,,,,,0.0,0.0,,,,,0.0,,0.0,0.0,0.0,,0.0,,0.0,0.0,,0.0,0.0,0.0,,,0.0,,0.0,0.0,,0.0,0.0,0.0,0.0,,,,0.0,,0
1841,32478,Rasindu Divan ILANDARI PEDIGE,sri,0,1,1,0.0,0.0,4.0,,,,,0.0,0.0,,,,,,,,0.0,0.0,0.0,,,0.0,,,0.0,0.0,0.0,,,0.0,,0.0,0.0,,0.0,0.0,0.0,0.0,,,,,,0
1842,32490,Aser EBRO RODRIGUEZ,esp,0,4,4,0.0,0.0,7.25,,,,,0.0,0.0,,,,,,,,0.0,0.0,,,,0.0,,,0.0,0.0,0.0,,,0.0,,0.0,0.0,,0.0,0.0,0.0,0.0,,,,,,0
1843,32491,Andy JUAN SUCH,esp,0,5,5,0.0,0.0,9.0,,,,,0.0,0.0,,,,,,,,0.0,0.0,,,0.0,0.0,,,0.0,0.0,0.0,,,0.0,,0.0,0.0,,0.0,0.0,0.0,0.0,,,,,,0
1844,32508,Marin NISHIMURA,jpn,0,2,2,0.0,0.0,4.0,,,,,0.0,0.0,,,,,,,,0.0,0.0,,,,,,,0.0,0.0,0.0,,,0.0,,0.0,0.0,,0.0,0.0,0.0,0.0,,,,,,0
1845,32565,Aminjon SADULLOEV,pol,0,2,2,0.0,0.0,5.0,,,,0.0,0.0,0.0,,,,,0.46,,0.0,0.29,0.67,,0.0,,0.0,0.0,,0.0,0.0,0.0,,,0.0,,0.0,0.0,,0.0,0.0,0.0,0.0,,,,0.0,,0
1846,32618,Kreso SKUGOR,cro,0,1,1,0.0,0.0,10.0,,,,,0.0,0.0,,,,,0.0,,0.0,0.0,0.0,,0.0,,0.0,0.0,,0.0,0.0,0.0,,,0.0,,0.0,0.0,,0.0,0.0,0.0,0.0,,,,0.0,,0
1847,32619,Andrei Victor FRANT,rou,0,2,2,0.0,0.5,6.0,,,,,0.0,0.0,,,,,0.0,,0.91,0.0,0.0,0.0,0.0,0.0,0.0,0.0,,0.0,0.0,0.0,,,0.0,,0.0,0.0,,0.0,0.0,0.0,0.3,0.0,,,0.0,,0
1848,32623,Jamal VALIZADEH,uww,0,2,2,0.0,0.0,10.0,,,,,0.0,0.0,,,,,0.0,,0.0,0.0,0.0,,0.0,,0.0,0.0,,0.0,0.0,0.0,,,0.0,,0.0,0.0,,0.0,0.0,0.0,0.0,,,,0.0,,0
1849,32624,Daniel BOBILLO VIGIL,esp,0,4,4,0.0,1.0,8.5,,,,,0.0,0.0,,,,,,,,0.25,0.0,,,,0.0,,,0.0,0.0,0.0,,,0.0,,0.0,0.0,,0.0,0.0,0.0,0.0,,,,,,0
1850,32626,Marc WEBER,sui,0,4,4,0.0,0.0,8.25,,,,,0.0,0.0,,,,,0.18,,0.74,0.17,0.5,,0.0,,0.0,0.0,,0.0,0.0,0.0,,,0.0,,0.0,0.0,,0.0,0.0,0.0,0.25,0.0,,,0.0,,0
1851,32636,Matheus DA LUZ BARRETO,bra,0,2,2,0.0,0.5,9.5,,,,,0.0,0.0,,,,,0.12,,0.0,0.14,0.25,,0.0,0.0,0.0,0.0,,0.0,0.0,0.0,,,0.0,,0.0,0.0,,0.0,0.0,0.0,0.0,,,,0.0,,0
1852,32647,Samuel MESROPIAN,arg,0,3,3,0.0,0.0,5.666666666666666,,,,,0.0,0.0,,,,,0.0,,0.0,0.0,0.0,,0.0,,0.0,0.0,,0.0,0.0,0.0,,,0.0,,0.0,0.0,,0.0,0.0,0.0,0.0,,,,0.0,,0
1853,33060,Nikol Krasimirova KRUMOVA,bul,0,7,7,0.0,1.0,5.714285714285714,,,,,0.0,0.0,,,,,0.0,,0.0,0.0,,,0.0,,0.0,0.0,,0.0,0.0,0.0,,,0.0,,0.0,0.0,,0.0,0.0,0.0,0.0,,,,0.0,,0
1854,33697,Mohammed J M Th A ABDULKAREEM,kuw,0,11,11,0.0,0.0,6.636363636363637,,,,,0.0,0.0,,,,,,,,0.0,0.0,,,,,,,0.0,0.0,0.0,,,0.0,,0.0,0.0,,0.0,0.0,0.0,0.0,,,,,,0
1855,33962,Martin GATIAL,svk,0,3,3,0.0,0.0,8.0,,,,,0.0,0.0,,,,,,,,0.0,0.0,,,,0.0,,,0.0,0.0,0.0,,,0.0,,0.0,0.0,,0.0,0.0,0.0,0.0,,,,,,0
1856,33998,Anestis ZARIFES,gre,0,4,4,0.0,0.25,8.5,,,,,0.0,0.0,,,,,,,,0.2,0.25,,,,,,,0.0,0.0,0.0,,,0.0,,0.0,0.0,,0.0,0.0,0.0,0.0,,,,,,0
1857,34071,Batbayar LUTBAYAR,mgl,0,4,4,0.0,0.5,8.25,,,,,0.0,0.0,,,,,,,,0.0,0.0,,,,,,,0.0,0.0,0.0,,,0.0,,0.0,0.0,,0.0,0.0,0.0,0.0,,,,,,0
1858,34083,Bilguun BAYARSAIKHAN,mgl,0,7,7,0.0,2.0,8.857142857142858,,,,,0.0,0.0,,,,,,,,0.0,0.0,,,,0.0,,,0.0,0.0,0.0,,,0.0,,0.0,0.0,,0.0,0.0,0.0,0.0,,,,,,0
1859,34460,Youngrok JUNG,kor,0,2,2,0.0,0.5,3.0,,,,,0.0,0.0,,,,,,,,0.33,,,,,0.5,,,0.0,0.0,0.0,,,0.0,,0.0,0.0,,0.0,0.0,0.0,0.32,0.43,,,,,0
1860,34664,Magomed ALIEV,rus,0,2,2,0.0,4.5,8.5,,,,,0.0,0.0,,,,,,,,0.0,0.0,,,,,,,0.0,0.0,0.0,,,0.0,,0.0,0.0,,0.0,0.0,0.0,0.0,,,,,,0
1861,34724,Georgii KHELAIA,rus,0,2,2,0.0,0.0,3.0,,,,,0.0,0.0,,,,,,,,0.0,0.0,,,,,,,0.0,0.0,0.0,,,0.0,,0.0,0.0,,0.0,0.0,0.0,0.0,,,,,,0
1862,34779,Sohbet BELLIYEV,tkm,0,6,6,0.0,0.8333333333333333,11.33333333333333,,,,,0.0,0.0,,,,,,,,0.0,0.0,,,,0.0,,,0.0,0.0,0.0,,,0.0,,0.0,0.0,,0.0,0.0,0.0,0.0,,,,,,0
1863,34901,Gorge Nickford GONZALES BATIS,hon,0,3,3,0.0,1.666666666666667,7.666666666666665,,,,,0.0,0.0,,,,,,,,0.0,,,,0.0,0.0,,,0.0,0.0,0.0,,,0.0,,0.0,0.0,,0.0,0.0,0.0,0.0,,,,,,0
1864,34948,Arslan HUDAYBERDIYEV,tkm,0,1,1,0.0,0.0,11.0,,,,,0.0,0.0,,,,,,,,0.0,0.0,,,,0.0,,,0.0,0.0,0.0,,,0.0,,0.0,0.0,,0.0,0.0,0.0,0.25,0.0,,,,,0
1865,34957,Hee Dong SON,kor,0,3,3,0.0,2.0,8.333333333333332,,,,,0.0,0.0,,,,,,,,0.0,0.0,,,,0.0,,,0.0,0.0,0.0,,,0.0,,0.0,0.0,,0.0,0.0,0.0,0.0,,,,,,0
1866,35023,Alimagomed ALIKHMAEV,aze,0,3,3,0.0,0.3333333333333333,7.666666666666665,,,,,0.0,0.0,,,,,,,,0.25,0.5,,,,0.2,,,0.0,0.0,0.0,,,0.0,,0.0,0.0,,0.0,0.0,0.0,0.0,,,,,,0
1867,35046,Denis MERTL,cze,0,7,7,0.0,0.4285714285714285,8.285714285714285,,,,,0.0,0.0,,,,,,,,0.0,,,,0.0,0.0,,,0.0,0.0,0.0,,,0.0,,0.0,0.0,,0.0,0.0,0.0,0.28,0.0,,,,,0
1868,35072,Ignat Sevinov MILENOV,bul,0,3,3,0.0,0.0,5.333333333333333,,,,,0.0,0.0,,,,,,,,0.0,,,,,0.0,,,0.0,0.0,0.0,,,0.0,,0.0,0.0,,0.0,0.0,0.0,0.0,,,,,,0
1869,35451,Andres Orlando GONZALEZ ANDRADE,pan,0,3,3,0.0,0.0,2.666666666666667,,,,,0.0,0.0,,,,,,,,0.0,,,,,0.0,,,0.0,0.0,0.0,,,0.0,,0.0,0.0,,0.0,0.0,0.0,0.0,,,,,,0
1870,35452,Jesse David THIELKE,usa,0,3,3,0.0,2.333333333333333,9.0,,,,,0.0,0.0,,,,,,,,0.0,0.0,,,,0.0,,,0.0,0.0,0.0,,,0.0,,0.0,0.0,,0.0,0.0,0.0,0.25,0.0,,,,,0
1871,35455,Rabie K. A. KHALIL,ple,0,6,6,0.0,0.3333333333333333,5.833333333333333,,,,,0.0,0.0,,,,,,,,0.0,0.0,,,0.0,,,,0.0,0.0,0.0,,,0.0,,0.0,0.0,,0.0,0.0,0.0,0.0,,,,,,0
1872,35485,Travis Michael RICE,usa,0,3,3,0.0,0.0,7.333333333333333,,,,,0.0,0.0,,,,,,,,0.0,,,,,0.0,,,0.0,0.0,0.0,,,0.0,,0.0,0.0,,0.0,0.0,0.0,0.0,,,,,,0
1873,35499,Kanta SHIOKAWA,jpn,0,1,1,0.0,0.0,9.0,,,,,0.0,0.0,,,,,,,,0.0,0.0,0.0,,,0.0,,,0.0,0.0,0.0,,,0.0,,0.0,0.0,,0.0,0.0,0.0,0.0,,,,,,0
1874,35505,Satoshi KAIZUKA,jpn,0,2,2,0.0,0.0,8.0,,,,,0.0,0.0,,,,,,,,0.0,,,,0.0,0.0,,,0.0,0.0,0.0,,,0.0,,0.0,0.0,,0.0,0.0,0.0,0.0,,,,,,0
1875,35508,Ravi SHARMA,ind,0,1,1,0.0,0.0,8.0,,,,,0.0,0.0,,,,,,,,0.17,0.0,,,0.0,0.5,,,0.0,0.0,0.0,,,0.0,,0.0,0.0,,0.0,0.0,0.0,0.0,,,,,,0
1876,35513,Denisa Iuliana FODOR,rou,0,6,6,0.0,1.666666666666667,7.333333333333333,,,,,0.0,0.0,,,,,,,,0.0,0.0,,,,,,,0.0,0.0,0.0,,,0.0,,0.0,0.0,,0.0,0.0,0.0,0.0,,,,,,0
1877,35589,Aleksandar PANTELIC,srb,0,2,2,0.0,0.0,10.0,,,,,0.0,0.0,,,,,,,,0.17,0.0,,,,0.29,,,0.0,0.0,0.0,,,0.0,,0.0,0.0,,0.0,0.0,0.0,0.0,,,,,,0
1878,35662,Dzmitry BRYCHAK,blr,0,2,2,0.0,0.5,9.5,,,,,0.0,0.0,,,,,,,,0.0,,,,,0.0,,,0.0,0.0,0.0,,,0.0,,0.0,0.0,,0.0,0.0,0.0,0.0,,,,,,0
1879,35705,Changjun PARK,kor,0,3,3,0.0,0.6666666666666666,7.333333333333333,,,,,0.0,0.0,,,,,,,,0.0,0.0,,,,0.0,,,0.0,0.0,0.0,,,0.0,,0.0,0.0,,0.0,0.0,0.0,0.0,,,,,,0
1880,35724,Damian IGLESIAS VILELA,esp,0,4,4,0.0,0.25,9.75,,,,,0.0,0.0,,,,,,,,0.0,0.0,,,0.0,0.0,,,0.0,0.0,0.0,,,0.0,,0.0,0.0,,0.0,0.0,0.0,0.0,,,,,,0
1881,35766,Thomas Dominique Joseph DACHER,fra,0,2,2,0.0,0.5,6.0,,,,,0.0,0.0,,,,,,,,0.0,0.0,,,,0.0,,,0.0,0.0,0.0,,,0.0,,0.0,0.0,,0.0,0.0,0.0,0.0,,,,,,0
1882,35825,Dzianis PADKOVICH,blr,0,1,1,0.0,0.0,10.0,,,,,0.0,0.0,,,,,,,,0.0,0.0,,,,0.0,,,0.0,0.0,0.0,,,0.0,,0.0,0.0,,0.0,0.0,0.0,0.0,,,,,,0
1883,35931,Kuttubek ABDYKERIM UULU,kgz,0,4,4,0.0,2.75,7.75,,,,,0.0,0.0,,,,,,,,0.57,0.0,0.0,,,0.5,,,0.0,0.0,0.0,,,0.0,,0.0,0.0,,0.0,0.0,0.0,0.0,,,,,,0
1884,35948,Houzhi HAO,chn,0,4,4,0.0,1.0,7.0,,,,,0.0,0.0,,,,,,,,0.25,0.0,,,,0.0,,,0.0,0.0,0.0,,,0.0,,0.0,0.0,,0.0,0.0,0.0,0.0,,,,,,0
1885,35963,Kanstantsin DZIVACHENKA,blr,0,1,1,0.0,0.0,11.0,,,,,0.0,0.0,,,,,,,,0.17,0.0,,,,0.33,,,0.0,0.0,0.0,,,0.0,,0.0,0.0,,0.0,0.0,0.0,0.25,0.0,,,,,0
1886,35971,Askhat ZHANBIROV,kaz,0,1,1,0.0,0.0,4.0,,,,,0.0,0.0,,,,,,,,0.0,,,,,,,,0.0,0.0,0.0,,,0.0,,0.0,0.0,,0.0,0.0,0.0,0.0,,,,,,0
1887,36244,Abdwlkarim Mohammad ALHASAN,syr,0,4,4,0.0,0.75,5.75,,,,,0.0,0.0,,,,,,,,0.0,0.0,,,,,,,0.0,0.0,0.0,,,0.0,,0.0,0.0,,0.0,0.0,0.0,0.0,,,,,,0
1888,36305,Muhammetberdi MAMEDOV,tkm,0,3,3,0.0,0.0,8.666666666666666,,,,,0.0,0.0,,,,,,,,0.0,0.0,,,0.0,0.0,,,0.0,0.0,0.0,,,0.0,,0.0,0.0,,0.0,0.0,0.0,0.28,0.0,,,,,0
1889,36307,Georgiy TSURTSUMIA,kaz,0,2,2,0.0,0.5,6.0,,,,,0.0,0.0,,,,,,,,0.0,,,,0.0,0.0,,,0.0,0.0,0.0,,,0.0,,0.0,0.0,,0.0,0.0,0.0,0.0,,,,,,0
1890,36319,Ergali AYKHIMBAEV,uzb,0,3,3,0.0,1.0,8.0,,,,,0.0,0.0,,,,,,,,0.0,0.0,,,,0.0,,,0.0,0.0,0.0,,,0.0,,0.0,0.0,,0.0,0.0,0.0,0.0,,,,,,0
1891,36329,Namaz RUSTAMOV,aze,0,3,3,0.0,1.333333333333333,3.666666666666667,,,,,0.0,0.0,,,,,,,,0.43,1.0,,,,1.0,,,0.0,0.0,0.0,,,0.0,,0.0,0.0,,0.0,0.0,0.0,0.25,0.0,,,,,0
1892,36330,Alen FODOR,cro,0,2,2,0.0,0.0,10.0,,,,,0.0,0.0,,,,,,,,0.17,,,,0.0,0.33,,,0.0,0.0,0.0,,,0.0,,0.0,0.0,,0.0,0.0,0.0,0.25,0.0,,,,,0
1893,36371,Kenett Andrey MARTINEZ VILORIA,col,0,5,5,0.0,1.8,10.8,,,,,0.0,0.0,,,,,,,,0.0,0.0,,,,0.0,,,0.0,0.0,0.0,,,0.0,,0.0,0.0,,0.0,0.0,0.0,0.0,,,,,,0
1894,36384,Magnus GROENVIK,nor,0,2,2,0.0,0.0,9.0,,,,,0.0,0.0,,,,,,,,0.0,0.0,,,0.0,0.0,,,0.0,0.0,0.0,,,0.0,,0.0,0.0,,0.0,0.0,0.0,0.0,,,,,,0
1895,36563,Tommaso BOSI,ita,0,2,2,0.0,0.0,9.5,,,,,0.0,0.0,,,,,,,,0.0,0.0,,,,0.0,,,0.0,0.0,0.0,,,0.0,,0.0,0.0,,0.0,0.0,0.0,0.0,,,,,,0
1896,36855,Martin ZIDZIK,svk,0,2,2,0.0,0.0,10.5,,,,,0.0,0.0,,,,,,,,0.0,,,,0.0,0.0,,,0.0,0.0,0.0,,,0.0,,0.0,0.0,,0.0,0.0,0.0,0.0,,,,,,0
1897,36861,Abdullah J M Th A ABDALKAREEM,kuw,0,2,2,0.0,0.0,7.0,,,,,0.0,0.0,,,,,,,,0.0,0.0,0.0,,,0.0,,,0.0,0.0,0.0,,,0.0,,0.0,0.0,,0.0,0.0,0.0,0.0,,,,,,0
1898,36870,Ilimdor SATAYEV,kaz,0,2,2,0.0,0.0,10.0,,,,,0.0,0.0,,,,,,,,0.0,0.0,,,,,,,0.0,0.0,0.0,,,0.0,,0.0,0.0,,0.0,0.0,0.0,0.0,,,,,,0
1899,36894,Adam AL KANDOUSSI,ned,0,1,1,0.0,0.0,11.0,,,,,0.0,0.0,,,,,,,,0.0,,,,0.0,,,,0.0,0.0,0.0,,,0.0,,0.0,0.0,,0.0,0.0,0.0,0.0,,,,,,0
1900,36914,Ali A A ALMOHAINI,kuw,0,2,2,0.0,0.0,10.0,,,,,0.0,0.0,,,,,,,,0.2,0.0,,,,0.25,,,0.0,0.0,0.0,,,0.0,,0.0,0.0,,0.0,0.0,0.0,0.0,,,,,,0
1901,22508,Narankhuu NARMANDAKH,mgl,11,7,18,0.61,7.5,5.111111111111112,,,4.0,,1.0,0.0,,,,,,,,,,,,,,,,0.0,11.0,5.0,0.71,,0.0,1.0,1.0,2.0,1.0,2.0,1.0,1.0,,,,,,,0
1902,23518,Rashid BABAZADE,aze,3,1,4,0.75,7.25,4.0,,,,,0.0,0.0,,,,,,,,,,,,,,,,,,,,,,,,,,,,,,,,,,,1
1903,22505,Ravi KUMAR,ind,6,1,7,0.86,7.714285714285714,3.571428571428572,,,4.0,,,,,,,,,,,,,,,,,,,1.0,22.0,12.0,0.8,1.0,1.0,1.0,8.0,16.0,1.0,18.0,9.0,9.0,,,,,,,0
1904,22535,Marc DIETSCHE,sui,2,13,15,0.13,2.466666666666667,7.466666666666666,,,7.0,,,,,,,,,,,,,,,,,,,1.0,3.0,2.0,0.22,1.0,1.0,,0.0,0.0,,0.0,0.0,0.0,,,,,,,0
1905,26232,Niklas Dietmar DORN,ger,4,8,12,0.33,3.0,4.833333333333333,,,3.0,,,,,,,,,,,,,,,,,,,0.0,0.0,0.0,0.0,,0.0,,0.0,0.0,,0.0,0.0,0.0,,,,,,,0
1906,26975,Minghu LIU,chn,15,15,30,0.5,5.133333333333333,4.266666666666667,,,5.0,,,,,,,,,,,,,,,,,,,0.0,0.0,0.0,0.0,,0.0,,0.0,0.0,,0.0,0.0,0.0,,,,,,,0
1907,28237,Dimitar Lyubomirov IVANOV,bul,7,7,14,0.5,5.357142857142857,7.142857142857143,,,2.0,,,,,,,,,,,,,,,,,,,1.0,1.0,1.0,0.33,1.0,1.0,,0.0,0.0,,0.0,0.0,0.0,,,,,,,0
1908,20142,Muhammed Halit OZMUS,tur,11,4,15,0.73,6.133333333333333,2.466666666666667,,,,,,,,,,,,,,,,,,,,,,0.0,6.0,3.0,0.75,,0.0,,1.5,0.0,,0.0,0.0,0.0,,,,,,,0
1909,22196,Hristiyan Stefanov STEFANOV,bul,3,2,5,0.6,6.0,4.6,,,,,,,,,,,,,,,,,,,,,,0.0,10.0,4.0,0.67,,0.0,,0.0,0.0,1.0,4.0,2.0,2.0,,,,,,,0
1910,22199,Ramazan ABUZAGIDOV,rus,3,1,4,0.75,7.75,1.5,,,,,,,,,,,,,,,,,,,,,,0.0,10.0,5.0,1.0,,0.0,1.0,2.0,4.0,1.0,4.0,2.0,2.0,,,,,,,0
1911,22204,Dominik Andras MEZEI,hun,3,6,9,0.33,3.666666666666667,4.666666666666666,,,,,,,,,,,,,,,,,,,,,,2.0,8.0,5.0,0.71,1.0,2.0,,0.0,0.0,,0.0,0.0,0.0,,,,,,,0
1912,22532,Bacar NDUM,gbs,6,3,9,0.67,6.333333333333333,2.444444444444444,,,,,,,,,,,,,,,,,,,,,,0.0,2.0,1.0,0.33,,0.0,,0.0,0.0,,0.0,0.0,0.0,,,,,,,0
1913,23437,Amr HUSSEN,egy,7,5,12,0.58,6.75,3.666666666666667,,,,,,,,,,,,,,,,,,,,,,0.0,2.0,1.0,0.25,,0.0,,0.0,0.0,,0.0,0.0,0.0,,,,,,,0
1914,23648,Patryk Krzysztof OLENCZYN,pol,8,12,20,0.4,5.9,7.75,,,,,,,,,,,,,,,,,,,,,,2.0,4.0,3.0,0.6,1.0,2.0,,0.0,0.0,,0.0,0.0,0.0,,,,,,,0
1915,25710,Perman HOMMADOV,tkm,4,15,19,0.21,3.210526315789473,7.631578947368421,,,,,,,,,,,,,,,,,,,,,,0.0,0.0,0.0,,,0.0,,0.0,0.0,,0.0,0.0,0.0,,,,,,,0
1916,29413,Mahammadali Mehdi ALIYEV,aze,1,2,3,0.33,5.666666666666666,7.0,,,,,,,,,,,,,,,,,,,,,,0.0,0.0,0.0,0.0,,0.0,,0.0,0.0,,0.0,0.0,0.0,,,,,,,0
1917,31867,Adam VELLA,mlt,0,3,3,0.0,0.6666666666666666,10.66666666666667,,,,,,,,,,,,,,,,,,,,,,0.0,0.0,0.0,,,0.0,,0.0,0.0,,0.0,0.0,0.0,,,,,,,0
1918,32187,Jonas Emil LENZ,ger,0,2,2,0.0,0.5,9.0,,,,,,,,,,,,,,,,,,,,,,0.0,1.0,1.0,1.0,,0.0,,0.0,0.0,,0.0,0.0,0.0,,,,,,,0
1919,29628,Abolfazl Jamal VALIPOURKHATIR,iri,3,1,4,0.75,6.0,3.5,,,,,,,,,,,,,,,,,,,,,,,,,,,,,0.0,,,0.0,0.0,0.0,,,,,,,0
1920,30216,Serhan SHAKIROV,mkd,2,2,4,0.5,10.0,8.0,,,,,,,,,,,,,,,,,,,,,,,,,,,,,0.0,,,0.0,0.0,0.0,,,,,,,0
1921,35742,Andrii NUHUMANOV,ukr,0,2,2,0.0,0.0,10.0,,,,,,,,,,,,,,,,,,,,,,,,,,,,,0.0,,,0.0,0.0,0.0,,,,,,,0
1922,35991,Timur BARTOV,isr,0,2,2,0.0,0.0,10.5,,,,,,,,,,,,,,,,,,,,,,,,,,,,,0.0,,,0.0,0.0,0.0,,,,,,,0
1923,22190,Kevin Gerry MAKOTA STROEM,swe,8,8,16,0.5,6.0625,5.3125,,,,,,,,,,,,,,,,,,,,,,,,,,,,,1.0,,,2.0,1.0,1.0,,,,,,,0
1924,29627,Soslan Albertovitch TIGIEV,rus,5,0,5,1.0,8.4,3.6,,,,,,,,,,,,,,,,,,,,,,,,,,,,,3.0,,,8.0,4.0,4.0,,,,,,,0
1925,20526,Sachin SACHIN,ind,2,6,8,0.25,2.5,6.875,,,,,,,,,,,,,,,,,,,,,,,,,,,,,0.0,,,,,,,,,,,,0
1926,21604,Toni Tapio OJALA,fin,2,4,6,0.33,5.5,7.333333333333333,,,,,,,,,,,,,,,,,,,,,,,,,,,,,0.0,,,,,,,,,,,,0
1927,22168,Adrian BARNOWSKI,ger,4,6,10,0.4,3.9,5.2,,,,,,,,,,,,,,,,,,,,,,,,,,,,,0.0,,,,,,,,,,,,0
1928,22649,Selcuk CAN,tur,31,13,44,0.7,4.181818181818182,2.409090909090909,,,,,,,,,,,,,,,,,,,,,,,,,,,,,0.0,,,,,,,,,,,,0
1929,23734,Luis Rafael CENTENO RODRIGUEZ,pur,2,2,4,0.5,2.75,2.5,,,,,,,,,,,,,,,,,,,,,,,,,,,,,0.0,,,,,,,,,,,,0
1930,24987,Ivan Nikolaev STOYANOV,bul,5,12,17,0.29,4.470588235294118,7.352941176470589,,,,,,,,,,,,,,,,,,,,,,,,,,,,,0.0,,,,,,,,,,,,0
1931,25620,OTOGURO Takuto,jpn,6,2,8,0.75,4.75,2.25,,,,,,,,,,,,,,,,,,,,,,,,,,,,,0.0,,,,,,,,,,,,0
1932,25667,Kevin KUPI,alb,1,6,7,0.14,1.428571428571429,7.714285714285714,,,,,,,,,,,,,,,,,,,,,,,,,,,,,0.0,,,,,,,,,,,,0
1933,25976,Burak SININ,tur,4,5,9,0.44,4.555555555555556,3.777777777777778,,,,,,,,,,,,,,,,,,,,,,,,,,,,,0.0,,,,,,,,,,,,0
1934,25979,Ibragim Ruslanovitch VELIEV,bel,1,1,2,0.5,2.5,2.0,,,,,,,,,,,,,,,,,,,,,,,,,,,,,0.5,,,,,,,,,,,,0
1935,26011,Mikhail LAPTEV,ain,9,3,12,0.75,5.083333333333333,1.166666666666667,,,,,,,,,,,,,,,,,,,,,,,,,,,,,0.0,,,,,,,,,,,,0
1936,26794,Ali Reizollah ARSALAN,iri,2,3,5,0.4,7.4,7.4,,,,,,,,,,,,,,,,,,,,,,,,,,,,,1.0,,,,,,,,,,,,0
1937,27028,Ilkhom BAKHROMOV,uzb,10,11,21,0.48,4.095238095238095,4.666666666666666,,,,,,,,,,,,,,,,,,,,,,,,,,,,,0.0,,,,,,,,,,,,0
1938,27052,Seyran SIMONYAN,arm,2,3,5,0.4,4.4,1.8,,,,,,,,,,,,,,,,,,,,,,,,,,,,,1.0,,,,,,,,,,,,0
1939,27501,Atakan YUKSEL,tur,9,4,13,0.69,3.461538461538461,2.692307692307693,,,,,,,,,,,,,,,,,,,,,,,,,,,,,1.0,,,,,,,,,,,,0
1940,27504,Meirzhan SHERMAKHANBET,kaz,2,1,3,0.67,6.666666666666666,7.333333333333333,,,,,,,,,,,,,,,,,,,,,,,,,,,,,1.0,,,,,,,,,,,,0
1941,27963,Virgilio GUARINO,ita,1,1,2,0.5,3.5,8.0,,,,,,,,,,,,,,,,,,,,,,,,,,,,,0.0,,,,,,,,,,,,0
1942,28803,Roman ASHARIN,hun,6,11,17,0.35,5.705882352941177,6.823529411764706,,,,,,,,,,,,,,,,,,,,,,,,,,,,,0.0,,,,,,,,,,,,0
1943,28805,Dzianis MAKSIMAU,blr,1,4,5,0.2,1.4,6.6,,,,,,,,,,,,,,,,,,,,,,,,,,,,,0.0,,,,,,,,,,,,0
1944,28807,Elbrus CHERTKOEV,svk,1,5,6,0.17,2.166666666666667,5.666666666666666,,,,,,,,,,,,,,,,,,,,,,,,,,,,,0.0,,,,,,,,,,,,0
1945,28905,Stoyan Stoychev KUBATOV,bul,3,6,9,0.33,4.111111111111112,5.111111111111112,,,,,,,,,,,,,,,,,,,,,,,,,,,,,0.0,,,,,,,,,,,,0
1946,29144,Jozsef MOLNAR,hun,1,5,6,0.17,3.166666666666667,6.833333333333333,,,,,,,,,,,,,,,,,,,,,,,,,,,,,0.0,,,,,,,,,,,,0
1947,29212,Dillon Emmanuel WILLIAMS,can,3,11,14,0.21,4.142857142857143,6.285714285714286,,,,,,,,,,,,,,,,,,,,,,,,,,,,,0.0,,,,,,,,,,,,0
1948,29244,Goderdzi DZEBISASHVILI,geo,4,3,7,0.57,6.857142857142857,7.857142857142858,,,,,,,,,,,,,,,,,,,,,,,,,,,,,0.0,,,,,,,,,,,,0
1949,29403,Alexandru Ioan MATEA,rou,2,4,6,0.33,3.833333333333333,7.5,,,,,,,,,,,,,,,,,,,,,,,,,,,,,0.0,,,,,,,,,,,,0
1950,30079,Singh MEHAR,ind,1,3,4,0.25,1.75,5.0,,,,,,,,,,,,,,,,,,,,,,,,,,,,,0.0,,,,,,,,,,,,0
1951,30937,Asomiddin HASANOV,uzb,4,6,10,0.4,4.7,5.9,,,,,,,,,,,,,,,,,,,,,,,,,,,,,0.0,,,,,,,,,,,,0
1952,31111,Bagylan ZHAKANSHA,kaz,3,2,5,0.6,4.8,6.0,,,,,,,,,,,,,,,,,,,,,,,,,,,,,0.0,,,,,,,,,,,,0
1953,31332,Endrio AVDYLI,alb,0,6,6,0.0,0.3333333333333333,8.833333333333332,,,,,,,,,,,,,,,,,,,,,,,,,,,,,0.0,,,,,,,,,,,,0
1954,31344,Balint NEMES,hun,0,7,7,0.0,0.7142857142857142,8.571428571428571,,,,,,,,,,,,,,,,,,,,,,,,,,,,,0.0,,,,,,,,,,,,0
1955,32616,Carlos ALVAREZ IGLESIAS,esp,0,4,4,0.0,1.25,11.75,,,,,,,,,,,,,,,,,,,,,,,,,,,,,0.0,,,,,,,,,,,,0
1956,33864,Noah Isaac CASTILLO,pur,0,1,1,0.0,1.0,3.0,,,,,,,,,,,,,,,,,,,,,,,,,,,,,0.0,,,,,,,,,,,,0
1957,34512,Azatjan ACHILOV,tkm,0,6,6,0.0,2.0,9.166666666666666,,,,,,,,,,,,,,,,,,,,,,,,,,,,,0.0,,,,,,,,,,,,0
1958,35489,Mikita BARANAU,blr,0,2,2,0.0,3.0,8.5,,,,,,,,,,,,,,,,,,,,,,,,,,,,,0.0,,,,,,,,,,,,0
1959,35826,Tobias NEUSCHITZER,aut,0,2,2,0.0,0.0,11.0,,,,,,,,,,,,,,,,,,,,,,,,,,,,,0.0,,,,,,,,,,,,0
1960,35829,Alberto MAIORANA,ita,0,3,3,0.0,0.3333333333333333,10.0,,,,,,,,,,,,,,,,,,,,,,,,,,,,,0.0,,,,,,,,,,,,0
1961,36355,Vladan ZIVKOVIC,srb,0,5,5,0.0,1.4,4.4,,,,,,,,,,,,,,,,,,,,,,,,,,,,,0.0,,,,,,,,,,,,0
1962,37134,Haci,aze,1,0,1,1.0,0.0,0.0,,,,,,,,,,,,,,,,,,,,,,,,,,,,,0.0,,,,,,,,,,,,0
1963,37135,Aliyev,aze,0,1,1,0.0,0.0,0.0,,,,,,,,,,,,,,,,,,,,,,,,,,,,,2.0,,,,,,,,,,,,0
1964,37136,Haci,aze,1,0,1,1.0,0.0,0.0,,,,,,,,,,,,,,,,,,,,,,,,,,,,,0.0,,,,,,,,,,,,0
1965,37138,Haci,aze,1,0,1,1.0,0.0,0.0,,,,,,,,,,,,,,,,,,,,,,,,,,,,,0.0,,,,,,,,,,,,0
1966,37139,Aliyev,aze,0,1,1,0.0,0.0,0.0,,,,,,,,,,,,,,,,,,,,,,,,,,,,,0.0,,,,,,,,,,,,0
1967,37137,Aliyev,aze,0,1,1,0.0,0.0,0.0,,,,,,,,,,,,,,,,,,,,,,,,,,,,,0.0,,,,,,,,,,,,0
1968,26283,Narek OGANIAN,rus,8,7,15,0.53,4.666666666666666,2.933333333333333,,,,,,,,,,,,,,,,,,,,,,,,,,,,,0.0,,,,,,,,,,,,0
