"coalesce","takedown_success_rate","tkd_per_match","tkd_per_match-2","successful_count","successful_count-2","successful_count-3","single_leg_success_rate","single_leg_success_rate-2"
20101,0.36,3.34,2.26,39,14,10,0.24,0.59
20102,1.0,2.0,2.0,1,NULL,NULL,NULL,NULL
20106,0.0,0,0,NULL,NULL,NULL,NULL,NULL
20109,0.33,1.5,1.0,1,NULL,1,NULL,0.5
20111,0.5,3.0,2.0,1,NULL,NULL,NULL,NULL
20112,0.2,0.5,0.5,1,NULL,NULL,NULL,NULL
20114,0.36,3.14,2.18,21,7,2,0.25,0.4
20120,0.0,1.0,0,NULL,NULL,NULL,NULL,NULL
20123,0.0,1.0,0,NULL,NULL,NULL,NULL,NULL
20133,0.14,3.0,2.0,1,NULL,1,NULL,0.5
20141,0.0,3.0,0,NULL,NULL,NULL,NULL,NULL
20145,0.0,0,0,NULL,NULL,NULL,NULL,NULL
20150,0.0,0,0,NULL,NULL,NULL,NULL,NULL
20151,0.5,4.0,2.0,1,1,NULL,1.0,NULL
20153,0.17,1.0,2.0,1,1,NULL,0.2,NULL
20154,0.0,0,0,NULL,NULL,NULL,NULL,NULL
20169,0.0,2.0,0,NULL,NULL,NULL,NULL,NULL
20179,0.0,0,0,NULL,NULL,NULL,NULL,NULL
20189,0.17,1.0,1.0,1,NULL,NULL,NULL,NULL
20200,0.5,4.0,6.0,2,NULL,NULL,NULL,NULL
20201,0.55,3.12,1.49,22,NULL,NULL,NULL,NULL
20203,0.0,0,0,NULL,NULL,NULL,NULL,NULL
20205,0.0,0.5,0,NULL,NULL,NULL,NULL,NULL
20206,0.0,3.0,0,NULL,NULL,NULL,NULL,NULL
20208,0.67,2.92,2.08,8,NULL,NULL,NULL,NULL
20212,0.5,4.0,2.0,1,NULL,NULL,NULL,NULL
20214,0.0,0,0,NULL,NULL,NULL,NULL,NULL
20232,0.0,2.0,0,NULL,NULL,NULL,NULL,NULL
20242,0.11,1.5,0.33,1,NULL,NULL,NULL,NULL
20257,0.0,1.5,0,NULL,NULL,NULL,NULL,NULL
20264,0.0,0.67,0,NULL,NULL,NULL,NULL,NULL
20271,1.0,1.0,0.0,1,NULL,NULL,NULL,NULL
20280,0.86,2.0,2.98,36,NULL,NULL,NULL,NULL
20281,0.5,1.0,2.0,1,NULL,NULL,NULL,NULL
20283,1.0,2.0,8.0,2,NULL,NULL,NULL,NULL
20284,0.67,1.5,3.0,2,NULL,NULL,NULL,NULL
20285,1.0,4.0,2.0,1,NULL,NULL,NULL,NULL
20292,0.0,0,0,NULL,NULL,NULL,NULL,NULL
20296,0.0,0,0,NULL,NULL,NULL,NULL,NULL
20297,0.8,5.0,8.0,4,2,NULL,0.67,NULL
20298,0.5,3.0,4.0,1,NULL,NULL,NULL,NULL
20299,0.0,1.0,0,NULL,NULL,NULL,NULL,NULL
20302,0.4,3.36,1.92,18,4,3,0.16,0.5
20308,0.0,0,0,NULL,NULL,NULL,NULL,NULL
20310,0.6,7.0,12.0,6,3,3,0.5,0.75
20313,0.0,1.0,0,NULL,NULL,NULL,NULL,NULL
20318,0.0,0,0,NULL,NULL,NULL,NULL,NULL
20323,0.54,2.68,2.43,29,9,11,0.53,0.48
20324,0.5,7.0,2.0,1,NULL,NULL,NULL,NULL
20325,0.75,5.5,4.0,3,1,NULL,1.0,NULL
20327,0.14,1.0,1.0,1,1,NULL,0.14,NULL
20328,0.0,1.0,0,NULL,NULL,NULL,NULL,NULL
20330,0.0,1.0,0,NULL,NULL,NULL,NULL,NULL
20331,0.0,0,0,NULL,NULL,NULL,NULL,NULL
20338,1.0,3.0,4.0,1,NULL,NULL,NULL,NULL
20404,0.52,4.54,2.23,15,9,3,0.47,0.5
20408,1.0,2.0,2.0,1,1,NULL,1.0,NULL
20409,0.4,2.0,2.67,2,1,NULL,0.25,NULL
20413,0.25,3.5,1.0,1,NULL,1,NULL,0.5
20415,0.29,1.5,1.63,6,4,1,0.27,0.2
20429,0.0,1.0,0,NULL,NULL,NULL,NULL,NULL
20446,0.67,5.0,6.0,2,2,NULL,0.67,NULL
20509,0.33,2.0,4.0,1,NULL,NULL,NULL,NULL
20512,1.0,4.0,1.0,2,NULL,NULL,NULL,NULL
20515,0.0,1.0,0,NULL,NULL,NULL,NULL,NULL
20528,0.0,1.0,0,NULL,NULL,NULL,NULL,NULL
20598,0.0,1.0,0,NULL,NULL,NULL,NULL,NULL
20629,1.0,1.0,2.0,1,NULL,NULL,NULL,NULL
20683,0.0,0,0,NULL,NULL,NULL,NULL,NULL
20700,0.0,0,0,NULL,NULL,NULL,NULL,NULL
20719,0.0,0,0,NULL,NULL,NULL,NULL,NULL
20723,1.0,2.0,6.0,2,NULL,NULL,NULL,NULL
20739,0.0,2.0,0,NULL,NULL,NULL,NULL,NULL
20740,0.41,3.15,3.31,14,3,3,0.3,0.5
20741,0.0,2.0,0,NULL,NULL,NULL,NULL,NULL
20742,0.29,4.2,2.0,5,4,NULL,0.27,NULL
20743,0.48,3.95,3.2,56,27,12,0.37,0.8
20744,0.13,4.5,0.5,1,1,NULL,0.17,NULL
20745,1.0,2.0,2.0,1,1,NULL,1.0,NULL
20746,0.12,3.25,2.0,4,2,1,0.07,0.25
20747,0.4,4.5,4.0,4,2,NULL,0.33,NULL
20750,0.2,3.33,1.33,2,2,NULL,0.2,NULL
20754,0.27,3.78,2.67,21,5,3,0.16,0.5
20755,1.0,5.5,5.0,5,NULL,NULL,NULL,NULL
20756,1.0,2.0,2.0,1,1,NULL,1.0,NULL
20758,1.0,4.0,2.0,1,NULL,NULL,NULL,NULL
20760,0.45,3.18,2.61,52,30,4,0.39,0.44
20761,0.45,3.67,2.0,29,11,1,0.31,0.17
20765,0.5,4.83,3.48,53,21,11,0.51,0.48
20767,0.2,1.5,1.0,1,NULL,NULL,NULL,NULL
20770,0.27,2.0,1.5,3,3,NULL,0.27,NULL
20771,0.0,0,0,NULL,NULL,NULL,NULL,NULL
20772,0.43,3.44,3.44,29,19,NULL,0.37,NULL
20776,0.33,0.86,0.0,1,NULL,NULL,NULL,NULL
20778,1.0,1.33,1.33,1,NULL,NULL,NULL,NULL
20781,0.0,1.0,0,NULL,NULL,NULL,NULL,NULL
20782,0.33,2.5,2.0,1,NULL,NULL,NULL,NULL
20783,0.0,1.67,0,NULL,NULL,NULL,NULL,NULL
20787,0.75,3.33,2.67,3,NULL,NULL,NULL,NULL
20789,1.0,1.0,0.29,1,NULL,NULL,NULL,NULL
20790,0.33,2.0,2.0,1,NULL,NULL,NULL,NULL
20792,0.0,1.0,0,NULL,NULL,NULL,NULL,NULL
20794,0.0,0.75,0,NULL,NULL,NULL,NULL,NULL
20795,1.0,8.0,2.0,1,1,NULL,1.0,NULL
20805,0.17,5.0,2.0,1,NULL,1,NULL,1.0
20806,0.13,3.0,1.0,1,NULL,1,NULL,0.5
20807,0.5,5.0,10.0,3,1,NULL,1.0,NULL
20809,0.0,3.0,0,NULL,NULL,NULL,NULL,NULL
20812,0.36,3.0,3.33,5,5,NULL,0.45,NULL
20813,0.0,2.0,0,NULL,NULL,NULL,NULL,NULL
20814,0.0,2.0,0,NULL,NULL,NULL,NULL,NULL
20816,0.2,2.0,2.0,1,1,NULL,0.5,NULL
20817,1.0,2.5,1.0,1,1,NULL,1.0,NULL
21247,0.0,1.33,0,NULL,NULL,NULL,NULL,NULL
21269,0.0,0,0,NULL,NULL,NULL,NULL,NULL
21359,0.25,1.0,2.0,2,1,NULL,0.2,NULL
21415,0.4,4.0,4.0,2,1,1,0.33,1.0
21420,0.31,3.33,2.67,11,3,1,0.18,0.33
21421,0.0,0,0,NULL,NULL,NULL,NULL,NULL
21422,0.09,0.33,0.67,1,1,NULL,0.09,NULL
21424,0.0,1.0,0,NULL,NULL,NULL,NULL,NULL
21425,0.0,0,0,NULL,NULL,NULL,NULL,NULL
21427,0.0,0,0,NULL,NULL,NULL,NULL,NULL
21428,0.0,0,0,NULL,NULL,NULL,NULL,NULL
21434,0.0,1.0,0,NULL,NULL,NULL,NULL,NULL
21436,0.11,1.0,2.0,1,1,NULL,0.17,NULL
21442,0.0,0,0,NULL,NULL,NULL,NULL,NULL
21448,0.2,2.0,1.0,2,1,NULL,0.13,NULL
21451,0.0,0,0,NULL,NULL,NULL,NULL,NULL
21463,1.0,5.0,2.0,1,NULL,NULL,NULL,NULL
21466,0.8,6.0,10.0,4,3,1,0.75,1.0
21468,1.0,5.0,6.0,3,1,2,1.0,1.0
21478,0.29,3.0,4.0,2,1,NULL,0.25,NULL
21479,0.45,3.37,4.11,37,25,5,0.39,0.63
21480,0.5,1.5,3.0,3,2,NULL,0.4,NULL
21481,0.0,1.0,0,NULL,NULL,NULL,NULL,NULL
21482,0.33,3.77,2.08,16,12,1,0.33,0.33
21483,0.1,1.33,0.83,5,1,2,0.04,0.4
21484,0.0,0.67,0,NULL,NULL,NULL,NULL,NULL
21488,0.0,1.0,0,NULL,NULL,NULL,NULL,NULL
21490,0.57,5.0,10.0,4,3,NULL,0.5,NULL
21492,0.0,0,0,NULL,NULL,NULL,NULL,NULL
21493,0.25,3.8,3.08,59,48,8,0.23,0.44
21494,0.0,0.75,0,NULL,NULL,NULL,NULL,NULL
21495,0.0,3.0,0,NULL,NULL,NULL,NULL,NULL
21496,1.0,4.0,4.0,2,NULL,NULL,NULL,NULL
21497,0.0,0,0,NULL,NULL,NULL,NULL,NULL
21498,0.25,2.0,1.0,1,NULL,NULL,NULL,NULL
21499,0.39,3.67,3.33,11,4,NULL,0.24,NULL
21500,0.0,0,0,NULL,NULL,NULL,NULL,NULL
21503,0.05,1.75,0.5,1,NULL,NULL,NULL,NULL
21506,0.0,1.25,0,NULL,NULL,NULL,NULL,NULL
21507,0.0,2.33,0,NULL,NULL,NULL,NULL,NULL
21508,0.2,3.0,2.0,3,NULL,2,NULL,0.67
21510,0.0,0,0,NULL,NULL,NULL,NULL,NULL
21511,0.0,2.0,0,NULL,NULL,NULL,NULL,NULL
21512,0.1,3.2,1.07,7,4,1,0.13,1.0
21514,0.08,2.5,0.0,1,1,NULL,0.11,NULL
21516,0.0,0.67,0,NULL,NULL,NULL,NULL,NULL
21517,0.0,0,0,NULL,NULL,NULL,NULL,NULL
21519,0.5,2.0,2.0,1,NULL,NULL,NULL,NULL
21520,0.0,2.33,0,NULL,NULL,NULL,NULL,NULL
21521,0.0,0,0,NULL,NULL,NULL,NULL,NULL
21528,0.25,3.33,2.0,3,1,NULL,0.17,NULL
21532,0.0,2.67,0,NULL,NULL,NULL,NULL,NULL
21533,0.13,1.0,2.0,1,1,NULL,0.14,NULL
21535,0.5,4.0,2.0,1,1,NULL,0.5,NULL
21536,0.25,3.0,1.0,4,3,NULL,0.21,NULL
21538,0.29,2.43,1.43,5,4,NULL,0.33,NULL
21539,0.0,1.5,0,NULL,NULL,NULL,NULL,NULL
21540,0.4,4.0,1.5,2,NULL,1,NULL,0.33
21541,1.0,2.0,2.0,1,1,NULL,1.0,NULL
21546,0.04,0.5,0.17,1,1,NULL,0.08,NULL
21548,0.57,3.25,2.5,8,6,1,0.6,1.0
21550,0.38,3.5,3.5,6,5,NULL,0.42,NULL
21552,1.0,3.0,4.0,2,1,1,1.0,1.0
21553,0.33,2.25,2.0,4,1,1,0.2,0.25
21554,0.0,1.0,0,NULL,NULL,NULL,NULL,NULL
21555,0.55,3.96,2.55,65,54,NULL,0.58,NULL
21556,0.22,1.29,0.57,2,1,NULL,0.17,NULL
21557,0.5,3.0,3.0,2,2,NULL,1.0,NULL
21558,0.0,0,0,NULL,NULL,NULL,NULL,NULL
21560,0.75,2.75,3.0,3,NULL,NULL,NULL,NULL
21563,0.0,1.13,0,NULL,NULL,NULL,NULL,NULL
21565,0.83,3.0,3.0,5,NULL,NULL,NULL,NULL
21566,0.44,1.6,1.0,4,NULL,NULL,NULL,NULL
21567,0.5,2.0,1.33,1,NULL,NULL,NULL,NULL
21568,0.67,2.0,1.2,2,NULL,NULL,NULL,NULL
21569,0.54,2.91,1.68,22,NULL,NULL,NULL,NULL
21570,0.0,0.5,0,NULL,NULL,NULL,NULL,NULL
21572,0.46,2.5,0.68,11,NULL,NULL,NULL,NULL
21573,0.67,2.5,1.5,2,NULL,NULL,NULL,NULL
21574,0.5,2.67,0.85,9,NULL,NULL,NULL,NULL
21575,0.0,1.5,0,NULL,NULL,NULL,NULL,NULL
21577,0.0,1.0,0,NULL,NULL,NULL,NULL,NULL
21579,0.0,1.33,0,NULL,NULL,NULL,NULL,NULL
21581,0.52,3.5,0.92,11,NULL,NULL,NULL,NULL
21582,0.33,3.5,2.0,1,NULL,NULL,NULL,NULL
21584,0.63,3.4,2.8,5,NULL,NULL,NULL,NULL
21585,1.0,6.0,2.0,1,NULL,NULL,NULL,NULL
21586,1.0,3.33,1.33,2,NULL,NULL,NULL,NULL
21592,0.25,1.33,0.67,1,NULL,NULL,NULL,NULL
21596,0.0,1.0,0,NULL,NULL,NULL,NULL,NULL
21599,0.6,2.75,2.0,3,NULL,NULL,NULL,NULL
21605,0.67,2.5,1.5,2,NULL,NULL,NULL,NULL
21606,0.33,5.0,2.0,1,NULL,NULL,NULL,NULL
21608,1.0,1.5,0.0,1,NULL,NULL,NULL,NULL
21610,0.0,1.67,0,NULL,NULL,NULL,NULL,NULL
21611,0.2,1.5,2.0,1,NULL,NULL,NULL,NULL
21612,0.0,0,0,NULL,NULL,NULL,NULL,NULL
21613,0.0,0,0,NULL,NULL,NULL,NULL,NULL
21616,0.0,1.0,0,NULL,NULL,NULL,NULL,NULL
21617,0.0,1.33,0,NULL,NULL,NULL,NULL,NULL
21618,0.57,2.67,1.83,24,NULL,NULL,NULL,NULL
21619,0.5,1.0,0.5,1,NULL,NULL,NULL,NULL
21624,0.29,2.44,0.67,2,NULL,NULL,NULL,NULL
21625,0.0,1.0,0,NULL,NULL,NULL,NULL,NULL
21626,0.38,2.5,2.5,3,NULL,NULL,NULL,NULL
21627,0.0,1.33,0,NULL,NULL,NULL,NULL,NULL
21628,0.17,1.5,0.5,1,NULL,NULL,NULL,NULL
21629,0.0,3.0,0,NULL,NULL,NULL,NULL,NULL
21631,0.42,2.84,0.64,10,NULL,NULL,NULL,NULL
21635,0.67,1.5,1.5,2,NULL,NULL,NULL,NULL
21636,1.0,4.14,0.43,3,NULL,NULL,NULL,NULL
21639,0.33,0.5,0.67,1,NULL,NULL,NULL,NULL
21645,0.0,3.0,0,NULL,NULL,NULL,NULL,NULL
21646,0.58,3.38,0.54,7,NULL,NULL,NULL,NULL
21647,0.0,0.64,0,NULL,NULL,NULL,NULL,NULL
21648,1.0,2.0,0.57,1,NULL,NULL,NULL,NULL
21653,0.33,2.0,2.0,1,NULL,NULL,NULL,NULL
21654,0.28,4.84,3.19,42,21,10,0.23,0.4
21655,0.5,1.0,4.0,1,NULL,NULL,NULL,NULL
21656,0.0,0,0,NULL,NULL,NULL,NULL,NULL
21657,0.0,0.5,0,NULL,NULL,NULL,NULL,NULL
21658,0.0,0,0,NULL,NULL,NULL,NULL,NULL
21659,0.0,0,0,NULL,NULL,NULL,NULL,NULL
21667,0.0,3.0,0,NULL,NULL,NULL,NULL,NULL
21671,0.0,3.0,0,NULL,NULL,NULL,NULL,NULL
21674,1.0,3.0,6.0,2,1,NULL,1.0,NULL
21675,0.32,1.59,2.1,31,9,NULL,0.26,NULL
21677,0.0,2.0,0,NULL,NULL,NULL,NULL,NULL
21678,1.0,0.5,2.5,1,NULL,1,NULL,1.0
21682,0.13,2.5,1.0,1,NULL,NULL,NULL,NULL
21684,0.33,4.0,2.0,1,NULL,1,NULL,1.0
21691,0.0,1.33,0,NULL,NULL,NULL,NULL,NULL
21693,0.0,1.5,0,NULL,NULL,NULL,NULL,NULL
21694,0.0,0,0,NULL,NULL,NULL,NULL,NULL
21695,0.17,2.28,0.7,16,9,1,0.18,0.2
21697,0.5,3.33,1.33,2,1,1,1.0,1.0
21701,0.0,1.0,0,NULL,NULL,NULL,NULL,NULL
21714,0.1,2.0,0.67,3,NULL,NULL,NULL,NULL
21716,0.0,0,0,NULL,NULL,NULL,NULL,NULL
21722,0.38,4.0,6.0,3,1,NULL,0.5,NULL
21726,0.5,2.5,2.0,1,1,NULL,0.5,NULL
21730,0.0,0.6,0,NULL,NULL,NULL,NULL,NULL
21732,0.08,1.0,4.0,1,1,NULL,0.1,NULL
21738,0.0,0.67,0,NULL,NULL,NULL,NULL,NULL
21745,0.0,0,0,NULL,NULL,NULL,NULL,NULL
21748,0.0,0,0,NULL,NULL,NULL,NULL,NULL
21750,0.44,4.69,3.54,43,16,12,0.28,0.57
21751,0.0,0,0,NULL,NULL,NULL,NULL,NULL
21754,0.0,0.4,0,NULL,NULL,NULL,NULL,NULL
21761,0.0,1.0,0,NULL,NULL,NULL,NULL,NULL
21762,0.0,2.0,0,NULL,NULL,NULL,NULL,NULL
21763,0.0,0,0,NULL,NULL,NULL,NULL,NULL
21764,0.2,4.0,2.0,1,1,NULL,0.25,NULL
21765,0.0,0,0,NULL,NULL,NULL,NULL,NULL
21767,0.33,0.67,0.67,1,1,NULL,0.33,NULL
21770,0.0,0,0,NULL,NULL,NULL,NULL,NULL
21772,0.0,0,0,NULL,NULL,NULL,NULL,NULL
21777,0.8,4.15,0.79,8,NULL,NULL,NULL,NULL
21779,0.17,2.14,0.57,1,NULL,NULL,NULL,NULL
21781,0.0,2.5,0,NULL,NULL,NULL,NULL,NULL
21795,1.0,4.0,4.0,2,NULL,NULL,NULL,NULL
21798,0.0,1.0,0,NULL,NULL,NULL,NULL,NULL
21801,0.0,4.0,0,NULL,NULL,NULL,NULL,NULL
21806,0.0,2.0,0,NULL,NULL,NULL,NULL,NULL
21813,0.5,1.67,2.0,2,NULL,NULL,NULL,NULL
21814,0.9,3.35,3.15,26,NULL,NULL,NULL,NULL
21819,1.0,2.46,0.92,3,NULL,NULL,NULL,NULL
21823,0.0,0,0,NULL,NULL,NULL,NULL,NULL
21824,0.0,1.0,0,NULL,NULL,NULL,NULL,NULL
21825,0.0,0,0,NULL,NULL,NULL,NULL,NULL
21829,0.0,0,0,NULL,NULL,NULL,NULL,NULL
21838,0.0,5.0,0,NULL,NULL,NULL,NULL,NULL
21846,0.0,2.0,0,NULL,NULL,NULL,NULL,NULL
21847,0.5,3.0,4.0,2,2,NULL,0.5,NULL
21886,0.0,0,0,NULL,NULL,NULL,NULL,NULL
21892,0.0,0,0,NULL,NULL,NULL,NULL,NULL
21917,0.0,0,0,NULL,NULL,NULL,NULL,NULL
21965,0.0,0,0,NULL,NULL,NULL,NULL,NULL
21973,0.7,4.88,2.58,30,11,8,0.5,1.0
21979,0.09,6.0,2.0,1,NULL,1,NULL,0.5
21995,0.0,1.33,0,NULL,NULL,NULL,NULL,NULL
21997,1.0,4.0,4.0,2,2,NULL,1.0,NULL
22000,0.0,0,0,NULL,NULL,NULL,NULL,NULL
22007,0.0,1.0,0,NULL,NULL,NULL,NULL,NULL
22008,0.33,0.67,0.67,2,1,NULL,0.25,NULL
22027,0.44,5.58,0.89,18,12,1,0.36,0.33
22035,0.0,1.5,0,NULL,NULL,NULL,NULL,NULL
22043,0.0,1.33,0,NULL,NULL,NULL,NULL,NULL
22048,0.0,1.0,0,NULL,NULL,NULL,NULL,NULL
22051,1.0,2.0,4.0,1,NULL,NULL,NULL,NULL
22067,0.5,4.5,2.0,1,NULL,NULL,NULL,NULL
22082,0.0,0,0,NULL,NULL,NULL,NULL,NULL
22096,0.4,8.0,6.0,2,1,NULL,0.25,NULL
22099,0.75,5.0,4.0,3,3,NULL,0.75,NULL
22106,0.0,2.0,0,NULL,NULL,NULL,NULL,NULL
22116,1.0,5.0,2.0,1,1,NULL,1.0,NULL
22117,0.0,3.0,0,NULL,NULL,NULL,NULL,NULL
22139,0.67,3.5,2.0,2,2,NULL,0.67,NULL
22144,0.5,5.0,2.0,1,NULL,NULL,NULL,NULL
22146,0.0,2.0,0,NULL,NULL,NULL,NULL,NULL
22155,0.25,3.0,2.0,1,NULL,NULL,NULL,NULL
22157,1.0,3.0,6.0,2,NULL,2,NULL,1.0
22158,0.15,3.2,1.4,4,3,NULL,0.23,NULL
22166,1.0,2.0,6.0,2,1,NULL,1.0,NULL
22174,0.3,3.17,4.0,11,10,1,0.29,0.5
22175,0.0,0,0,NULL,NULL,NULL,NULL,NULL
22176,0.25,4.67,2.0,2,1,NULL,0.33,NULL
22178,0.0,0,0,NULL,NULL,NULL,NULL,NULL
22182,0.33,0.5,0.5,1,NULL,1,NULL,0.5
22183,1.0,3.5,4.0,4,NULL,1,NULL,1.0
22184,0.15,3.3,1.2,27,4,NULL,0.13,NULL
22185,0.0,1.0,0,NULL,NULL,NULL,NULL,NULL
22188,0.5,2.5,1.0,1,NULL,NULL,NULL,NULL
22189,0.0,0,0,NULL,NULL,NULL,NULL,NULL
22195,1.0,2.0,2.0,1,1,NULL,1.0,NULL
22216,0.5,2.0,2.0,1,NULL,1,NULL,1.0
22220,0.0,0,0,NULL,NULL,NULL,NULL,NULL
22223,0.67,2.33,4.67,6,5,1,0.63,1.0
22227,1.0,1.0,0.0,1,1,NULL,1.0,NULL
22234,0.0,1.0,0,NULL,NULL,NULL,NULL,NULL
22244,0.74,3.35,3.08,55,NULL,NULL,NULL,NULL
22246,0.0,1.0,0,NULL,NULL,NULL,NULL,NULL
22247,0.0,1.0,0,NULL,NULL,NULL,NULL,NULL
22248,0.33,4.0,2.0,1,NULL,NULL,NULL,NULL
22249,0.0,1.0,0,NULL,NULL,NULL,NULL,NULL
22255,0.43,1.33,1.0,3,NULL,NULL,NULL,NULL
22256,0.0,1.0,0,NULL,NULL,NULL,NULL,NULL
22258,0.21,2.21,0.36,3,NULL,NULL,NULL,NULL
22259,0.0,0.33,0,NULL,NULL,NULL,NULL,NULL
22286,0.0,0,0,NULL,NULL,NULL,NULL,NULL
22300,1.0,2.0,4.0,1,NULL,NULL,NULL,NULL
22301,0.0,2.0,0,NULL,NULL,NULL,NULL,NULL
22302,0.0,0,0,NULL,NULL,NULL,NULL,NULL
22303,1.0,1.0,4.0,1,NULL,NULL,NULL,NULL
22304,1.0,1.0,2.0,1,NULL,NULL,NULL,NULL
22307,0.5,3.0,4.0,1,NULL,NULL,NULL,NULL
22308,0.0,1.0,0,NULL,NULL,NULL,NULL,NULL
22321,0.33,1.2,1.2,2,NULL,NULL,NULL,NULL
22359,1.0,3.0,4.0,2,1,NULL,1.0,NULL
22360,0.6,5.0,6.0,3,3,NULL,1.0,NULL
22362,0.14,2.33,0.67,1,NULL,NULL,NULL,NULL
22363,0.75,3.0,8.0,3,NULL,3,NULL,0.75
22372,0.43,2.67,3.33,3,NULL,NULL,NULL,NULL
22375,0.14,4.0,2.0,1,NULL,NULL,NULL,NULL
22389,0.6,3.0,3.0,3,1,NULL,0.5,NULL
22395,1.0,3.0,3.0,2,NULL,NULL,NULL,NULL
22396,0.0,0.5,0,NULL,NULL,NULL,NULL,NULL
22400,0.0,3.0,0,NULL,NULL,NULL,NULL,NULL
22401,0.44,3.59,4.59,73,20,34,0.27,0.54
22421,0.33,5.0,2.0,1,1,NULL,0.5,NULL
22433,0.0,2.0,0,NULL,NULL,NULL,NULL,NULL
22434,0.5,3.0,1.0,1,NULL,NULL,NULL,NULL
22448,0.5,1.0,1.0,1,NULL,NULL,NULL,NULL
22461,0.0,0,0,NULL,NULL,NULL,NULL,NULL
22463,0.0,1.0,0,NULL,NULL,NULL,NULL,NULL
22464,1.0,4.0,2.0,1,NULL,NULL,NULL,NULL
22467,0.38,7.0,6.0,3,2,NULL,0.4,NULL
22469,0.14,1.0,2.0,1,NULL,NULL,NULL,NULL
22477,0.67,3.0,4.0,2,NULL,NULL,NULL,NULL
22479,0.0,0,0,NULL,NULL,NULL,NULL,NULL
22493,0.7,4.06,2.44,16,6,NULL,0.6,NULL
22494,0.11,3.0,0.67,1,NULL,NULL,NULL,NULL
22495,0.16,3.0,1.94,24,16,2,0.14,0.22
22496,0.1,1.5,1.0,1,NULL,1,NULL,0.5
22497,0.27,4.5,3.0,3,2,NULL,0.22,NULL
22498,0.15,2.83,1.33,4,4,NULL,0.17,NULL
22499,0.0,2.0,0,NULL,NULL,NULL,NULL,NULL
22500,0.17,1.8,2.0,4,1,NULL,0.07,NULL
22501,0.32,2.04,1.33,16,6,1,0.21,0.5
22502,0.23,3.97,3.06,32,2,3,0.08,0.23
22503,0.19,2.83,1.33,4,2,1,0.11,1.0
22504,0.16,1.75,1.75,7,5,NULL,0.19,NULL
22506,0.35,4.94,4.44,36,31,2,0.35,0.4
22507,0.44,5.16,4.47,112,56,31,0.36,0.82
22509,0.19,1.29,1.43,3,2,NULL,0.15,NULL
22510,0.24,3.36,2.32,24,17,6,0.22,0.32
22511,0.0,0,0,NULL,NULL,NULL,NULL,NULL
22512,0.2,2.67,1.33,1,NULL,NULL,NULL,NULL
22513,0.33,2.75,1.5,3,2,NULL,0.29,NULL
22514,0.43,3.75,4.5,9,3,1,0.3,0.5
22515,0.0,1.5,0,NULL,NULL,NULL,NULL,NULL
22516,0.14,0.67,0.67,1,NULL,NULL,NULL,NULL
22517,0.33,2.67,1.33,2,2,NULL,0.33,NULL
22518,0.29,4.43,2.0,50,36,4,0.26,0.33
22519,0.48,4.0,3.03,45,16,12,0.42,0.67
22520,0.05,2.25,0.5,1,1,NULL,0.06,NULL
22521,0.0,0.5,0,NULL,NULL,NULL,NULL,NULL
22522,0.0,2.25,0,NULL,NULL,NULL,NULL,NULL
22523,0.0,1.0,0,NULL,NULL,NULL,NULL,NULL
22526,1.0,7.0,2.0,1,NULL,NULL,NULL,NULL
22527,0.5,6.0,4.0,2,2,NULL,0.5,NULL
22528,0.67,3.5,4.0,2,NULL,NULL,NULL,NULL
22531,0.13,1.75,1.25,4,NULL,1,NULL,0.11
22533,0.0,0,0,NULL,NULL,NULL,NULL,NULL
22534,0.0,1.0,0,NULL,NULL,NULL,NULL,NULL
22537,0.0,0,0,NULL,NULL,NULL,NULL,NULL
22538,0.65,4.7,2.07,24,10,2,0.43,1.0
22539,0.58,3.33,3.62,38,31,2,0.58,0.5
22540,0.33,2.75,0.5,1,1,NULL,0.5,NULL
22541,0.48,4.19,2.57,24,15,3,0.44,0.75
22543,0.0,0,0,NULL,NULL,NULL,NULL,NULL
22545,0.71,3.33,3.33,5,4,NULL,0.67,NULL
22546,0.19,2.0,2.4,4,1,NULL,0.07,NULL
22548,0.33,3.0,4.0,2,NULL,2,NULL,0.5
22549,0.0,0,0,NULL,NULL,NULL,NULL,NULL
22550,0.54,4.0,3.5,7,6,1,0.55,0.5
22553,0.0,0.5,0,NULL,NULL,NULL,NULL,NULL
22554,0.2,4.05,2.75,75,48,9,0.16,0.27
22557,0.5,4.33,6.0,7,NULL,NULL,NULL,NULL
22558,0.0,1.0,0,NULL,NULL,NULL,NULL,NULL
22559,0.0,3.0,0,NULL,NULL,NULL,NULL,NULL
22561,0.24,1.5,1.25,5,5,NULL,0.36,NULL
22562,0.48,6.66,5.71,91,56,18,0.41,0.62
22564,0.08,2.0,1.68,16,11,NULL,0.07,NULL
22565,0.0,0,0,NULL,NULL,NULL,NULL,NULL
22566,0.8,2.5,3.0,4,3,1,0.75,1.0
22568,0.21,1.0,2.0,3,3,NULL,0.23,NULL
22569,0.33,2.0,3.0,2,NULL,NULL,NULL,NULL
22573,0.0,1.0,0,NULL,NULL,NULL,NULL,NULL
22574,0.38,4.09,2.17,25,6,NULL,0.32,NULL
22575,0.3,1.75,1.5,3,NULL,NULL,NULL,NULL
22576,0.0,0,0,NULL,NULL,NULL,NULL,NULL
22577,0.5,4.0,6.0,3,1,1,0.33,0.5
22582,0.0,1.5,0,NULL,NULL,NULL,NULL,NULL
22586,0.7,2.88,4.75,14,4,4,0.67,0.57
22587,0.19,4.09,2.82,39,21,1,0.14,0.08
22588,1.0,4.0,8.0,3,NULL,3,NULL,1.0
22589,0.71,4.67,4.67,5,3,NULL,0.75,NULL
22591,0.22,1.0,4.0,2,NULL,1,NULL,0.25
22592,0.13,1.14,0.86,2,1,NULL,0.09,NULL
22594,0.13,1.0,1.0,1,1,NULL,0.33,NULL
22596,0.33,1.5,2.0,1,NULL,NULL,NULL,NULL
22597,0.0,0.33,0,NULL,NULL,NULL,NULL,NULL
22598,0.4,1.0,1.0,2,1,NULL,0.33,NULL
22600,0.33,0.5,1.0,1,1,NULL,0.33,NULL
22602,0.2,1.4,0.2,1,NULL,NULL,NULL,NULL
22603,0.34,1.77,1.37,14,3,NULL,0.23,NULL
22606,0.0,5.0,0,NULL,NULL,NULL,NULL,NULL
22610,0.57,4.04,3.08,30,NULL,NULL,NULL,NULL
22611,0.83,2.43,2.57,5,NULL,NULL,NULL,NULL
22613,0.0,0.25,0,NULL,NULL,NULL,NULL,NULL
22614,0.4,2.14,0.86,2,NULL,NULL,NULL,NULL
22616,0.36,2.36,1.36,13,NULL,NULL,NULL,NULL
22617,0.62,3.61,2.25,48,NULL,NULL,NULL,NULL
22618,1.0,2.0,0.0,1,1,NULL,1.0,NULL
22619,0.4,2.89,0.83,10,NULL,NULL,NULL,NULL
22620,0.24,3.66,0.79,10,NULL,NULL,NULL,NULL
22621,1.0,1.67,1.33,1,NULL,NULL,NULL,NULL
22623,0.67,2.75,1.5,2,NULL,NULL,NULL,NULL
22624,0.67,2.8,1.6,2,NULL,NULL,NULL,NULL
22625,0.6,2.25,0.88,3,NULL,NULL,NULL,NULL
22626,0.08,1.86,0.14,2,NULL,NULL,NULL,NULL
22628,1.0,2.25,1.0,1,NULL,NULL,NULL,NULL
22629,1.0,2.0,4.0,1,NULL,NULL,NULL,NULL
22630,0.67,2.5,4.0,2,NULL,NULL,NULL,NULL
22631,0.76,3.13,2.46,32,NULL,NULL,NULL,NULL
22633,0.0,0,0,NULL,NULL,NULL,NULL,NULL
22634,1.0,5.0,6.0,2,NULL,NULL,NULL,NULL
22635,0.16,2.97,0.62,5,NULL,NULL,NULL,NULL
22636,0.62,2.97,3.62,32,NULL,NULL,NULL,NULL
22637,0.6,2.13,0.5,3,NULL,NULL,NULL,NULL
22638,0.62,3.03,3.55,40,NULL,NULL,NULL,NULL
22639,0.47,2.39,1.91,16,NULL,NULL,NULL,NULL
22640,1.0,2.0,0.67,1,NULL,NULL,NULL,NULL
22641,0.92,2.2,1.52,12,NULL,NULL,NULL,NULL
22642,0.33,3.7,1.2,7,NULL,NULL,NULL,NULL
22646,0.71,2.29,1.71,12,NULL,NULL,NULL,NULL
22650,0.0,3.0,0,NULL,NULL,NULL,NULL,NULL
22651,1.0,2.0,4.0,1,NULL,NULL,NULL,NULL
22653,0.0,0,0,NULL,NULL,NULL,NULL,NULL
22660,0.62,3.4,4.37,39,NULL,NULL,NULL,NULL
22661,0.86,3.31,2.33,44,NULL,NULL,NULL,NULL
22662,0.6,2.17,1.5,3,NULL,NULL,NULL,NULL
22663,1.0,1.0,1.0,1,NULL,NULL,NULL,NULL
22664,0.0,1.5,0,NULL,NULL,NULL,NULL,NULL
22665,0.5,3.0,3.0,2,NULL,NULL,NULL,NULL
22666,0.25,2.0,1.0,1,NULL,NULL,NULL,NULL
22668,0.33,2.0,2.0,1,NULL,NULL,NULL,NULL
22669,0.0,0.8,0,NULL,NULL,NULL,NULL,NULL
22670,0.5,2.0,2.0,1,NULL,NULL,NULL,NULL
22672,0.0,0.33,0,NULL,NULL,NULL,NULL,NULL
22674,0.17,0.25,1.0,1,NULL,NULL,NULL,NULL
22675,0.5,3.5,4.0,2,NULL,NULL,NULL,NULL
22676,0.6,3.25,1.0,3,NULL,NULL,NULL,NULL
22677,0.55,2.79,1.61,35,NULL,NULL,NULL,NULL
22679,0.0,1.5,0,NULL,NULL,NULL,NULL,NULL
22681,0.59,2.3,2.09,36,NULL,NULL,NULL,NULL
22684,0.0,1.5,0,NULL,NULL,NULL,NULL,NULL
22685,0.0,3.0,0,NULL,NULL,NULL,NULL,NULL
22686,0.0,0,0,NULL,NULL,NULL,NULL,NULL
22687,0.48,3.86,1.33,19,NULL,NULL,NULL,NULL
22688,0.6,2.9,1.23,15,NULL,NULL,NULL,NULL
22689,0.33,0.5,1.0,1,NULL,NULL,NULL,NULL
22691,0.41,3.59,1.28,11,NULL,NULL,NULL,NULL
22692,0.58,1.5,1.71,7,NULL,NULL,NULL,NULL
22693,0.33,1.0,0.33,1,NULL,NULL,NULL,NULL
22694,0.0,1.5,0,NULL,NULL,NULL,NULL,NULL
22695,0.0,1.0,0,NULL,NULL,NULL,NULL,NULL
22702,0.78,3.73,1.32,18,NULL,NULL,NULL,NULL
22703,0.15,4.13,1.0,4,NULL,NULL,NULL,NULL
22705,0.0,1.8,0,NULL,NULL,NULL,NULL,NULL
22706,0.38,3.2,1.8,5,NULL,NULL,NULL,NULL
22707,0.33,0.33,1.33,1,NULL,NULL,NULL,NULL
22709,0.0,1.71,0,NULL,NULL,NULL,NULL,NULL
22710,0.38,1.75,1.25,3,NULL,NULL,NULL,NULL
22712,1.0,0.5,2.0,1,NULL,NULL,NULL,NULL
22713,0.25,1.21,0.0,1,NULL,NULL,NULL,NULL
22714,0.0,0.71,0,NULL,NULL,NULL,NULL,NULL
22715,0.5,2.71,2.0,5,NULL,NULL,NULL,NULL
22718,0.0,2.29,0,NULL,NULL,NULL,NULL,NULL
22719,0.38,2.84,0.22,3,NULL,NULL,NULL,NULL
22720,0.0,0.5,0,NULL,NULL,NULL,NULL,NULL
22721,0.5,1.0,1.0,1,NULL,NULL,NULL,NULL
22722,0.0,1.5,0,NULL,NULL,NULL,NULL,NULL
22723,0.57,2.0,1.71,4,NULL,NULL,NULL,NULL
22724,0.0,3.0,0,NULL,NULL,NULL,NULL,NULL
22725,0.69,2.82,2.22,31,NULL,NULL,NULL,NULL
22726,0.0,1.5,0,NULL,NULL,NULL,NULL,NULL
22727,0.5,3.5,2.0,2,1,NULL,0.5,NULL
22728,0.1,1.5,1.5,2,NULL,1,NULL,0.25
22731,0.0,3.0,0,NULL,NULL,NULL,NULL,NULL
22735,0.33,4.0,3.0,2,2,NULL,0.5,NULL
22743,0.2,4.0,4.0,1,NULL,NULL,NULL,NULL
22747,0.8,5.0,8.0,4,3,1,0.75,1.0
22749,0.5,4.5,3.0,3,1,2,0.5,0.5
22751,0.35,2.56,1.66,29,1,NULL,0.17,NULL
22753,0.0,3.5,0,NULL,NULL,NULL,NULL,NULL
22754,0.08,1.0,1.0,1,NULL,1,NULL,0.33
22756,1.0,3.0,2.0,1,1,NULL,1.0,NULL
22764,1.0,2.0,2.0,1,NULL,NULL,NULL,NULL
22765,0.2,4.0,2.0,1,NULL,NULL,NULL,NULL
22766,1.0,2.0,2.0,1,1,NULL,1.0,NULL
22767,0.0,2.0,0,NULL,NULL,NULL,NULL,NULL
22768,0.5,3.0,4.0,2,2,NULL,0.67,NULL
22775,0.0,1.0,0,NULL,NULL,NULL,NULL,NULL
22777,0.5,2.0,2.0,1,NULL,1,NULL,0.5
22787,0.0,1.0,0,NULL,NULL,NULL,NULL,NULL
23089,0.0,0,0,NULL,NULL,NULL,NULL,NULL
23099,0.5,2.25,1.0,1,NULL,NULL,NULL,NULL
23118,0.0,1.0,0,NULL,NULL,NULL,NULL,NULL
23123,0.5,3.71,1.71,6,2,NULL,0.5,NULL
23124,0.1,2.67,1.33,2,1,NULL,0.06,NULL
23127,0.0,2.0,0,NULL,NULL,NULL,NULL,NULL
23128,0.2,2.0,0.67,1,NULL,NULL,NULL,NULL
23131,0.0,5.0,0,NULL,NULL,NULL,NULL,NULL
23134,0.33,3.5,2.0,2,1,NULL,0.33,NULL
23135,0.2,1.0,2.0,1,NULL,1,NULL,1.0
23136,0.0,0,0,NULL,NULL,NULL,NULL,NULL
23137,0.29,3.5,4.0,6,2,1,0.13,1.0
23138,0.0,2.0,0,NULL,NULL,NULL,NULL,NULL
23140,0.0,0,0,NULL,NULL,NULL,NULL,NULL
23144,0.5,2.0,2.0,1,1,NULL,1.0,NULL
23147,0.25,2.0,2.0,2,2,NULL,0.33,NULL
23148,0.56,3.5,5.0,5,2,1,0.5,1.0
23149,0.0,1.0,0,NULL,NULL,NULL,NULL,NULL
23151,0.21,1.93,1.14,7,2,2,0.13,0.15
23152,0.04,1.67,1.33,1,NULL,NULL,NULL,NULL
23154,0.0,0,0,NULL,NULL,NULL,NULL,NULL
23157,0.67,4.5,3.0,6,5,1,0.83,0.5
23169,0.0,0,0,NULL,NULL,NULL,NULL,NULL
23170,0.0,2.0,0,NULL,NULL,NULL,NULL,NULL
23174,0.5,1.0,2.0,1,1,NULL,0.5,NULL
23177,0.2,4.0,4.0,1,1,NULL,0.33,NULL
23179,0.0,0,0,NULL,NULL,NULL,NULL,NULL
23182,1.0,2.0,4.0,1,NULL,NULL,NULL,NULL
23192,0.0,4.0,0,NULL,NULL,NULL,NULL,NULL
23193,1.0,2.0,4.0,1,1,NULL,1.0,NULL
23196,0.0,8.0,0,NULL,NULL,NULL,NULL,NULL
23199,0.0,0.33,0,NULL,NULL,NULL,NULL,NULL
23200,0.0,1.0,0,NULL,NULL,NULL,NULL,NULL
23201,0.09,1.71,0.57,1,NULL,NULL,NULL,NULL
23202,0.0,1.0,0,NULL,NULL,NULL,NULL,NULL
23204,0.29,2.0,3.0,2,NULL,NULL,NULL,NULL
23210,0.0,0,0,NULL,NULL,NULL,NULL,NULL
23212,0.58,2.76,2.24,18,NULL,NULL,NULL,NULL
23216,1.0,1.75,1.0,1,NULL,NULL,NULL,NULL
23223,0.64,3.18,2.29,16,NULL,NULL,NULL,NULL
23224,0.5,1.5,1.0,1,NULL,NULL,NULL,NULL
23225,0.0,0.5,0,NULL,NULL,NULL,NULL,NULL
23228,0.5,1.0,4.0,1,NULL,NULL,NULL,NULL
23231,0.0,0,0,NULL,NULL,NULL,NULL,NULL
23239,0.3,2.13,1.0,3,NULL,NULL,NULL,NULL
23240,0.0,0,0,NULL,NULL,NULL,NULL,NULL
23242,0.11,1.5,1.0,1,1,NULL,0.14,NULL
23250,0.5,3.0,1.0,1,NULL,NULL,NULL,NULL
23251,1.0,1.6,0.4,1,NULL,NULL,NULL,NULL
23252,1.0,1.0,2.0,1,NULL,NULL,NULL,NULL
23280,0.25,2.0,2.0,1,1,NULL,0.33,NULL
23281,0.0,1.0,0,NULL,NULL,NULL,NULL,NULL
23282,0.0,0,0,NULL,NULL,NULL,NULL,NULL
23283,0.4,5.0,4.0,2,2,NULL,0.4,NULL
23288,0.5,1.0,2.0,1,NULL,NULL,NULL,NULL
23294,0.13,1.0,2.0,1,NULL,NULL,NULL,NULL
23295,0.0,5.0,0,NULL,NULL,NULL,NULL,NULL
23296,0.0,1.0,0,NULL,NULL,NULL,NULL,NULL
23297,0.41,3.54,2.39,38,10,5,0.25,0.5
23298,0.0,1.0,0,NULL,NULL,NULL,NULL,NULL
23299,0.0,1.0,0,NULL,NULL,NULL,NULL,NULL
23300,0.2,2.4,1.6,3,1,2,0.17,0.25
23301,0.82,3.2,5.2,9,4,3,0.67,1.0
23303,0.69,3.5,3.67,9,7,NULL,0.7,NULL
23304,0.0,0,0,NULL,NULL,NULL,NULL,NULL
23305,0.21,3.0,3.0,3,2,NULL,0.18,NULL
23316,0.07,3.0,0.67,1,NULL,1,NULL,0.33
23317,0.5,3.0,4.0,1,1,NULL,1.0,NULL
23319,0.3,3.71,4.29,13,2,8,0.13,0.36
23320,0.0,5.0,0,NULL,NULL,NULL,NULL,NULL
23321,0.38,1.33,2.0,3,2,NULL,0.33,NULL
23323,0.0,0,0,NULL,NULL,NULL,NULL,NULL
23327,0.53,3.06,2.78,23,14,7,0.54,0.47
23328,0.17,2.5,0.0,1,NULL,NULL,NULL,NULL
23329,0.28,3.14,2.82,29,20,6,0.26,0.55
23332,0.67,3.75,2.5,6,NULL,3,NULL,1.0
23339,0.0,0,0,NULL,NULL,NULL,NULL,NULL
23340,1.0,1.75,1.0,1,NULL,NULL,NULL,NULL
23341,1.0,1.0,0.67,1,NULL,NULL,NULL,NULL
23342,0.5,4.0,4.0,1,NULL,NULL,NULL,NULL
23344,0.0,0.5,0,NULL,NULL,NULL,NULL,NULL
23345,0.0,1.0,0,NULL,NULL,NULL,NULL,NULL
23348,0.0,1.0,0,NULL,NULL,NULL,NULL,NULL
23350,0.25,1.0,0.0,1,NULL,NULL,NULL,NULL
23356,0.0,0,0,NULL,NULL,NULL,NULL,NULL
23357,0.0,0.33,0,NULL,NULL,NULL,NULL,NULL
23358,1.0,2.2,0.8,1,NULL,NULL,NULL,NULL
23362,0.2,1.6,0.8,1,NULL,NULL,NULL,NULL
23364,0.0,1.0,0,NULL,NULL,NULL,NULL,NULL
23366,1.0,2.0,2.0,1,NULL,NULL,NULL,NULL
23367,0.0,0.5,0,NULL,NULL,NULL,NULL,NULL
23368,0.25,2.0,2.0,1,NULL,NULL,NULL,NULL
23372,0.0,2.75,0,NULL,NULL,NULL,NULL,NULL
23373,0.4,3.13,1.25,10,NULL,NULL,NULL,NULL
23377,0.33,1.67,0.33,1,NULL,NULL,NULL,NULL
23378,0.0,0,0,NULL,NULL,NULL,NULL,NULL
23379,0.0,2.0,0,NULL,NULL,NULL,NULL,NULL
23380,0.45,3.36,2.64,10,NULL,NULL,NULL,NULL
23381,0.0,2.5,0,NULL,NULL,NULL,NULL,NULL
23382,0.0,0,0,NULL,NULL,NULL,NULL,NULL
23386,0.0,0.33,0,NULL,NULL,NULL,NULL,NULL
23388,0.47,2.5,0.39,7,NULL,NULL,NULL,NULL
23389,0.25,2.33,0.67,3,NULL,NULL,NULL,NULL
23393,0.0,0,0,NULL,NULL,NULL,NULL,NULL
23400,0.0,3.0,0,NULL,NULL,NULL,NULL,NULL
23401,0.67,5.0,4.0,2,2,NULL,1.0,NULL
23403,0.0,1.0,0,NULL,NULL,NULL,NULL,NULL
23407,0.2,2.0,2.0,1,1,NULL,0.33,NULL
23412,0.5,2.83,1.83,12,3,2,0.38,0.29
23413,0.31,3.71,1.43,5,2,2,0.2,0.4
23414,0.0,3.0,0,NULL,NULL,NULL,NULL,NULL
23415,0.32,3.55,3.45,28,3,5,0.09,0.42
23417,0.5,3.0,8.0,2,NULL,NULL,NULL,NULL
23419,1.0,2.0,2.0,1,NULL,NULL,NULL,NULL
23420,0.67,2.67,2.0,2,1,NULL,0.5,NULL
23424,0.0,0.5,0,NULL,NULL,NULL,NULL,NULL
23428,0.33,2.0,2.0,1,NULL,NULL,NULL,NULL
23429,0.0,3.0,0,NULL,NULL,NULL,NULL,NULL
23433,0.5,3.0,2.0,1,NULL,1,NULL,0.5
23439,0.67,7.0,4.0,2,1,1,0.5,1.0
23443,0.5,2.5,1.0,1,NULL,NULL,NULL,NULL
23446,0.67,1.5,2.0,2,1,NULL,0.5,NULL
23447,0.0,0,0,NULL,NULL,NULL,NULL,NULL
23451,0.53,3.46,2.0,10,3,2,0.33,0.5
23452,0.13,6.0,2.0,1,NULL,1,NULL,0.33
23453,0.33,2.0,4.0,3,3,NULL,0.6,NULL
23454,0.29,1.5,2.0,2,2,NULL,0.4,NULL
23455,0.44,3.0,4.0,4,3,NULL,0.43,NULL
23457,0.0,0,0,NULL,NULL,NULL,NULL,NULL
23461,0.67,2.0,4.0,2,NULL,NULL,NULL,NULL
23462,0.25,1.5,2.0,1,NULL,NULL,NULL,NULL
23463,1.0,3.0,2.0,1,NULL,NULL,NULL,NULL
23464,0.8,3.0,2.67,4,NULL,NULL,NULL,NULL
23465,1.0,6.0,4.0,1,NULL,NULL,NULL,NULL
23467,1.0,3.0,8.0,2,NULL,NULL,NULL,NULL
23468,1.0,3.0,8.0,2,NULL,NULL,NULL,NULL
23469,0.0,1.0,0,NULL,NULL,NULL,NULL,NULL
23471,0.33,3.71,2.0,4,NULL,NULL,NULL,NULL
23473,0.67,2.75,1.5,2,NULL,NULL,NULL,NULL
23475,0.67,3.79,1.39,22,NULL,NULL,NULL,NULL
23476,0.0,0,0,NULL,NULL,NULL,NULL,NULL
23479,0.6,3.0,4.0,6,NULL,NULL,NULL,NULL
23480,0.43,2.67,1.67,3,NULL,NULL,NULL,NULL
23481,0.34,2.0,0.86,11,NULL,NULL,NULL,NULL
23483,0.0,0,0,NULL,NULL,NULL,NULL,NULL
23484,0.0,1.0,0,NULL,NULL,NULL,NULL,NULL
23486,0.33,2.0,1.0,1,NULL,NULL,NULL,NULL
23487,0.0,1.0,0,NULL,NULL,NULL,NULL,NULL
23494,1.0,5.0,2.0,1,1,NULL,1.0,NULL
23511,0.13,2.0,0.67,2,2,NULL,0.18,NULL
23513,0.6,6.0,6.0,3,1,2,0.5,1.0
23516,0.0,2.0,0,NULL,NULL,NULL,NULL,NULL
23517,0.0,0,0,NULL,NULL,NULL,NULL,NULL
23520,0.0,0,0,NULL,NULL,NULL,NULL,NULL
23522,0.0,1.0,0,NULL,NULL,NULL,NULL,NULL
23523,0.0,0,0,NULL,NULL,NULL,NULL,NULL
23525,0.0,1.0,0,NULL,NULL,NULL,NULL,NULL
23528,0.0,0.5,0,NULL,NULL,NULL,NULL,NULL
23529,0.22,3.0,4.0,2,2,NULL,0.22,NULL
23532,0.2,3.0,2.0,1,1,NULL,0.5,NULL
23538,0.0,0,0,NULL,NULL,NULL,NULL,NULL
23556,1.0,4.0,8.0,2,NULL,NULL,NULL,NULL
23560,0.0,0,0,NULL,NULL,NULL,NULL,NULL
23561,0.67,1.83,1.33,2,NULL,NULL,NULL,NULL
23563,0.5,4.0,2.0,1,NULL,NULL,NULL,NULL
23564,0.0,1.0,0,NULL,NULL,NULL,NULL,NULL
23565,1.0,1.75,2.0,2,NULL,NULL,NULL,NULL
23569,0.0,1.0,0,NULL,NULL,NULL,NULL,NULL
23574,0.0,0,0,NULL,NULL,NULL,NULL,NULL
23578,0.38,3.0,6.0,3,1,1,0.25,0.33
23579,0.17,2.0,1.0,2,2,NULL,0.22,NULL
23590,0.2,2.0,2.0,1,1,NULL,0.33,NULL
23592,0.0,0,0,NULL,NULL,NULL,NULL,NULL
23594,0.0,3.0,0,NULL,NULL,NULL,NULL,NULL
23603,0.0,0,0,NULL,NULL,NULL,NULL,NULL
23611,1.0,1.33,0.67,1,NULL,NULL,NULL,NULL
23612,0.5,2.5,1.0,1,NULL,NULL,NULL,NULL
23613,0.0,2.0,0,NULL,NULL,NULL,NULL,NULL
23614,1.0,3.75,1.0,2,NULL,NULL,NULL,NULL
23621,1.0,2.0,1.0,1,NULL,NULL,NULL,NULL
23622,0.5,2.0,0.5,1,NULL,NULL,NULL,NULL
23634,1.0,3.0,2.0,1,NULL,NULL,NULL,NULL
23639,0.0,1.0,0,NULL,NULL,NULL,NULL,NULL
23643,0.44,2.64,0.57,4,1,NULL,0.5,NULL
23644,0.0,0.5,0,NULL,NULL,NULL,NULL,NULL
23645,0.29,2.57,2.0,6,4,NULL,0.33,NULL
23646,0.14,0.67,0.67,1,1,NULL,0.25,NULL
23649,0.0,2.0,0,NULL,NULL,NULL,NULL,NULL
23651,0.22,3.0,2.0,2,NULL,1,NULL,0.33
23653,0.0,2.5,0,NULL,NULL,NULL,NULL,NULL
23656,0.35,2.28,1.25,22,10,6,0.32,0.38
23657,0.0,0.5,0,NULL,NULL,NULL,NULL,NULL
23660,1.0,2.0,1.33,2,NULL,NULL,NULL,NULL
23661,0.2,1.83,0.33,1,NULL,NULL,NULL,NULL
23662,0.55,3.04,1.42,11,NULL,NULL,NULL,NULL
23667,1.0,1.33,0.67,1,NULL,NULL,NULL,NULL
23669,0.5,2.5,3.0,2,NULL,NULL,NULL,NULL
23672,0.0,1.0,0,NULL,NULL,NULL,NULL,NULL
23674,0.33,1.0,1.5,2,NULL,NULL,NULL,NULL
23677,0.33,2.33,3.0,2,NULL,NULL,NULL,NULL
23679,0.33,1.0,2.0,1,NULL,NULL,NULL,NULL
23683,0.27,3.0,3.0,3,2,1,0.2,1.0
23691,1.0,2.0,2.0,1,1,NULL,1.0,NULL
23699,0.33,3.0,1.33,2,1,1,0.5,0.25
23700,0.0,0,0,NULL,NULL,NULL,NULL,NULL
23705,0.0,0.33,0,NULL,NULL,NULL,NULL,NULL
23708,0.13,2.0,2.0,1,1,NULL,0.13,NULL
23721,0.0,0,0,NULL,NULL,NULL,NULL,NULL
23726,0.0,2.0,0,NULL,NULL,NULL,NULL,NULL
23733,0.63,2.66,3.66,35,NULL,NULL,NULL,NULL
23735,0.5,1.5,1.0,1,NULL,NULL,NULL,NULL
23736,0.0,2.0,0,NULL,NULL,NULL,NULL,NULL
23741,0.0,0.75,0,NULL,NULL,NULL,NULL,NULL
23745,0.0,1.0,0,NULL,NULL,NULL,NULL,NULL
23754,0.0,2.0,0,NULL,NULL,NULL,NULL,NULL
23767,0.09,1.0,2.0,1,1,NULL,0.1,NULL
23786,0.0,0,0,NULL,NULL,NULL,NULL,NULL
23798,1.0,0.5,0.0,1,1,NULL,1.0,NULL
23850,0.0,0,0,NULL,NULL,NULL,NULL,NULL
23883,0.0,5.0,0,NULL,NULL,NULL,NULL,NULL
23892,1.0,1.5,1.0,1,NULL,NULL,NULL,NULL
23899,0.0,0,0,NULL,NULL,NULL,NULL,NULL
24003,0.5,2.33,1.33,2,2,NULL,0.67,NULL
24004,0.5,1.5,1.0,1,NULL,NULL,NULL,NULL
24005,0.1,2.0,0.67,1,1,NULL,0.11,NULL
24008,0.0,0,0,NULL,NULL,NULL,NULL,NULL
24010,0.35,4.33,2.0,8,2,NULL,0.2,NULL
24011,0.3,3.5,1.5,3,2,NULL,0.33,NULL
24012,0.5,8.0,4.0,2,2,NULL,0.5,NULL
24015,0.51,3.73,2.4,18,9,2,0.38,1.0
24016,0.0,0.5,0,NULL,NULL,NULL,NULL,NULL
24020,0.33,3.0,4.0,1,NULL,NULL,NULL,NULL
24021,0.5,1.0,4.0,1,NULL,NULL,NULL,NULL
24024,0.56,3.36,0.91,14,NULL,NULL,NULL,NULL
24029,0.33,1.4,0.4,1,NULL,NULL,NULL,NULL
24030,1.0,3.0,2.0,1,NULL,NULL,NULL,NULL
24033,0.5,1.25,1.0,1,NULL,NULL,NULL,NULL
24035,0.25,1.0,2.0,1,NULL,NULL,NULL,NULL
24047,1.0,6.0,6.0,3,2,NULL,1.0,NULL
24048,0.33,6.0,6.0,3,2,NULL,0.4,NULL
24108,0.25,1.5,3.0,2,NULL,NULL,NULL,NULL
24182,0.0,0,0,NULL,NULL,NULL,NULL,NULL
24236,0.0,1.0,0,NULL,NULL,NULL,NULL,NULL
24550,0.0,2.0,0,NULL,NULL,NULL,NULL,NULL
24568,0.0,0,0,NULL,NULL,NULL,NULL,NULL
24597,0.0,0,0,NULL,NULL,NULL,NULL,NULL
24624,1.0,2.0,0.0,1,NULL,NULL,NULL,NULL
24635,0.33,3.0,6.0,3,3,NULL,0.5,NULL
24645,0.0,0,0,NULL,NULL,NULL,NULL,NULL
24729,0.13,1.5,0.5,1,1,NULL,0.14,NULL
24732,0.11,1.0,1.0,1,1,NULL,0.14,NULL
24749,0.0,1.0,0,NULL,NULL,NULL,NULL,NULL
24774,0.0,1.0,0,NULL,NULL,NULL,NULL,NULL
24974,1.0,2.0,4.0,2,NULL,NULL,NULL,NULL
25055,0.79,3.92,3.46,15,NULL,NULL,NULL,NULL
25069,0.0,1.0,0,NULL,NULL,NULL,NULL,NULL
25071,0.29,2.0,4.0,2,1,1,0.5,0.25
25538,0.3,3.0,3.0,3,1,NULL,1.0,NULL
25539,0.19,1.6,1.0,3,1,NULL,0.17,NULL
25543,0.13,1.0,0.67,1,NULL,NULL,NULL,NULL
25547,0.45,5.11,4.67,20,11,3,0.39,0.6
25548,0.0,1.0,0,NULL,NULL,NULL,NULL,NULL
25553,1.0,3.0,2.0,2,NULL,NULL,NULL,NULL
25555,0.47,2.41,2.82,17,NULL,NULL,NULL,NULL
25558,0.33,1.0,2.0,1,NULL,NULL,NULL,NULL
25560,0.51,3.06,1.81,20,NULL,NULL,NULL,NULL
25561,0.0,2.0,0,NULL,NULL,NULL,NULL,NULL
25565,0.89,3.31,1.12,17,NULL,NULL,NULL,NULL
25571,0.0,1.0,0,NULL,NULL,NULL,NULL,NULL
25577,1.0,2.0,2.0,1,1,NULL,1.0,NULL
25579,0.6,4.0,4.0,3,NULL,NULL,NULL,NULL
25580,0.0,3.0,0,NULL,NULL,NULL,NULL,NULL
25615,0.5,4.0,4.0,1,NULL,NULL,NULL,NULL
25618,0.35,4.2,3.4,28,11,4,0.22,0.27
25619,0.4,2.0,1.33,2,1,1,0.33,0.5
25622,0.0,0,0,NULL,NULL,NULL,NULL,NULL
25624,0.5,2.0,2.0,1,NULL,NULL,NULL,NULL
25625,0.43,3.0,3.0,3,1,2,0.33,0.5
25626,0.0,1.33,0,NULL,NULL,NULL,NULL,NULL
25627,0.31,3.5,2.25,23,15,6,0.28,0.4
25633,0.0,1.5,0,NULL,NULL,NULL,NULL,NULL
25636,0.41,3.8,5.2,12,5,2,0.26,0.5
25637,0.0,1.0,0,NULL,NULL,NULL,NULL,NULL
25639,0.0,0,0,NULL,NULL,NULL,NULL,NULL
25641,0.0,0,0,NULL,NULL,NULL,NULL,NULL
25645,0.0,0,0,NULL,NULL,NULL,NULL,NULL
25646,0.4,3.0,4.0,2,NULL,1,NULL,1.0
25648,0.15,1.5,1.0,2,1,NULL,0.11,NULL
25649,0.0,2.0,0,NULL,NULL,NULL,NULL,NULL
25654,0.11,1.2,0.4,1,NULL,NULL,NULL,NULL
25655,0.56,3.28,3.68,28,NULL,NULL,NULL,NULL
25661,0.33,2.33,0.67,1,NULL,NULL,NULL,NULL
25662,0.0,1.0,0,NULL,NULL,NULL,NULL,NULL
25671,0.86,2.47,0.95,6,NULL,NULL,NULL,NULL
25672,0.85,2.7,3.7,28,NULL,NULL,NULL,NULL
25675,0.0,1.0,0,NULL,NULL,NULL,NULL,NULL
25677,0.57,1.16,0.74,4,NULL,NULL,NULL,NULL
25689,0.0,1.0,0,NULL,NULL,NULL,NULL,NULL
25691,0.0,1.0,0,NULL,NULL,NULL,NULL,NULL
25692,0.06,1.0,0.67,1,NULL,NULL,NULL,NULL
25716,0.2,2.0,0.8,1,NULL,NULL,NULL,NULL
25717,0.5,5.0,4.33,8,NULL,NULL,NULL,NULL
25718,0.0,3.0,0,NULL,NULL,NULL,NULL,NULL
25960,0.67,3.0,4.0,2,1,1,1.0,1.0
25967,0.0,0,0,NULL,NULL,NULL,NULL,NULL
25970,0.5,6.0,1.0,1,NULL,NULL,NULL,NULL
25971,1.0,4.0,1.0,3,3,NULL,1.0,NULL
25980,0.0,1.0,0,NULL,NULL,NULL,NULL,NULL
25999,1.0,3.0,4.0,1,NULL,NULL,NULL,NULL
26007,0.0,2.0,0,NULL,NULL,NULL,NULL,NULL
26008,0.0,6.0,0,NULL,NULL,NULL,NULL,NULL
26012,0.5,2.0,4.0,1,NULL,NULL,NULL,NULL
26017,0.67,6.0,6.0,2,2,NULL,1.0,NULL
26020,0.6,9.0,6.0,3,1,1,0.33,1.0
26024,0.83,7.0,10.0,5,1,3,1.0,1.0
26044,0.0,0,0,NULL,NULL,NULL,NULL,NULL
26058,0.0,0.5,0,NULL,NULL,NULL,NULL,NULL
26116,0.0,0,0,NULL,NULL,NULL,NULL,NULL
26126,0.0,2.0,0,NULL,NULL,NULL,NULL,NULL
26193,0.0,4.0,0,NULL,NULL,NULL,NULL,NULL
26216,0.0,0,0,NULL,NULL,NULL,NULL,NULL
26217,0.75,2.33,2.0,3,2,NULL,0.67,NULL
26218,0.2,2.0,2.0,1,NULL,NULL,NULL,NULL
26220,0.4,5.0,2.0,2,2,NULL,0.5,NULL
26223,0.33,4.0,4.0,1,NULL,NULL,NULL,NULL
26228,0.0,2.0,0,NULL,NULL,NULL,NULL,NULL
26231,0.0,2.0,0,NULL,NULL,NULL,NULL,NULL
26233,0.0,3.0,0,NULL,NULL,NULL,NULL,NULL
26241,0.0,0,0,NULL,NULL,NULL,NULL,NULL
26246,0.67,4.0,6.0,2,1,NULL,0.5,NULL
26254,0.0,1.0,0,NULL,NULL,NULL,NULL,NULL
26256,0.29,2.0,3.0,2,1,NULL,0.25,NULL
26262,0.25,3.5,1.0,1,NULL,NULL,NULL,NULL
26269,1.0,2.0,3.0,2,NULL,NULL,NULL,NULL
26271,0.5,1.5,0.5,1,NULL,NULL,NULL,NULL
26272,0.0,1.5,0,NULL,NULL,NULL,NULL,NULL
26273,0.0,1.67,0,NULL,NULL,NULL,NULL,NULL
26274,0.67,3.0,8.0,2,NULL,NULL,NULL,NULL
26282,0.67,3.0,3.0,2,NULL,NULL,NULL,NULL
26285,0.0,1.0,0,NULL,NULL,NULL,NULL,NULL
26291,1.0,6.5,1.0,1,NULL,NULL,NULL,NULL
26292,1.0,4.0,2.0,1,NULL,NULL,NULL,NULL
26294,0.0,1.0,0,NULL,NULL,NULL,NULL,NULL
26295,0.5,2.0,4.0,2,NULL,NULL,NULL,NULL
26298,1.0,3.0,4.0,1,NULL,NULL,NULL,NULL
26301,0.33,2.33,0.67,1,NULL,NULL,NULL,NULL
26313,0.0,1.0,0,NULL,NULL,NULL,NULL,NULL
26318,0.43,2.5,4.0,3,NULL,2,NULL,0.67
26321,0.0,1.0,0,NULL,NULL,NULL,NULL,NULL
26324,0.25,3.0,2.0,1,1,NULL,1.0,NULL
26326,0.33,4.0,2.0,1,NULL,1,NULL,0.5
26403,0.6,3.5,4.0,3,1,NULL,0.33,NULL
26408,0.5,3.0,6.0,2,1,NULL,0.33,NULL
26412,0.09,2.0,1.0,1,NULL,NULL,NULL,NULL
26417,0.33,3.0,1.0,1,NULL,NULL,NULL,NULL
26430,0.5,7.0,6.0,2,NULL,NULL,NULL,NULL
26465,0.13,2.0,1.0,2,2,NULL,0.22,NULL
26467,1.0,5.0,4.0,1,NULL,NULL,NULL,NULL
26485,0.67,5.0,6.0,2,1,NULL,0.5,NULL
26488,0.0,3.0,0,NULL,NULL,NULL,NULL,NULL
26562,0.0,0,0,NULL,NULL,NULL,NULL,NULL
26618,0.0,1.0,0,NULL,NULL,NULL,NULL,NULL
26660,1.0,4.0,8.0,3,NULL,NULL,NULL,NULL
26717,0.0,1.0,0,NULL,NULL,NULL,NULL,NULL
26759,1.0,5.0,2.0,1,1,NULL,1.0,NULL
26762,0.25,3.0,2.0,1,1,NULL,0.5,NULL
26781,0.0,1.5,0,NULL,NULL,NULL,NULL,NULL
26782,0.27,2.0,2.5,3,NULL,NULL,NULL,NULL
26790,0.5,2.0,2.0,1,NULL,NULL,NULL,NULL
26791,0.5,4.0,2.0,1,NULL,NULL,NULL,NULL
26798,0.0,0,0,NULL,NULL,NULL,NULL,NULL
26799,0.0,1.0,0,NULL,NULL,NULL,NULL,NULL
26806,0.0,0,0,NULL,NULL,NULL,NULL,NULL
26809,0.0,1.0,0,NULL,NULL,NULL,NULL,NULL
26812,0.0,0,0,NULL,NULL,NULL,NULL,NULL
26879,0.0,2.0,0,NULL,NULL,NULL,NULL,NULL
26883,0.0,2.5,0,NULL,NULL,NULL,NULL,NULL
26884,0.0,1.0,0,NULL,NULL,NULL,NULL,NULL
26886,0.0,2.0,0,NULL,NULL,NULL,NULL,NULL
26887,0.57,14.0,8.0,4,2,1,0.4,1.0
26890,0.0,0,0,NULL,NULL,NULL,NULL,NULL
26893,0.0,0,0,NULL,NULL,NULL,NULL,NULL
26904,0.2,1.0,2.0,1,1,NULL,0.33,NULL
26915,0.0,2.0,0,NULL,NULL,NULL,NULL,NULL
26935,0.0,0,0,NULL,NULL,NULL,NULL,NULL
26961,0.0,2.0,0,NULL,NULL,NULL,NULL,NULL
26962,1.0,4.0,8.0,2,NULL,2,NULL,1.0
26973,0.33,6.0,10.0,4,2,NULL,0.22,NULL
26974,0.0,1.0,0,NULL,NULL,NULL,NULL,NULL
26976,0.08,1.2,0.4,1,NULL,1,NULL,0.5
26983,1.0,3.0,2.0,1,NULL,NULL,NULL,NULL
26986,0.17,4.0,2.0,1,NULL,NULL,NULL,NULL
26988,0.5,1.0,2.0,1,NULL,NULL,NULL,NULL
26989,0.27,3.5,3.0,3,1,NULL,0.33,NULL
26990,0.25,0.5,2.0,1,NULL,NULL,NULL,NULL
26998,0.15,2.0,4.0,2,1,NULL,0.09,NULL
27004,0.0,0.5,0,NULL,NULL,NULL,NULL,NULL
27011,0.33,1.5,0.5,1,1,NULL,0.33,NULL
27016,0.6,6.0,6.0,3,1,1,0.33,1.0
27018,1.0,1.0,4.0,1,NULL,NULL,NULL,NULL
27022,0.0,3.0,0,NULL,NULL,NULL,NULL,NULL
27024,0.0,0,0,NULL,NULL,NULL,NULL,NULL
27032,0.33,1.67,0.67,1,NULL,NULL,NULL,NULL
27036,0.0,1.4,0,NULL,NULL,NULL,NULL,NULL
27037,0.33,1.0,2.0,1,NULL,NULL,NULL,NULL
27064,0.67,4.0,8.0,2,NULL,NULL,NULL,NULL
27066,1.0,2.5,1.0,1,NULL,NULL,NULL,NULL
27087,0.11,3.0,5.0,1,NULL,NULL,NULL,NULL
27115,0.25,2.0,2.0,1,1,NULL,0.25,NULL
27122,0.0,0.5,0,NULL,NULL,NULL,NULL,NULL
27126,0.0,1.0,0,NULL,NULL,NULL,NULL,NULL
27128,1.0,2.0,2.0,1,NULL,NULL,NULL,NULL
27143,0.0,1.0,0,NULL,NULL,NULL,NULL,NULL
27147,0.0,1.0,0,NULL,NULL,NULL,NULL,NULL
27156,0.0,0,0,NULL,NULL,NULL,NULL,NULL
27161,0.8,2.8,0.8,4,NULL,NULL,NULL,NULL
27164,0.0,0,0,NULL,NULL,NULL,NULL,NULL
27204,0.33,3.0,4.0,1,NULL,NULL,NULL,NULL
27206,0.3,1.67,3.33,3,NULL,NULL,NULL,NULL
27207,0.67,3.0,2.0,2,NULL,NULL,NULL,NULL
27223,0.0,1.0,0,NULL,NULL,NULL,NULL,NULL
27235,1.0,3.5,4.0,3,NULL,NULL,NULL,NULL
27238,0.0,0.75,0,NULL,NULL,NULL,NULL,NULL
27347,0.0,0,0,NULL,NULL,NULL,NULL,NULL
27391,0.0,0,0,NULL,NULL,NULL,NULL,NULL
27396,0.25,1.0,2.0,1,NULL,1,NULL,1.0
27422,1.0,1.0,2.0,1,1,NULL,1.0,NULL
27425,0.0,0.67,0,NULL,NULL,NULL,NULL,NULL
27427,0.38,3.67,1.67,3,NULL,NULL,NULL,NULL
27435,0.67,3.5,2.0,2,NULL,NULL,NULL,NULL
27447,0.0,4.0,0,NULL,NULL,NULL,NULL,NULL
27453,0.0,2.5,0,NULL,NULL,NULL,NULL,NULL
27479,1.0,2.25,1.0,2,NULL,NULL,NULL,NULL
27482,1.0,1.0,1.0,1,1,NULL,1.0,NULL
27495,0.0,1.5,0,NULL,NULL,NULL,NULL,NULL
27500,0.0,2.5,0,NULL,NULL,NULL,NULL,NULL
27507,1.0,2.0,4.0,1,NULL,NULL,NULL,NULL
27510,0.0,4.0,0,NULL,NULL,NULL,NULL,NULL
27512,0.43,4.67,1.67,3,NULL,NULL,NULL,NULL
27522,0.0,3.0,0,NULL,NULL,NULL,NULL,NULL
27524,0.29,4.0,2.0,2,2,NULL,0.33,NULL
27536,0.0,2.0,0,NULL,NULL,NULL,NULL,NULL
27537,0.22,2.0,4.0,2,NULL,1,NULL,1.0
27540,0.5,3.0,3.0,2,NULL,2,NULL,0.67
27541,0.0,0,0,NULL,NULL,NULL,NULL,NULL
27547,0.0,2.0,0,NULL,NULL,NULL,NULL,NULL
27548,0.0,5.0,0,NULL,NULL,NULL,NULL,NULL
27549,0.25,5.0,2.0,1,1,NULL,0.25,NULL
27555,0.0,2.0,0,NULL,NULL,NULL,NULL,NULL
27621,0.0,1.0,0,NULL,NULL,NULL,NULL,NULL
27681,0.33,5.0,4.0,1,NULL,NULL,NULL,NULL
27727,0.0,1.0,0,NULL,NULL,NULL,NULL,NULL
27832,0.67,1.33,2.67,2,NULL,NULL,NULL,NULL
27835,0.0,0,0,NULL,NULL,NULL,NULL,NULL
27837,0.0,0,0,NULL,NULL,NULL,NULL,NULL
27841,0.0,0,0,NULL,NULL,NULL,NULL,NULL
27868,0.0,0,0,NULL,NULL,NULL,NULL,NULL
27869,0.0,0,0,NULL,NULL,NULL,NULL,NULL
27911,0.0,0,0,NULL,NULL,NULL,NULL,NULL
27914,0.0,1.0,0,NULL,NULL,NULL,NULL,NULL
27919,0.33,3.0,2.0,1,NULL,NULL,NULL,NULL
27921,0.5,5.0,4.0,1,NULL,NULL,NULL,NULL
27922,0.0,0,0,NULL,NULL,NULL,NULL,NULL
27927,0.33,3.0,4.0,1,NULL,NULL,NULL,NULL
27928,1.0,1.0,2.0,1,NULL,NULL,NULL,NULL
27932,0.0,1.0,0,NULL,NULL,NULL,NULL,NULL
27938,0.0,1.5,0,NULL,NULL,NULL,NULL,NULL
27954,0.0,1.0,0,NULL,NULL,NULL,NULL,NULL
27959,0.0,0,0,NULL,NULL,NULL,NULL,NULL
27961,0.0,0,0,NULL,NULL,NULL,NULL,NULL
27971,0.0,1.0,0,NULL,NULL,NULL,NULL,NULL
27976,0.0,6.0,0,NULL,NULL,NULL,NULL,NULL
27978,0.5,5.0,4.0,2,NULL,NULL,NULL,NULL
27979,0.0,0,0,NULL,NULL,NULL,NULL,NULL
27984,0.0,0,0,NULL,NULL,NULL,NULL,NULL
27989,0.0,0,0,NULL,NULL,NULL,NULL,NULL
27997,0.0,0,0,NULL,NULL,NULL,NULL,NULL
27999,0.29,2.0,2.0,2,1,NULL,0.33,NULL
28000,0.5,3.0,2.0,1,NULL,NULL,NULL,NULL
28005,1.0,1.0,2.0,1,1,NULL,1.0,NULL
28006,0.0,0,0,NULL,NULL,NULL,NULL,NULL
28008,0.0,0,0,NULL,NULL,NULL,NULL,NULL
28013,0.11,1.53,0.47,4,2,2,0.14,0.11
28015,0.33,1.8,0.8,1,NULL,NULL,NULL,NULL
28021,0.5,3.0,3.0,2,NULL,NULL,NULL,NULL
28031,0.5,2.67,0.0,1,NULL,NULL,NULL,NULL
28032,0.5,1.75,0.5,1,NULL,NULL,NULL,NULL
28038,1.0,3.5,3.0,2,NULL,NULL,NULL,NULL
28041,0.0,0,0,NULL,NULL,NULL,NULL,NULL
28043,0.0,0,0,NULL,NULL,NULL,NULL,NULL
28046,0.0,1.0,0,NULL,NULL,NULL,NULL,NULL
28049,0.0,4.0,0,NULL,NULL,NULL,NULL,NULL
28052,0.0,2.0,0,NULL,NULL,NULL,NULL,NULL
28054,0.5,2.5,3.0,2,NULL,NULL,NULL,NULL
28055,0.0,0.67,0,NULL,NULL,NULL,NULL,NULL
28058,0.0,2.0,0,NULL,NULL,NULL,NULL,NULL
28060,0.0,0,0,NULL,NULL,NULL,NULL,NULL
28064,0.33,1.25,2.0,2,NULL,NULL,NULL,NULL
28065,0.5,3.5,2.0,1,NULL,NULL,NULL,NULL
28089,0.4,5.0,4.0,2,1,NULL,0.5,NULL
28092,0.0,3.0,0,NULL,NULL,NULL,NULL,NULL
28134,0.0,0,0,NULL,NULL,NULL,NULL,NULL
28158,0.0,0,0,NULL,NULL,NULL,NULL,NULL
28184,1.0,4.0,1.0,1,1,NULL,1.0,NULL
28196,0.0,2.0,0,NULL,NULL,NULL,NULL,NULL
28201,0.25,1.33,1.67,3,1,1,0.13,1.0
28205,0.0,2.0,0,NULL,NULL,NULL,NULL,NULL
28218,1.0,1.67,0.67,1,NULL,NULL,NULL,NULL
28226,0.5,2.0,8.0,2,NULL,NULL,NULL,NULL
28229,0.67,4.0,4.0,2,1,1,0.5,1.0
28233,0.21,1.0,1.5,3,1,2,0.1,0.67
28234,0.1,1.0,0.5,1,1,NULL,0.11,NULL
28252,0.75,7.0,6.0,3,1,NULL,1.0,NULL
28257,0.0,1.0,0,NULL,NULL,NULL,NULL,NULL
28264,1.0,3.0,4.0,2,NULL,NULL,NULL,NULL
28273,0.0,0.33,0,NULL,NULL,NULL,NULL,NULL
28276,0.0,1.0,0,NULL,NULL,NULL,NULL,NULL
28277,1.0,3.25,4.0,4,NULL,NULL,NULL,NULL
28280,0.5,1.57,0.57,1,NULL,NULL,NULL,NULL
28290,0.12,2.75,1.5,2,2,NULL,0.18,NULL
28291,0.33,2.0,2.0,1,1,NULL,1.0,NULL
28310,0.0,2.0,0,NULL,NULL,NULL,NULL,NULL
28319,0.0,0,0,NULL,NULL,NULL,NULL,NULL
28323,0.33,1.0,0.0,1,1,NULL,0.33,NULL
28341,0.5,1.33,1.33,1,NULL,NULL,NULL,NULL
28360,0.44,4.5,8.0,7,5,NULL,0.5,NULL
28361,0.11,5.0,1.0,1,NULL,1,NULL,0.25
28362,0.14,3.5,2.0,2,1,NULL,0.17,NULL
28363,0.21,4.0,3.0,3,2,NULL,0.15,NULL
28367,0.14,3.0,4.0,1,NULL,1,NULL,1.0
28370,0.0,2.0,0,NULL,NULL,NULL,NULL,NULL
28373,0.0,0,0,NULL,NULL,NULL,NULL,NULL
28380,0.38,4.0,8.0,3,2,1,0.29,1.0
28412,1.0,0.67,1.33,1,NULL,NULL,NULL,NULL
28420,0.0,0,0,NULL,NULL,NULL,NULL,NULL
28442,0.0,1.0,0,NULL,NULL,NULL,NULL,NULL
28443,0.0,2.5,0,NULL,NULL,NULL,NULL,NULL
28444,0.0,1.0,0,NULL,NULL,NULL,NULL,NULL
28461,0.0,0,0,NULL,NULL,NULL,NULL,NULL
28751,0.0,0,0,NULL,NULL,NULL,NULL,NULL
28759,1.0,6.0,8.0,3,1,NULL,1.0,NULL
28765,0.63,5.5,5.0,5,3,1,0.5,1.0
28767,1.0,3.0,2.0,1,NULL,NULL,NULL,NULL
28773,1.0,4.0,4.0,1,NULL,NULL,NULL,NULL
28775,0.0,5.0,0,NULL,NULL,NULL,NULL,NULL
28782,0.0,2.0,0,NULL,NULL,NULL,NULL,NULL
28790,0.0,0,0,NULL,NULL,NULL,NULL,NULL
28799,0.33,4.0,6.0,2,1,NULL,0.2,NULL
28802,0.25,3.0,2.0,1,1,NULL,0.33,NULL
28804,0.08,1.5,1.0,1,1,NULL,0.08,NULL
28808,0.0,0,0,NULL,NULL,NULL,NULL,NULL
28817,0.38,6.0,6.0,3,NULL,1,NULL,0.5
28822,1.0,1.0,4.0,1,NULL,NULL,NULL,NULL
28832,0.0,0,0,NULL,NULL,NULL,NULL,NULL
28833,0.0,3.5,0,NULL,NULL,NULL,NULL,NULL
28842,0.67,6.14,4.86,10,NULL,NULL,NULL,NULL
28847,0.0,0,0,NULL,NULL,NULL,NULL,NULL
28853,0.33,1.0,4.0,1,NULL,NULL,NULL,NULL
28855,0.2,4.5,2.0,1,NULL,NULL,NULL,NULL
28857,0.5,1.0,1.0,1,NULL,NULL,NULL,NULL
28858,0.0,2.67,0,NULL,NULL,NULL,NULL,NULL
28860,0.0,0,0,NULL,NULL,NULL,NULL,NULL
28878,1.0,5.0,2.0,1,1,NULL,1.0,NULL
28889,1.0,3.0,4.0,1,NULL,NULL,NULL,NULL
28890,1.0,2.5,3.0,3,NULL,NULL,NULL,NULL
28891,0.0,0.5,0,NULL,NULL,NULL,NULL,NULL
28902,0.25,1.5,1.0,1,NULL,NULL,NULL,NULL
28903,1.0,2.0,2.0,1,NULL,NULL,NULL,NULL
28906,0.25,2.0,4.0,1,NULL,NULL,NULL,NULL
28907,1.0,2.0,2.67,2,NULL,NULL,NULL,NULL
28908,1.0,2.0,3.0,2,NULL,NULL,NULL,NULL
28916,0.0,1.0,0,NULL,NULL,NULL,NULL,NULL
28918,0.67,2.0,8.0,2,NULL,NULL,NULL,NULL
28920,0.38,2.5,4.0,3,2,NULL,0.33,NULL
28922,0.38,3.5,3.0,3,3,NULL,0.43,NULL
28934,0.09,1.0,1.33,1,1,NULL,0.1,NULL
28937,0.0,0,0,NULL,NULL,NULL,NULL,NULL
28939,0.67,4.0,2.0,2,1,1,0.5,1.0
28941,1.0,6.0,4.0,1,NULL,NULL,NULL,NULL
28949,0.0,2.0,0,NULL,NULL,NULL,NULL,NULL
28958,0.0,1.0,0,NULL,NULL,NULL,NULL,NULL
28970,0.25,2.33,0.67,1,NULL,NULL,NULL,NULL
28971,1.0,3.0,2.0,1,1,NULL,1.0,NULL
28975,0.0,0,0,NULL,NULL,NULL,NULL,NULL
28989,0.0,0,0,NULL,NULL,NULL,NULL,NULL
28993,0.0,2.0,0,NULL,NULL,NULL,NULL,NULL
28995,0.5,2.67,1.33,1,NULL,NULL,NULL,NULL
29001,0.0,0.5,0,NULL,NULL,NULL,NULL,NULL
29017,0.0,4.0,0,NULL,NULL,NULL,NULL,NULL
29022,0.0,0,0,NULL,NULL,NULL,NULL,NULL
29029,0.67,3.0,8.0,2,NULL,NULL,NULL,NULL
29030,0.0,1.67,0,NULL,NULL,NULL,NULL,NULL
29034,0.0,0,0,NULL,NULL,NULL,NULL,NULL
29035,0.0,1.25,0,NULL,NULL,NULL,NULL,NULL
29039,0.0,4.0,0,NULL,NULL,NULL,NULL,NULL
29140,0.5,3.0,4.0,1,1,NULL,0.5,NULL
29142,0.5,1.0,2.0,1,1,NULL,0.5,NULL
29145,0.0,0,0,NULL,NULL,NULL,NULL,NULL
29151,0.0,0,0,NULL,NULL,NULL,NULL,NULL
29152,0.13,1.5,1.0,1,NULL,NULL,NULL,NULL
29157,0.0,1.0,0,NULL,NULL,NULL,NULL,NULL
29158,0.0,0,0,NULL,NULL,NULL,NULL,NULL
29161,0.5,3.0,4.0,1,NULL,NULL,NULL,NULL
29183,0.0,0,0,NULL,NULL,NULL,NULL,NULL
29187,1.0,1.5,1.0,2,1,1,1.0,1.0
29189,0.25,1.0,2.0,1,1,NULL,0.33,NULL
29225,0.2,2.67,0.67,1,NULL,NULL,NULL,NULL
29234,0.5,4.0,2.0,1,1,NULL,1.0,NULL
29239,0.0,0,0,NULL,NULL,NULL,NULL,NULL
29247,0.2,1.0,1.0,1,1,NULL,0.5,NULL
29269,0.25,3.0,4.0,1,NULL,NULL,NULL,NULL
29280,1.0,2.0,2.0,1,NULL,NULL,NULL,NULL
29286,0.0,0,0,NULL,NULL,NULL,NULL,NULL
29287,0.0,1.0,0,NULL,NULL,NULL,NULL,NULL
29398,0.0,0,0,NULL,NULL,NULL,NULL,NULL
29399,1.0,2.0,2.0,1,NULL,NULL,NULL,NULL
29400,0.25,1.0,1.0,1,1,NULL,0.33,NULL
29401,0.0,0,0,NULL,NULL,NULL,NULL,NULL
29439,0.0,1.0,0,NULL,NULL,NULL,NULL,NULL
29441,0.33,1.0,2.0,1,NULL,NULL,NULL,NULL
29478,0.5,6.0,4.0,1,NULL,NULL,NULL,NULL
29494,0.6,3.0,6.0,3,2,1,1.0,0.5
29561,0.0,0,0,NULL,NULL,NULL,NULL,NULL
29597,1.0,3.5,2.0,1,NULL,NULL,NULL,NULL
29600,1.0,1.0,2.0,1,NULL,NULL,NULL,NULL
29646,0.0,0,0,NULL,NULL,NULL,NULL,NULL
29676,0.75,8.0,8.0,3,2,1,1.0,0.5
29743,0.11,5.0,2.0,1,1,NULL,0.11,NULL
29745,0.25,3.0,4.0,1,NULL,NULL,NULL,NULL
29751,0.0,0,0,NULL,NULL,NULL,NULL,NULL
29760,0.67,2.5,2.0,2,NULL,NULL,NULL,NULL
29767,0.0,1.0,0,NULL,NULL,NULL,NULL,NULL
29772,0.0,1.0,0,NULL,NULL,NULL,NULL,NULL
29953,0.0,1.0,0,NULL,NULL,NULL,NULL,NULL
29954,0.0,3.0,0,NULL,NULL,NULL,NULL,NULL
29968,0.0,0,0,NULL,NULL,NULL,NULL,NULL
29997,0.33,1.0,2.0,1,NULL,NULL,NULL,NULL
30030,0.0,0,0,NULL,NULL,NULL,NULL,NULL
30031,0.13,1.5,1.0,1,1,NULL,0.13,NULL
30038,0.5,4.0,2.0,1,1,NULL,0.5,NULL
30043,0.17,3.0,2.0,1,NULL,1,NULL,0.25
30047,0.0,4.0,0,NULL,NULL,NULL,NULL,NULL
30051,0.0,1.0,0,NULL,NULL,NULL,NULL,NULL
30053,1.0,4.0,4.0,1,NULL,NULL,NULL,NULL
30055,0.0,0,0,NULL,NULL,NULL,NULL,NULL
30058,0.0,1.0,0,NULL,NULL,NULL,NULL,NULL
30071,1.0,3.0,6.0,2,NULL,NULL,NULL,NULL
30088,0.33,2.0,2.0,1,1,NULL,0.5,NULL
30102,0.0,2.0,0,NULL,NULL,NULL,NULL,NULL
30103,0.0,1.0,0,NULL,NULL,NULL,NULL,NULL
30113,0.5,3.0,2.0,1,NULL,NULL,NULL,NULL
30124,0.5,1.0,4.0,1,NULL,NULL,NULL,NULL
30130,0.0,1.0,0,NULL,NULL,NULL,NULL,NULL
30138,1.0,2.0,2.0,1,NULL,NULL,NULL,NULL
30147,0.0,1.0,0,NULL,NULL,NULL,NULL,NULL
30148,1.0,1.5,2.0,2,1,NULL,1.0,NULL
30150,0.0,1.0,0,NULL,NULL,NULL,NULL,NULL
30161,0.0,0,0,NULL,NULL,NULL,NULL,NULL
30162,0.5,1.5,1.0,1,1,NULL,0.5,NULL
30166,0.0,0,0,NULL,NULL,NULL,NULL,NULL
30174,1.0,4.0,5.0,1,NULL,NULL,NULL,NULL
30175,0.0,1.0,0,NULL,NULL,NULL,NULL,NULL
30182,0.63,4.33,3.0,5,NULL,1,NULL,0.33
30183,0.8,2.5,5.0,4,2,NULL,1.0,NULL
30185,0.33,1.0,1.0,1,1,NULL,0.33,NULL
30193,1.0,1.0,4.0,1,NULL,NULL,NULL,NULL
30201,0.23,3.0,3.0,3,2,NULL,0.67,NULL
30202,0.67,3.0,4.0,2,NULL,NULL,NULL,NULL
30211,0.0,1.0,0,NULL,NULL,NULL,NULL,NULL
30228,1.0,2.67,0.67,3,NULL,NULL,NULL,NULL
30229,0.0,2.0,0,NULL,NULL,NULL,NULL,NULL
30234,1.0,2.0,2.0,1,NULL,NULL,NULL,NULL
30235,0.0,2.0,0,NULL,NULL,NULL,NULL,NULL
30243,0.0,1.0,0,NULL,NULL,NULL,NULL,NULL
30266,0.0,0,0,NULL,NULL,NULL,NULL,NULL
30481,0.0,0,0,NULL,NULL,NULL,NULL,NULL
30528,0.0,3.0,0,NULL,NULL,NULL,NULL,NULL
30529,0.0,3.0,0,NULL,NULL,NULL,NULL,NULL
30530,0.25,1.0,2.0,1,1,NULL,0.25,NULL
30538,1.0,3.25,4.0,5,NULL,NULL,NULL,NULL
30540,0.0,0,0,NULL,NULL,NULL,NULL,NULL
30551,1.0,1.0,4.0,1,NULL,NULL,NULL,NULL
30633,1.0,4.0,9.0,2,NULL,NULL,NULL,NULL
30635,0.0,2.0,0,NULL,NULL,NULL,NULL,NULL
30673,0.0,1.0,0,NULL,NULL,NULL,NULL,NULL
30674,0.13,7.0,2.0,1,1,NULL,0.2,NULL
30679,0.0,1.0,0,NULL,NULL,NULL,NULL,NULL
30703,1.0,1.0,4.0,1,NULL,NULL,NULL,NULL
30714,0.33,2.75,1.0,1,NULL,NULL,NULL,NULL
30715,1.0,4.0,4.0,1,NULL,NULL,NULL,NULL
30719,0.0,2.0,0,NULL,NULL,NULL,NULL,NULL
30770,0.29,4.5,2.0,2,1,1,0.2,1.0
30771,1.0,2.0,1.0,1,NULL,NULL,NULL,NULL
30773,0.14,1.0,2.0,1,1,NULL,0.17,NULL
30774,0.0,1.0,0,NULL,NULL,NULL,NULL,NULL
30776,0.11,3.0,2.0,1,NULL,NULL,NULL,NULL
30778,0.0,1.0,0,NULL,NULL,NULL,NULL,NULL
30925,0.0,0,0,NULL,NULL,NULL,NULL,NULL
30927,0.0,0,0,NULL,NULL,NULL,NULL,NULL
30929,0.0,4.0,0,NULL,NULL,NULL,NULL,NULL
30930,0.0,0,0,NULL,NULL,NULL,NULL,NULL
30931,0.09,3.0,1.0,1,1,NULL,0.1,NULL
30933,0.25,3.0,2.0,1,NULL,NULL,NULL,NULL
30944,0.0,1.0,0,NULL,NULL,NULL,NULL,NULL
30950,0.5,2.5,1.0,1,NULL,NULL,NULL,NULL
30953,0.5,1.0,4.0,1,NULL,NULL,NULL,NULL
30961,0.0,3.0,0,NULL,NULL,NULL,NULL,NULL
30962,0.5,0.5,1.0,1,NULL,NULL,NULL,NULL
30963,0.67,4.0,4.0,2,1,NULL,0.5,NULL
30966,1.0,1.5,2.0,1,NULL,NULL,NULL,NULL
30968,0.0,1.0,0,NULL,NULL,NULL,NULL,NULL
30976,0.2,2.0,2.0,1,1,NULL,0.25,NULL
31278,0.0,0,0,NULL,NULL,NULL,NULL,NULL
31413,0.0,0,0,NULL,NULL,NULL,NULL,NULL
31414,0.0,0,0,NULL,NULL,NULL,NULL,NULL
31418,0.0,2.0,0,NULL,NULL,NULL,NULL,NULL
31895,0.2,3.0,2.0,1,NULL,NULL,NULL,NULL
31897,0.0,0,0,NULL,NULL,NULL,NULL,NULL
31898,0.0,1.0,0,NULL,NULL,NULL,NULL,NULL
31918,0.0,2.0,0,NULL,NULL,NULL,NULL,NULL
31920,0.0,0.5,0,NULL,NULL,NULL,NULL,NULL
31926,0.0,1.0,0,NULL,NULL,NULL,NULL,NULL
31964,1.0,1.0,2.0,1,NULL,NULL,NULL,NULL
32036,0.0,0,0,NULL,NULL,NULL,NULL,NULL
32204,0.0,1.0,0,NULL,NULL,NULL,NULL,NULL
32315,0.33,1.33,1.33,1,NULL,NULL,NULL,NULL
32316,0.25,2.0,4.0,2,2,NULL,0.29,NULL
32317,0.0,0,0,NULL,NULL,NULL,NULL,NULL
32326,0.0,0.5,0,NULL,NULL,NULL,NULL,NULL
32332,0.0,1.0,0,NULL,NULL,NULL,NULL,NULL
32479,0.0,0,0,NULL,NULL,NULL,NULL,NULL
32553,0.0,2.0,0,NULL,NULL,NULL,NULL,NULL
32554,0.0,1.0,0,NULL,NULL,NULL,NULL,NULL
32563,0.0,0,0,NULL,NULL,NULL,NULL,NULL
32565,0.0,0,0,NULL,NULL,NULL,NULL,NULL
32578,1.0,1.0,4.0,1,NULL,NULL,NULL,NULL
32600,0.0,0,0,NULL,NULL,NULL,NULL,NULL
32620,0.0,1.0,0,NULL,NULL,NULL,NULL,NULL
33678,0.0,0,0,NULL,NULL,NULL,NULL,NULL
33857,0.0,0,0,NULL,NULL,NULL,NULL,NULL
33980,0.0,1.0,0,NULL,NULL,NULL,NULL,NULL
33982,0.5,1.0,4.0,1,NULL,NULL,NULL,NULL
34342,0.0,0,0,NULL,NULL,NULL,NULL,NULL
34375,0.67,2.0,6.0,2,1,NULL,0.5,NULL
34422,0.0,1.0,0,NULL,NULL,NULL,NULL,NULL
34430,0.14,2.0,2.0,1,NULL,NULL,NULL,NULL
34524,0.0,0,0,NULL,NULL,NULL,NULL,NULL
34566,0.0,1.0,0,NULL,NULL,NULL,NULL,NULL
34937,0.0,2.0,0,NULL,NULL,NULL,NULL,NULL
34944,0.0,1.0,0,NULL,NULL,NULL,NULL,NULL
34989,0.33,0.5,1.0,1,1,NULL,1.0,NULL
34992,0.2,3.0,2.0,1,1,NULL,0.33,NULL
34995,0.0,0,0,NULL,NULL,NULL,NULL,NULL
35032,0.17,2.0,4.0,1,NULL,1,NULL,0.5
35052,0.0,0,0,NULL,NULL,NULL,NULL,NULL
35069,0.0,0,0,NULL,NULL,NULL,NULL,NULL
35196,0.0,0,0,NULL,NULL,NULL,NULL,NULL
35258,0.17,4.0,2.0,1,1,NULL,0.17,NULL
35285,1.0,1.0,2.0,1,NULL,NULL,NULL,NULL
35464,0.0,0.5,0,NULL,NULL,NULL,NULL,NULL
35504,0.0,2.0,0,NULL,NULL,NULL,NULL,NULL
35525,0.0,0,0,NULL,NULL,NULL,NULL,NULL
35556,0.0,1.0,0,NULL,NULL,NULL,NULL,NULL
35560,0.0,0,0,NULL,NULL,NULL,NULL,NULL
35581,0.0,0,0,NULL,NULL,NULL,NULL,NULL
35694,0.0,0,0,NULL,NULL,NULL,NULL,NULL
35734,0.0,1.0,0,NULL,NULL,NULL,NULL,NULL
35739,0.0,1.0,0,NULL,NULL,NULL,NULL,NULL
35940,0.0,1.0,0,NULL,NULL,NULL,NULL,NULL
35983,0.0,1.0,0,NULL,NULL,NULL,NULL,NULL
36102,0.0,0,0,NULL,NULL,NULL,NULL,NULL
36236,0.5,1.0,4.0,1,NULL,NULL,NULL,NULL
36300,0.0,0,0,NULL,NULL,NULL,NULL,NULL
36316,0.0,1.0,0,NULL,NULL,NULL,NULL,NULL
36336,0.0,0,0,NULL,NULL,NULL,NULL,NULL
36725,0.0,0,0,NULL,NULL,NULL,NULL,NULL
36846,1.0,1.0,2.0,1,NULL,NULL,NULL,NULL
36847,0.0,0,0,NULL,NULL,NULL,NULL,NULL
36866,0.0,0,0,NULL,NULL,NULL,NULL,NULL
36878,0.0,0,0,NULL,NULL,NULL,NULL,NULL
36983,0.0,0,0,NULL,NULL,NULL,NULL,NULL
37134,1.0,1.0,1.0,1,NULL,1,NULL,1.0
37137,1.0,1.0,1.0,1,1,NULL,1.0,NULL
37139,0.67,2.0,0.0,2,2,NULL,0.67,NULL
22683,NULL,NULL,0,NULL,NULL,NULL,NULL,NULL
22682,NULL,NULL,0,NULL,NULL,NULL,NULL,NULL
22680,NULL,NULL,0,NULL,NULL,NULL,NULL,NULL
27612,NULL,NULL,0,NULL,NULL,NULL,NULL,NULL
22678,NULL,NULL,0,NULL,NULL,NULL,NULL,NULL
27650,NULL,NULL,0,NULL,NULL,NULL,NULL,NULL
22667,NULL,NULL,0,NULL,NULL,NULL,NULL,NULL
22657,NULL,NULL,0,NULL,NULL,NULL,NULL,NULL
27738,NULL,NULL,0,NULL,NULL,NULL,NULL,NULL
27743,NULL,NULL,0,NULL,NULL,NULL,NULL,NULL
27827,NULL,NULL,0,NULL,NULL,NULL,NULL,NULL
27829,NULL,NULL,0,NULL,NULL,NULL,NULL,NULL
27830,NULL,NULL,0,NULL,NULL,NULL,NULL,NULL
27831,NULL,NULL,0,NULL,NULL,NULL,NULL,NULL
22656,NULL,NULL,0,NULL,NULL,NULL,NULL,NULL
22654,NULL,NULL,0,NULL,NULL,NULL,NULL,NULL
22648,NULL,NULL,0,NULL,NULL,NULL,NULL,NULL
22645,NULL,NULL,0,NULL,NULL,NULL,NULL,NULL
27843,NULL,NULL,0,NULL,NULL,NULL,NULL,NULL
27844,NULL,NULL,0,NULL,NULL,NULL,NULL,NULL
22644,NULL,NULL,0,NULL,NULL,NULL,NULL,NULL
22643,NULL,NULL,0,NULL,NULL,NULL,NULL,NULL
27893,NULL,NULL,0,NULL,NULL,NULL,NULL,NULL
22632,NULL,NULL,0,NULL,NULL,NULL,NULL,NULL
27912,NULL,NULL,0,NULL,NULL,NULL,NULL,NULL
22627,NULL,NULL,0,NULL,NULL,NULL,NULL,NULL
22622,NULL,NULL,0,NULL,NULL,NULL,NULL,NULL
22615,NULL,NULL,0,NULL,NULL,NULL,NULL,NULL
22612,NULL,NULL,0,NULL,NULL,NULL,NULL,NULL
22608,NULL,NULL,0,NULL,NULL,NULL,NULL,NULL
22599,NULL,NULL,0,NULL,NULL,NULL,NULL,NULL
27930,NULL,NULL,0,NULL,NULL,NULL,NULL,NULL
27931,NULL,NULL,0,NULL,NULL,NULL,NULL,NULL
22593,NULL,NULL,0,NULL,NULL,NULL,NULL,NULL
27936,NULL,NULL,0,NULL,NULL,NULL,NULL,NULL
22579,NULL,NULL,0,NULL,NULL,NULL,NULL,NULL
22571,NULL,NULL,0,NULL,NULL,NULL,NULL,NULL
22567,NULL,NULL,0,NULL,NULL,NULL,NULL,NULL
22542,NULL,NULL,0,NULL,NULL,NULL,NULL,NULL
22524,NULL,NULL,0,NULL,NULL,NULL,NULL,NULL
22508,NULL,NULL,0,NULL,NULL,NULL,NULL,NULL
22450,NULL,NULL,0,NULL,NULL,NULL,NULL,NULL
22446,NULL,NULL,0,NULL,NULL,NULL,NULL,NULL
22440,NULL,NULL,0,NULL,NULL,NULL,NULL,NULL
22439,NULL,NULL,0,NULL,NULL,NULL,NULL,NULL
22437,NULL,NULL,0,NULL,NULL,NULL,NULL,NULL
22432,NULL,NULL,0,NULL,NULL,NULL,NULL,NULL
22431,NULL,NULL,0,NULL,NULL,NULL,NULL,NULL
22398,NULL,NULL,0,NULL,NULL,NULL,NULL,NULL
22323,NULL,NULL,0,NULL,NULL,NULL,NULL,NULL
22322,NULL,NULL,0,NULL,NULL,NULL,NULL,NULL
22313,NULL,NULL,0,NULL,NULL,NULL,NULL,NULL
22305,NULL,NULL,0,NULL,NULL,NULL,NULL,NULL
22299,NULL,NULL,0,NULL,NULL,NULL,NULL,NULL
28023,NULL,NULL,0,NULL,NULL,NULL,NULL,NULL
28028,NULL,NULL,0,NULL,NULL,NULL,NULL,NULL
22275,NULL,NULL,0,NULL,NULL,NULL,NULL,NULL
22266,NULL,NULL,0,NULL,NULL,NULL,NULL,NULL
28034,NULL,NULL,0,NULL,NULL,NULL,NULL,NULL
22264,NULL,NULL,0,NULL,NULL,NULL,NULL,NULL
28039,NULL,NULL,0,NULL,NULL,NULL,NULL,NULL
28040,NULL,NULL,0,NULL,NULL,NULL,NULL,NULL
22263,NULL,NULL,0,NULL,NULL,NULL,NULL,NULL
22254,NULL,NULL,0,NULL,NULL,NULL,NULL,NULL
22245,NULL,NULL,0,NULL,NULL,NULL,NULL,NULL
22232,NULL,NULL,0,NULL,NULL,NULL,NULL,NULL
28051,NULL,NULL,0,NULL,NULL,NULL,NULL,NULL
22224,NULL,NULL,0,NULL,NULL,NULL,NULL,NULL
22212,NULL,NULL,0,NULL,NULL,NULL,NULL,NULL
22177,NULL,NULL,0,NULL,NULL,NULL,NULL,NULL
28057,NULL,NULL,0,NULL,NULL,NULL,NULL,NULL
22142,NULL,NULL,0,NULL,NULL,NULL,NULL,NULL
22140,NULL,NULL,0,NULL,NULL,NULL,NULL,NULL
28061,NULL,NULL,0,NULL,NULL,NULL,NULL,NULL
28062,NULL,NULL,0,NULL,NULL,NULL,NULL,NULL
28063,NULL,NULL,0,NULL,NULL,NULL,NULL,NULL
22052,NULL,NULL,0,NULL,NULL,NULL,NULL,NULL
22049,NULL,NULL,0,NULL,NULL,NULL,NULL,NULL
28066,NULL,NULL,0,NULL,NULL,NULL,NULL,NULL
28067,NULL,NULL,0,NULL,NULL,NULL,NULL,NULL
28068,NULL,NULL,0,NULL,NULL,NULL,NULL,NULL
22032,NULL,NULL,0,NULL,NULL,NULL,NULL,NULL
22028,NULL,NULL,0,NULL,NULL,NULL,NULL,NULL
28106,NULL,NULL,0,NULL,NULL,NULL,NULL,NULL
21980,NULL,NULL,0,NULL,NULL,NULL,NULL,NULL
21977,NULL,NULL,0,NULL,NULL,NULL,NULL,NULL
21976,NULL,NULL,0,NULL,NULL,NULL,NULL,NULL
28189,NULL,NULL,0,NULL,NULL,NULL,NULL,NULL
21910,NULL,NULL,0,NULL,NULL,NULL,NULL,NULL
21885,NULL,NULL,0,NULL,NULL,NULL,NULL,NULL
21822,NULL,NULL,0,NULL,NULL,NULL,NULL,NULL
28211,NULL,NULL,0,NULL,NULL,NULL,NULL,NULL
28212,NULL,NULL,0,NULL,NULL,NULL,NULL,NULL
21821,NULL,NULL,0,NULL,NULL,NULL,NULL,NULL
21816,NULL,NULL,0,NULL,NULL,NULL,NULL,NULL
21815,NULL,NULL,0,NULL,NULL,NULL,NULL,NULL
21808,NULL,NULL,0,NULL,NULL,NULL,NULL,NULL
21797,NULL,NULL,0,NULL,NULL,NULL,NULL,NULL
21794,NULL,NULL,0,NULL,NULL,NULL,NULL,NULL
21791,NULL,NULL,0,NULL,NULL,NULL,NULL,NULL
21778,NULL,NULL,0,NULL,NULL,NULL,NULL,NULL
21756,NULL,NULL,0,NULL,NULL,NULL,NULL,NULL
28274,NULL,NULL,0,NULL,NULL,NULL,NULL,NULL
21755,NULL,NULL,0,NULL,NULL,NULL,NULL,NULL
21752,NULL,NULL,0,NULL,NULL,NULL,NULL,NULL
21721,NULL,NULL,0,NULL,NULL,NULL,NULL,NULL
21717,NULL,NULL,0,NULL,NULL,NULL,NULL,NULL
21702,NULL,NULL,0,NULL,NULL,NULL,NULL,NULL
28305,NULL,NULL,0,NULL,NULL,NULL,NULL,NULL
21689,NULL,NULL,0,NULL,NULL,NULL,NULL,NULL
21676,NULL,NULL,0,NULL,NULL,NULL,NULL,NULL
21652,NULL,NULL,0,NULL,NULL,NULL,NULL,NULL
21651,NULL,NULL,0,NULL,NULL,NULL,NULL,NULL
28342,NULL,NULL,0,NULL,NULL,NULL,NULL,NULL
28345,NULL,NULL,0,NULL,NULL,NULL,NULL,NULL
21650,NULL,NULL,0,NULL,NULL,NULL,NULL,NULL
21649,NULL,NULL,0,NULL,NULL,NULL,NULL,NULL
21644,NULL,NULL,0,NULL,NULL,NULL,NULL,NULL
21642,NULL,NULL,0,NULL,NULL,NULL,NULL,NULL
28365,NULL,NULL,0,NULL,NULL,NULL,NULL,NULL
21641,NULL,NULL,0,NULL,NULL,NULL,NULL,NULL
21640,NULL,NULL,0,NULL,NULL,NULL,NULL,NULL
21637,NULL,NULL,0,NULL,NULL,NULL,NULL,NULL
21633,NULL,NULL,0,NULL,NULL,NULL,NULL,NULL
21623,NULL,NULL,0,NULL,NULL,NULL,NULL,NULL
28419,NULL,NULL,0,NULL,NULL,NULL,NULL,NULL
21620,NULL,NULL,0,NULL,NULL,NULL,NULL,NULL
28432,NULL,NULL,0,NULL,NULL,NULL,NULL,NULL
28436,NULL,NULL,0,NULL,NULL,NULL,NULL,NULL
28437,NULL,NULL,0,NULL,NULL,NULL,NULL,NULL
21603,NULL,NULL,0,NULL,NULL,NULL,NULL,NULL
21595,NULL,NULL,0,NULL,NULL,NULL,NULL,NULL
21593,NULL,NULL,0,NULL,NULL,NULL,NULL,NULL
28446,NULL,NULL,0,NULL,NULL,NULL,NULL,NULL
28448,NULL,NULL,0,NULL,NULL,NULL,NULL,NULL
28449,NULL,NULL,0,NULL,NULL,NULL,NULL,NULL
21590,NULL,NULL,0,NULL,NULL,NULL,NULL,NULL
28618,NULL,NULL,0,NULL,NULL,NULL,NULL,NULL
21589,NULL,NULL,0,NULL,NULL,NULL,NULL,NULL
21583,NULL,NULL,0,NULL,NULL,NULL,NULL,NULL
21580,NULL,NULL,0,NULL,NULL,NULL,NULL,NULL
21578,NULL,NULL,0,NULL,NULL,NULL,NULL,NULL
28768,NULL,NULL,0,NULL,NULL,NULL,NULL,NULL
28772,NULL,NULL,0,NULL,NULL,NULL,NULL,NULL
21576,NULL,NULL,0,NULL,NULL,NULL,NULL,NULL
28774,NULL,NULL,0,NULL,NULL,NULL,NULL,NULL
21571,NULL,NULL,0,NULL,NULL,NULL,NULL,NULL
28780,NULL,NULL,0,NULL,NULL,NULL,NULL,NULL
28781,NULL,NULL,0,NULL,NULL,NULL,NULL,NULL
21561,NULL,NULL,0,NULL,NULL,NULL,NULL,NULL
28784,NULL,NULL,0,NULL,NULL,NULL,NULL,NULL
28786,NULL,NULL,0,NULL,NULL,NULL,NULL,NULL
28787,NULL,NULL,0,NULL,NULL,NULL,NULL,NULL
28788,NULL,NULL,0,NULL,NULL,NULL,NULL,NULL
21530,NULL,NULL,0,NULL,NULL,NULL,NULL,NULL
21527,NULL,NULL,0,NULL,NULL,NULL,NULL,NULL
21522,NULL,NULL,0,NULL,NULL,NULL,NULL,NULL
21441,NULL,NULL,0,NULL,NULL,NULL,NULL,NULL
21426,NULL,NULL,0,NULL,NULL,NULL,NULL,NULL
21316,NULL,NULL,0,NULL,NULL,NULL,NULL,NULL
20922,NULL,NULL,0,NULL,NULL,NULL,NULL,NULL
20810,NULL,NULL,0,NULL,NULL,NULL,NULL,NULL
20808,NULL,NULL,0,NULL,NULL,NULL,NULL,NULL
28840,NULL,NULL,0,NULL,NULL,NULL,NULL,NULL
20793,NULL,NULL,0,NULL,NULL,NULL,NULL,NULL
28843,NULL,NULL,0,NULL,NULL,NULL,NULL,NULL
20788,NULL,NULL,0,NULL,NULL,NULL,NULL,NULL
20786,NULL,NULL,0,NULL,NULL,NULL,NULL,NULL
20784,NULL,NULL,0,NULL,NULL,NULL,NULL,NULL
20780,NULL,NULL,0,NULL,NULL,NULL,NULL,NULL
20775,NULL,NULL,0,NULL,NULL,NULL,NULL,NULL
20769,NULL,NULL,0,NULL,NULL,NULL,NULL,NULL
20753,NULL,NULL,0,NULL,NULL,NULL,NULL,NULL
28888,NULL,NULL,0,NULL,NULL,NULL,NULL,NULL
20676,NULL,NULL,0,NULL,NULL,NULL,NULL,NULL
20548,NULL,NULL,0,NULL,NULL,NULL,NULL,NULL
20546,NULL,NULL,0,NULL,NULL,NULL,NULL,NULL
20542,NULL,NULL,0,NULL,NULL,NULL,NULL,NULL
20540,NULL,NULL,0,NULL,NULL,NULL,NULL,NULL
20502,NULL,NULL,0,NULL,NULL,NULL,NULL,NULL
20495,NULL,NULL,0,NULL,NULL,NULL,NULL,NULL
20431,NULL,NULL,0,NULL,NULL,NULL,NULL,NULL
28914,NULL,NULL,0,NULL,NULL,NULL,NULL,NULL
20333,NULL,NULL,0,NULL,NULL,NULL,NULL,NULL
20317,NULL,NULL,0,NULL,NULL,NULL,NULL,NULL
20282,NULL,NULL,0,NULL,NULL,NULL,NULL,NULL
20272,NULL,NULL,0,NULL,NULL,NULL,NULL,NULL
20269,NULL,NULL,0,NULL,NULL,NULL,NULL,NULL
20265,NULL,NULL,0,NULL,NULL,NULL,NULL,NULL
20248,NULL,NULL,0,NULL,NULL,NULL,NULL,NULL
20236,NULL,NULL,0,NULL,NULL,NULL,NULL,NULL
20235,NULL,NULL,0,NULL,NULL,NULL,NULL,NULL
20225,NULL,NULL,0,NULL,NULL,NULL,NULL,NULL
20224,NULL,NULL,0,NULL,NULL,NULL,NULL,NULL
20219,NULL,NULL,0,NULL,NULL,NULL,NULL,NULL
20211,NULL,NULL,0,NULL,NULL,NULL,NULL,NULL
28979,NULL,NULL,0,NULL,NULL,NULL,NULL,NULL
20207,NULL,NULL,0,NULL,NULL,NULL,NULL,NULL
28992,NULL,NULL,0,NULL,NULL,NULL,NULL,NULL
20204,NULL,NULL,0,NULL,NULL,NULL,NULL,NULL
20202,NULL,NULL,0,NULL,NULL,NULL,NULL,NULL
20129,NULL,NULL,0,NULL,NULL,NULL,NULL,NULL
29002,NULL,NULL,0,NULL,NULL,NULL,NULL,NULL
20127,NULL,NULL,0,NULL,NULL,NULL,NULL,NULL
20124,NULL,NULL,0,NULL,NULL,NULL,NULL,NULL
29024,NULL,NULL,0,NULL,NULL,NULL,NULL,NULL
29028,NULL,NULL,0,NULL,NULL,NULL,NULL,NULL
20113,NULL,NULL,0,NULL,NULL,NULL,NULL,NULL
20110,NULL,NULL,0,NULL,NULL,NULL,NULL,NULL
29032,NULL,NULL,0,NULL,NULL,NULL,NULL,NULL
20107,NULL,NULL,0,NULL,NULL,NULL,NULL,NULL
20104,NULL,NULL,0,NULL,NULL,NULL,NULL,NULL
29150,NULL,NULL,0,NULL,NULL,NULL,NULL,NULL
29156,NULL,NULL,0,NULL,NULL,NULL,NULL,NULL
29164,NULL,NULL,0,NULL,NULL,NULL,NULL,NULL
29165,NULL,NULL,0,NULL,NULL,NULL,NULL,NULL
29191,NULL,NULL,0,NULL,NULL,NULL,NULL,NULL
29210,NULL,NULL,0,NULL,NULL,NULL,NULL,NULL
29223,NULL,NULL,0,NULL,NULL,NULL,NULL,NULL
29228,NULL,NULL,0,NULL,NULL,NULL,NULL,NULL
29263,NULL,NULL,0,NULL,NULL,NULL,NULL,NULL
29264,NULL,NULL,0,NULL,NULL,NULL,NULL,NULL
29281,NULL,NULL,0,NULL,NULL,NULL,NULL,NULL
29285,NULL,NULL,0,NULL,NULL,NULL,NULL,NULL
29342,NULL,NULL,0,NULL,NULL,NULL,NULL,NULL
29353,NULL,NULL,0,NULL,NULL,NULL,NULL,NULL
29396,NULL,NULL,0,NULL,NULL,NULL,NULL,NULL
29440,NULL,NULL,0,NULL,NULL,NULL,NULL,NULL
29513,NULL,NULL,0,NULL,NULL,NULL,NULL,NULL
29534,NULL,NULL,0,NULL,NULL,NULL,NULL,NULL
29536,NULL,NULL,0,NULL,NULL,NULL,NULL,NULL
29537,NULL,NULL,0,NULL,NULL,NULL,NULL,NULL
29542,NULL,NULL,0,NULL,NULL,NULL,NULL,NULL
29556,NULL,NULL,0,NULL,NULL,NULL,NULL,NULL
29558,NULL,NULL,0,NULL,NULL,NULL,NULL,NULL
29591,NULL,NULL,0,NULL,NULL,NULL,NULL,NULL
29592,NULL,NULL,0,NULL,NULL,NULL,NULL,NULL
29615,NULL,NULL,0,NULL,NULL,NULL,NULL,NULL
29616,NULL,NULL,0,NULL,NULL,NULL,NULL,NULL
29667,NULL,NULL,0,NULL,NULL,NULL,NULL,NULL
29699,NULL,NULL,0,NULL,NULL,NULL,NULL,NULL
29727,NULL,NULL,0,NULL,NULL,NULL,NULL,NULL
29758,NULL,NULL,0,NULL,NULL,NULL,NULL,NULL
29764,NULL,NULL,0,NULL,NULL,NULL,NULL,NULL
29955,NULL,NULL,0,NULL,NULL,NULL,NULL,NULL
29956,NULL,NULL,0,NULL,NULL,NULL,NULL,NULL
29958,NULL,NULL,0,NULL,NULL,NULL,NULL,NULL
30039,NULL,NULL,0,NULL,NULL,NULL,NULL,NULL
30044,NULL,NULL,0,NULL,NULL,NULL,NULL,NULL
30046,NULL,NULL,0,NULL,NULL,NULL,NULL,NULL
30054,NULL,NULL,0,NULL,NULL,NULL,NULL,NULL
30070,NULL,NULL,0,NULL,NULL,NULL,NULL,NULL
30074,NULL,NULL,0,NULL,NULL,NULL,NULL,NULL
30075,NULL,NULL,0,NULL,NULL,NULL,NULL,NULL
30093,NULL,NULL,0,NULL,NULL,NULL,NULL,NULL
30100,NULL,NULL,0,NULL,NULL,NULL,NULL,NULL
30143,NULL,NULL,0,NULL,NULL,NULL,NULL,NULL
30151,NULL,NULL,0,NULL,NULL,NULL,NULL,NULL
30170,NULL,NULL,0,NULL,NULL,NULL,NULL,NULL
30172,NULL,NULL,0,NULL,NULL,NULL,NULL,NULL
30173,NULL,NULL,0,NULL,NULL,NULL,NULL,NULL
30189,NULL,NULL,0,NULL,NULL,NULL,NULL,NULL
30194,NULL,NULL,0,NULL,NULL,NULL,NULL,NULL
30195,NULL,NULL,0,NULL,NULL,NULL,NULL,NULL
30214,NULL,NULL,0,NULL,NULL,NULL,NULL,NULL
30221,NULL,NULL,0,NULL,NULL,NULL,NULL,NULL
30224,NULL,NULL,0,NULL,NULL,NULL,NULL,NULL
30250,NULL,NULL,0,NULL,NULL,NULL,NULL,NULL
30253,NULL,NULL,0,NULL,NULL,NULL,NULL,NULL
30255,NULL,NULL,0,NULL,NULL,NULL,NULL,NULL
30258,NULL,NULL,0,NULL,NULL,NULL,NULL,NULL
30278,NULL,NULL,0,NULL,NULL,NULL,NULL,NULL
30279,NULL,NULL,0,NULL,NULL,NULL,NULL,NULL
30452,NULL,NULL,0,NULL,NULL,NULL,NULL,NULL
30536,NULL,NULL,0,NULL,NULL,NULL,NULL,NULL
30541,NULL,NULL,0,NULL,NULL,NULL,NULL,NULL
30543,NULL,NULL,0,NULL,NULL,NULL,NULL,NULL
30636,NULL,NULL,0,NULL,NULL,NULL,NULL,NULL
30772,NULL,NULL,0,NULL,NULL,NULL,NULL,NULL
30780,NULL,NULL,0,NULL,NULL,NULL,NULL,NULL
30946,NULL,NULL,0,NULL,NULL,NULL,NULL,NULL
30965,NULL,NULL,0,NULL,NULL,NULL,NULL,NULL
30977,NULL,NULL,0,NULL,NULL,NULL,NULL,NULL
31005,NULL,NULL,0,NULL,NULL,NULL,NULL,NULL
31006,NULL,NULL,0,NULL,NULL,NULL,NULL,NULL
31009,NULL,NULL,0,NULL,NULL,NULL,NULL,NULL
31011,NULL,NULL,0,NULL,NULL,NULL,NULL,NULL
31092,NULL,NULL,0,NULL,NULL,NULL,NULL,NULL
31112,NULL,NULL,0,NULL,NULL,NULL,NULL,NULL
31375,NULL,NULL,0,NULL,NULL,NULL,NULL,NULL
31855,NULL,NULL,0,NULL,NULL,NULL,NULL,NULL
31878,NULL,NULL,0,NULL,NULL,NULL,NULL,NULL
31902,NULL,NULL,0,NULL,NULL,NULL,NULL,NULL
31936,NULL,NULL,0,NULL,NULL,NULL,NULL,NULL
31938,NULL,NULL,0,NULL,NULL,NULL,NULL,NULL
31943,NULL,NULL,0,NULL,NULL,NULL,NULL,NULL
31973,NULL,NULL,0,NULL,NULL,NULL,NULL,NULL
31987,NULL,NULL,0,NULL,NULL,NULL,NULL,NULL
32249,NULL,NULL,0,NULL,NULL,NULL,NULL,NULL
32325,NULL,NULL,0,NULL,NULL,NULL,NULL,NULL
32330,NULL,NULL,0,NULL,NULL,NULL,NULL,NULL
32478,NULL,NULL,0,NULL,NULL,NULL,NULL,NULL
32490,NULL,NULL,0,NULL,NULL,NULL,NULL,NULL
32491,NULL,NULL,0,NULL,NULL,NULL,NULL,NULL
32508,NULL,NULL,0,NULL,NULL,NULL,NULL,NULL
32529,NULL,NULL,0,NULL,NULL,NULL,NULL,NULL
32536,NULL,NULL,0,NULL,NULL,NULL,NULL,NULL
32618,NULL,NULL,0,NULL,NULL,NULL,NULL,NULL
32619,NULL,NULL,0,NULL,NULL,NULL,NULL,NULL
32623,NULL,NULL,0,NULL,NULL,NULL,NULL,NULL
32624,NULL,NULL,0,NULL,NULL,NULL,NULL,NULL
32626,NULL,NULL,0,NULL,NULL,NULL,NULL,NULL
32636,NULL,NULL,0,NULL,NULL,NULL,NULL,NULL
32647,NULL,NULL,0,NULL,NULL,NULL,NULL,NULL
32656,NULL,NULL,0,NULL,NULL,NULL,NULL,NULL
33060,NULL,NULL,0,NULL,NULL,NULL,NULL,NULL
33697,NULL,NULL,0,NULL,NULL,NULL,NULL,NULL
33962,NULL,NULL,0,NULL,NULL,NULL,NULL,NULL
33998,NULL,NULL,0,NULL,NULL,NULL,NULL,NULL
34071,NULL,NULL,0,NULL,NULL,NULL,NULL,NULL
34083,NULL,NULL,0,NULL,NULL,NULL,NULL,NULL
34340,NULL,NULL,0,NULL,NULL,NULL,NULL,NULL
34460,NULL,NULL,0,NULL,NULL,NULL,NULL,NULL
34476,NULL,NULL,0,NULL,NULL,NULL,NULL,NULL
34664,NULL,NULL,0,NULL,NULL,NULL,NULL,NULL
34724,NULL,NULL,0,NULL,NULL,NULL,NULL,NULL
34779,NULL,NULL,0,NULL,NULL,NULL,NULL,NULL
34901,NULL,NULL,0,NULL,NULL,NULL,NULL,NULL
34948,NULL,NULL,0,NULL,NULL,NULL,NULL,NULL
34957,NULL,NULL,0,NULL,NULL,NULL,NULL,NULL
35023,NULL,NULL,0,NULL,NULL,NULL,NULL,NULL
35041,NULL,NULL,0,NULL,NULL,NULL,NULL,NULL
35046,NULL,NULL,0,NULL,NULL,NULL,NULL,NULL
35056,NULL,NULL,0,NULL,NULL,NULL,NULL,NULL
35072,NULL,NULL,0,NULL,NULL,NULL,NULL,NULL
35451,NULL,NULL,0,NULL,NULL,NULL,NULL,NULL
35452,NULL,NULL,0,NULL,NULL,NULL,NULL,NULL
35455,NULL,NULL,0,NULL,NULL,NULL,NULL,NULL
35485,NULL,NULL,0,NULL,NULL,NULL,NULL,NULL
35499,NULL,NULL,0,NULL,NULL,NULL,NULL,NULL
35505,NULL,NULL,0,NULL,NULL,NULL,NULL,NULL
35508,NULL,NULL,0,NULL,NULL,NULL,NULL,NULL
35513,NULL,NULL,0,NULL,NULL,NULL,NULL,NULL
35589,NULL,NULL,0,NULL,NULL,NULL,NULL,NULL
35601,NULL,NULL,0,NULL,NULL,NULL,NULL,NULL
35662,NULL,NULL,0,NULL,NULL,NULL,NULL,NULL
35705,NULL,NULL,0,NULL,NULL,NULL,NULL,NULL
35724,NULL,NULL,0,NULL,NULL,NULL,NULL,NULL
35766,NULL,NULL,0,NULL,NULL,NULL,NULL,NULL
35825,NULL,NULL,0,NULL,NULL,NULL,NULL,NULL
35888,NULL,NULL,0,NULL,NULL,NULL,NULL,NULL
35931,NULL,NULL,0,NULL,NULL,NULL,NULL,NULL
35948,NULL,NULL,0,NULL,NULL,NULL,NULL,NULL
35963,NULL,NULL,0,NULL,NULL,NULL,NULL,NULL
35969,NULL,NULL,0,NULL,NULL,NULL,NULL,NULL
35971,NULL,NULL,0,NULL,NULL,NULL,NULL,NULL
35984,NULL,NULL,0,NULL,NULL,NULL,NULL,NULL
36226,NULL,NULL,0,NULL,NULL,NULL,NULL,NULL
36244,NULL,NULL,0,NULL,NULL,NULL,NULL,NULL
36252,NULL,NULL,0,NULL,NULL,NULL,NULL,NULL
36305,NULL,NULL,0,NULL,NULL,NULL,NULL,NULL
36307,NULL,NULL,0,NULL,NULL,NULL,NULL,NULL
36319,NULL,NULL,0,NULL,NULL,NULL,NULL,NULL
36329,NULL,NULL,0,NULL,NULL,NULL,NULL,NULL
36330,NULL,NULL,0,NULL,NULL,NULL,NULL,NULL
36331,NULL,NULL,0,NULL,NULL,NULL,NULL,NULL
36371,NULL,NULL,0,NULL,NULL,NULL,NULL,NULL
36384,NULL,NULL,0,NULL,NULL,NULL,NULL,NULL
36563,NULL,NULL,0,NULL,NULL,NULL,NULL,NULL
36691,NULL,NULL,0,NULL,NULL,NULL,NULL,NULL
36855,NULL,NULL,0,NULL,NULL,NULL,NULL,NULL
36861,NULL,NULL,0,NULL,NULL,NULL,NULL,NULL
36870,NULL,NULL,0,NULL,NULL,NULL,NULL,NULL
36894,NULL,NULL,0,NULL,NULL,NULL,NULL,NULL
36914,NULL,NULL,0,NULL,NULL,NULL,NULL,NULL
37116,NULL,NULL,0,NULL,NULL,NULL,NULL,NULL
37135,NULL,NULL,0,NULL,NULL,NULL,NULL,NULL
37136,NULL,NULL,0,NULL,NULL,NULL,NULL,NULL
37138,NULL,NULL,0,NULL,NULL,NULL,NULL,NULL
27505,NULL,1.0,NULL,NULL,NULL,NULL,NULL,NULL
27490,NULL,2.0,NULL,NULL,NULL,NULL,NULL,NULL
27489,NULL,0,NULL,NULL,NULL,NULL,NULL,NULL
27612,NULL,0,NULL,NULL,NULL,NULL,NULL,NULL
27487,NULL,1.0,NULL,NULL,NULL,NULL,NULL,NULL
27650,NULL,1.0,NULL,NULL,NULL,NULL,NULL,NULL
27484,NULL,1.0,NULL,NULL,NULL,NULL,NULL,NULL
27464,NULL,2.0,NULL,NULL,NULL,NULL,NULL,NULL
27738,NULL,0,NULL,NULL,NULL,NULL,NULL,NULL
27743,NULL,0,NULL,NULL,NULL,NULL,NULL,NULL
27827,NULL,0,NULL,NULL,NULL,NULL,NULL,NULL
27829,NULL,0,NULL,NULL,NULL,NULL,NULL,NULL
27830,NULL,0,NULL,NULL,NULL,NULL,NULL,NULL
27831,NULL,2.0,NULL,NULL,NULL,NULL,NULL,NULL
27445,NULL,5.0,NULL,NULL,NULL,NULL,NULL,NULL
27359,NULL,6.0,NULL,NULL,NULL,NULL,NULL,NULL
27239,NULL,0,NULL,NULL,NULL,NULL,NULL,NULL
27236,NULL,4.0,NULL,NULL,NULL,NULL,NULL,NULL
27843,NULL,2.5,NULL,NULL,NULL,NULL,NULL,NULL
27844,NULL,0,NULL,NULL,NULL,NULL,NULL,NULL
27226,NULL,4.0,NULL,NULL,NULL,NULL,NULL,NULL
27225,NULL,1.0,NULL,NULL,NULL,NULL,NULL,NULL
27893,NULL,0,NULL,NULL,NULL,NULL,NULL,NULL
27217,NULL,2.67,NULL,NULL,NULL,NULL,NULL,NULL
27912,NULL,0,NULL,NULL,NULL,NULL,NULL,NULL
27209,NULL,1.5,NULL,NULL,NULL,NULL,NULL,NULL
27208,NULL,0,NULL,NULL,NULL,NULL,NULL,NULL
27205,NULL,1.0,NULL,NULL,NULL,NULL,NULL,NULL
27163,NULL,1.0,NULL,NULL,NULL,NULL,NULL,NULL
27144,NULL,0,NULL,NULL,NULL,NULL,NULL,NULL
27138,NULL,1.0,NULL,NULL,NULL,NULL,NULL,NULL
27930,NULL,0,NULL,NULL,NULL,NULL,NULL,NULL
27931,NULL,4.0,NULL,NULL,NULL,NULL,NULL,NULL
27137,NULL,2.5,NULL,NULL,NULL,NULL,NULL,NULL
27936,NULL,2.0,NULL,NULL,NULL,NULL,NULL,NULL
27129,NULL,0,NULL,NULL,NULL,NULL,NULL,NULL
27109,NULL,0,NULL,NULL,NULL,NULL,NULL,NULL
27076,NULL,2.0,NULL,NULL,NULL,NULL,NULL,NULL
27075,NULL,2.33,NULL,NULL,NULL,NULL,NULL,NULL
27074,NULL,1.0,NULL,NULL,NULL,NULL,NULL,NULL
27071,NULL,0,NULL,NULL,NULL,NULL,NULL,NULL
27070,NULL,1.5,NULL,NULL,NULL,NULL,NULL,NULL
27063,NULL,2.0,NULL,NULL,NULL,NULL,NULL,NULL
27062,NULL,5.0,NULL,NULL,NULL,NULL,NULL,NULL
27057,NULL,4.0,NULL,NULL,NULL,NULL,NULL,NULL
27051,NULL,2.0,NULL,NULL,NULL,NULL,NULL,NULL
27039,NULL,0,NULL,NULL,NULL,NULL,NULL,NULL
27038,NULL,3.0,NULL,NULL,NULL,NULL,NULL,NULL
27035,NULL,1.75,NULL,NULL,NULL,NULL,NULL,NULL
27034,NULL,1.0,NULL,NULL,NULL,NULL,NULL,NULL
27033,NULL,1.0,NULL,NULL,NULL,NULL,NULL,NULL
27026,NULL,1.0,NULL,NULL,NULL,NULL,NULL,NULL
27023,NULL,0,NULL,NULL,NULL,NULL,NULL,NULL
27012,NULL,3.0,NULL,NULL,NULL,NULL,NULL,NULL
28023,NULL,0,NULL,NULL,NULL,NULL,NULL,NULL
28028,NULL,0,NULL,NULL,NULL,NULL,NULL,NULL
26882,NULL,3.0,NULL,NULL,NULL,NULL,NULL,NULL
26881,NULL,2.0,NULL,NULL,NULL,NULL,NULL,NULL
28034,NULL,0,NULL,NULL,NULL,NULL,NULL,NULL
26873,NULL,0,NULL,NULL,NULL,NULL,NULL,NULL
28039,NULL,1.0,NULL,NULL,NULL,NULL,NULL,NULL
28040,NULL,0,NULL,NULL,NULL,NULL,NULL,NULL
26870,NULL,0,NULL,NULL,NULL,NULL,NULL,NULL
26869,NULL,1.0,NULL,NULL,NULL,NULL,NULL,NULL
26814,NULL,4.0,NULL,NULL,NULL,NULL,NULL,NULL
26811,NULL,0,NULL,NULL,NULL,NULL,NULL,NULL
28051,NULL,0,NULL,NULL,NULL,NULL,NULL,NULL
26810,NULL,1.0,NULL,NULL,NULL,NULL,NULL,NULL
26801,NULL,3.0,NULL,NULL,NULL,NULL,NULL,NULL
26800,NULL,0,NULL,NULL,NULL,NULL,NULL,NULL
28057,NULL,2.0,NULL,NULL,NULL,NULL,NULL,NULL
26796,NULL,0,NULL,NULL,NULL,NULL,NULL,NULL
26795,NULL,3.0,NULL,NULL,NULL,NULL,NULL,NULL
28061,NULL,0,NULL,NULL,NULL,NULL,NULL,NULL
28062,NULL,0,NULL,NULL,NULL,NULL,NULL,NULL
28063,NULL,1.0,NULL,NULL,NULL,NULL,NULL,NULL
26792,NULL,0,NULL,NULL,NULL,NULL,NULL,NULL
26512,NULL,0,NULL,NULL,NULL,NULL,NULL,NULL
28066,NULL,0,NULL,NULL,NULL,NULL,NULL,NULL
28067,NULL,0,NULL,NULL,NULL,NULL,NULL,NULL
28068,NULL,0,NULL,NULL,NULL,NULL,NULL,NULL
26377,NULL,0,NULL,NULL,NULL,NULL,NULL,NULL
26306,NULL,0.6,NULL,NULL,NULL,NULL,NULL,NULL
28106,NULL,0,NULL,NULL,NULL,NULL,NULL,NULL
26303,NULL,1.0,NULL,NULL,NULL,NULL,NULL,NULL
26284,NULL,1.0,NULL,NULL,NULL,NULL,NULL,NULL
26279,NULL,1.0,NULL,NULL,NULL,NULL,NULL,NULL
28189,NULL,0,NULL,NULL,NULL,NULL,NULL,NULL
26278,NULL,0,NULL,NULL,NULL,NULL,NULL,NULL
26270,NULL,2.0,NULL,NULL,NULL,NULL,NULL,NULL
26267,NULL,0,NULL,NULL,NULL,NULL,NULL,NULL
28211,NULL,2.0,NULL,NULL,NULL,NULL,NULL,NULL
28212,NULL,0,NULL,NULL,NULL,NULL,NULL,NULL
26227,NULL,2.0,NULL,NULL,NULL,NULL,NULL,NULL
26107,NULL,0,NULL,NULL,NULL,NULL,NULL,NULL
26102,NULL,0,NULL,NULL,NULL,NULL,NULL,NULL
26097,NULL,0,NULL,NULL,NULL,NULL,NULL,NULL
26078,NULL,0,NULL,NULL,NULL,NULL,NULL,NULL
26062,NULL,0,NULL,NULL,NULL,NULL,NULL,NULL
26057,NULL,0.5,NULL,NULL,NULL,NULL,NULL,NULL
26055,NULL,0,NULL,NULL,NULL,NULL,NULL,NULL
26016,NULL,1.0,NULL,NULL,NULL,NULL,NULL,NULL
28274,NULL,1.0,NULL,NULL,NULL,NULL,NULL,NULL
26015,NULL,0,NULL,NULL,NULL,NULL,NULL,NULL
26014,NULL,1.0,NULL,NULL,NULL,NULL,NULL,NULL
26013,NULL,1.0,NULL,NULL,NULL,NULL,NULL,NULL
25998,NULL,0,NULL,NULL,NULL,NULL,NULL,NULL
25974,NULL,1.0,NULL,NULL,NULL,NULL,NULL,NULL
28305,NULL,0,NULL,NULL,NULL,NULL,NULL,NULL
25874,NULL,0.5,NULL,NULL,NULL,NULL,NULL,NULL
25739,NULL,0,NULL,NULL,NULL,NULL,NULL,NULL
25715,NULL,3.5,NULL,NULL,NULL,NULL,NULL,NULL
25687,NULL,0,NULL,NULL,NULL,NULL,NULL,NULL
28342,NULL,2.0,NULL,NULL,NULL,NULL,NULL,NULL
28345,NULL,0,NULL,NULL,NULL,NULL,NULL,NULL
25679,NULL,1.0,NULL,NULL,NULL,NULL,NULL,NULL
25678,NULL,1.19,NULL,NULL,NULL,NULL,NULL,NULL
25676,NULL,2.0,NULL,NULL,NULL,NULL,NULL,NULL
25674,NULL,5.0,NULL,NULL,NULL,NULL,NULL,NULL
28365,NULL,0,NULL,NULL,NULL,NULL,NULL,NULL
25670,NULL,0,NULL,NULL,NULL,NULL,NULL,NULL
25666,NULL,0,NULL,NULL,NULL,NULL,NULL,NULL
25663,NULL,1.0,NULL,NULL,NULL,NULL,NULL,NULL
25660,NULL,1.5,NULL,NULL,NULL,NULL,NULL,NULL
25658,NULL,1.33,NULL,NULL,NULL,NULL,NULL,NULL
28419,NULL,0,NULL,NULL,NULL,NULL,NULL,NULL
25657,NULL,0,NULL,NULL,NULL,NULL,NULL,NULL
28432,NULL,1.0,NULL,NULL,NULL,NULL,NULL,NULL
28436,NULL,0,NULL,NULL,NULL,NULL,NULL,NULL
28437,NULL,0,NULL,NULL,NULL,NULL,NULL,NULL
25656,NULL,0.5,NULL,NULL,NULL,NULL,NULL,NULL
25647,NULL,1.0,NULL,NULL,NULL,NULL,NULL,NULL
25643,NULL,0,NULL,NULL,NULL,NULL,NULL,NULL
28446,NULL,0,NULL,NULL,NULL,NULL,NULL,NULL
28448,NULL,0,NULL,NULL,NULL,NULL,NULL,NULL
28449,NULL,1.5,NULL,NULL,NULL,NULL,NULL,NULL
25621,NULL,2.0,NULL,NULL,NULL,NULL,NULL,NULL
28618,NULL,0,NULL,NULL,NULL,NULL,NULL,NULL
25586,NULL,0,NULL,NULL,NULL,NULL,NULL,NULL
25585,NULL,0,NULL,NULL,NULL,NULL,NULL,NULL
25570,NULL,1.0,NULL,NULL,NULL,NULL,NULL,NULL
25567,NULL,1.0,NULL,NULL,NULL,NULL,NULL,NULL
28768,NULL,0,NULL,NULL,NULL,NULL,NULL,NULL
28772,NULL,0.5,NULL,NULL,NULL,NULL,NULL,NULL
25566,NULL,2.0,NULL,NULL,NULL,NULL,NULL,NULL
28774,NULL,2.0,NULL,NULL,NULL,NULL,NULL,NULL
25562,NULL,2.0,NULL,NULL,NULL,NULL,NULL,NULL
28780,NULL,0,NULL,NULL,NULL,NULL,NULL,NULL
28781,NULL,3.0,NULL,NULL,NULL,NULL,NULL,NULL
25554,NULL,0,NULL,NULL,NULL,NULL,NULL,NULL
28784,NULL,1.0,NULL,NULL,NULL,NULL,NULL,NULL
28786,NULL,2.75,NULL,NULL,NULL,NULL,NULL,NULL
28787,NULL,2.0,NULL,NULL,NULL,NULL,NULL,NULL
28788,NULL,0,NULL,NULL,NULL,NULL,NULL,NULL
25490,NULL,0,NULL,NULL,NULL,NULL,NULL,NULL
25058,NULL,1.0,NULL,NULL,NULL,NULL,NULL,NULL
25056,NULL,2.0,NULL,NULL,NULL,NULL,NULL,NULL
25050,NULL,0,NULL,NULL,NULL,NULL,NULL,NULL
24914,NULL,0,NULL,NULL,NULL,NULL,NULL,NULL
24764,NULL,0,NULL,NULL,NULL,NULL,NULL,NULL
24170,NULL,1.0,NULL,NULL,NULL,NULL,NULL,NULL
24167,NULL,0,NULL,NULL,NULL,NULL,NULL,NULL
24114,NULL,0,NULL,NULL,NULL,NULL,NULL,NULL
28840,NULL,0,NULL,NULL,NULL,NULL,NULL,NULL
24040,NULL,3.88,NULL,NULL,NULL,NULL,NULL,NULL
28843,NULL,1.0,NULL,NULL,NULL,NULL,NULL,NULL
24038,NULL,0,NULL,NULL,NULL,NULL,NULL,NULL
24037,NULL,0.33,NULL,NULL,NULL,NULL,NULL,NULL
24036,NULL,1.0,NULL,NULL,NULL,NULL,NULL,NULL
24032,NULL,2.0,NULL,NULL,NULL,NULL,NULL,NULL
24027,NULL,1.0,NULL,NULL,NULL,NULL,NULL,NULL
24026,NULL,0.5,NULL,NULL,NULL,NULL,NULL,NULL
24017,NULL,1.0,NULL,NULL,NULL,NULL,NULL,NULL
28888,NULL,0,NULL,NULL,NULL,NULL,NULL,NULL
24006,NULL,2.0,NULL,NULL,NULL,NULL,NULL,NULL
23881,NULL,0.5,NULL,NULL,NULL,NULL,NULL,NULL
23873,NULL,0,NULL,NULL,NULL,NULL,NULL,NULL
23808,NULL,0,NULL,NULL,NULL,NULL,NULL,NULL
23807,NULL,0,NULL,NULL,NULL,NULL,NULL,NULL
23804,NULL,0,NULL,NULL,NULL,NULL,NULL,NULL
23738,NULL,0,NULL,NULL,NULL,NULL,NULL,NULL
23729,NULL,1.0,NULL,NULL,NULL,NULL,NULL,NULL
28914,NULL,1.0,NULL,NULL,NULL,NULL,NULL,NULL
23728,NULL,0,NULL,NULL,NULL,NULL,NULL,NULL
23725,NULL,2.0,NULL,NULL,NULL,NULL,NULL,NULL
23716,NULL,0,NULL,NULL,NULL,NULL,NULL,NULL
23709,NULL,0,NULL,NULL,NULL,NULL,NULL,NULL
23704,NULL,0,NULL,NULL,NULL,NULL,NULL,NULL
23692,NULL,0,NULL,NULL,NULL,NULL,NULL,NULL
23678,NULL,1.36,NULL,NULL,NULL,NULL,NULL,NULL
23675,NULL,0,NULL,NULL,NULL,NULL,NULL,NULL
23673,NULL,2.0,NULL,NULL,NULL,NULL,NULL,NULL
20104,NULL,0,NULL,NULL,NULL,NULL,NULL,NULL
23670,NULL,0,NULL,NULL,NULL,NULL,NULL,NULL
20107,NULL,1.0,NULL,NULL,NULL,NULL,NULL,NULL
20110,NULL,3.0,NULL,NULL,NULL,NULL,NULL,NULL
28979,NULL,0,NULL,NULL,NULL,NULL,NULL,NULL
23663,NULL,1.0,NULL,NULL,NULL,NULL,NULL,NULL
28992,NULL,1.0,NULL,NULL,NULL,NULL,NULL,NULL
20113,NULL,2.5,NULL,NULL,NULL,NULL,NULL,NULL
20124,NULL,0,NULL,NULL,NULL,NULL,NULL,NULL
20127,NULL,0,NULL,NULL,NULL,NULL,NULL,NULL
29002,NULL,1.0,NULL,NULL,NULL,NULL,NULL,NULL
23658,NULL,2.0,NULL,NULL,NULL,NULL,NULL,NULL
20129,NULL,1.0,NULL,NULL,NULL,NULL,NULL,NULL
29024,NULL,0,NULL,NULL,NULL,NULL,NULL,NULL
29028,NULL,0,NULL,NULL,NULL,NULL,NULL,NULL
20202,NULL,0.5,NULL,NULL,NULL,NULL,NULL,NULL
20204,NULL,0,NULL,NULL,NULL,NULL,NULL,NULL
29032,NULL,1.0,NULL,NULL,NULL,NULL,NULL,NULL
20207,NULL,1.33,NULL,NULL,NULL,NULL,NULL,NULL
20211,NULL,0,NULL,NULL,NULL,NULL,NULL,NULL
20219,NULL,0,NULL,NULL,NULL,NULL,NULL,NULL
20224,NULL,0,NULL,NULL,NULL,NULL,NULL,NULL
20225,NULL,0,NULL,NULL,NULL,NULL,NULL,NULL
20235,NULL,0,NULL,NULL,NULL,NULL,NULL,NULL
29150,NULL,1.0,NULL,NULL,NULL,NULL,NULL,NULL
20236,NULL,0,NULL,NULL,NULL,NULL,NULL,NULL
20248,NULL,1.0,NULL,NULL,NULL,NULL,NULL,NULL
29156,NULL,2.0,NULL,NULL,NULL,NULL,NULL,NULL
23629,NULL,0,NULL,NULL,NULL,NULL,NULL,NULL
23625,NULL,2.0,NULL,NULL,NULL,NULL,NULL,NULL
20265,NULL,0,NULL,NULL,NULL,NULL,NULL,NULL
29164,NULL,0,NULL,NULL,NULL,NULL,NULL,NULL
29165,NULL,1.0,NULL,NULL,NULL,NULL,NULL,NULL
20269,NULL,0,NULL,NULL,NULL,NULL,NULL,NULL
23618,NULL,0,NULL,NULL,NULL,NULL,NULL,NULL
23617,NULL,1.0,NULL,NULL,NULL,NULL,NULL,NULL
29191,NULL,2.0,NULL,NULL,NULL,NULL,NULL,NULL
29210,NULL,1.0,NULL,NULL,NULL,NULL,NULL,NULL
29223,NULL,0.5,NULL,NULL,NULL,NULL,NULL,NULL
20272,NULL,1.0,NULL,NULL,NULL,NULL,NULL,NULL
29228,NULL,0,NULL,NULL,NULL,NULL,NULL,NULL
20282,NULL,1.0,NULL,NULL,NULL,NULL,NULL,NULL
20317,NULL,0,NULL,NULL,NULL,NULL,NULL,NULL
20333,NULL,10.0,NULL,NULL,NULL,NULL,NULL,NULL
29263,NULL,0,NULL,NULL,NULL,NULL,NULL,NULL
29264,NULL,1.0,NULL,NULL,NULL,NULL,NULL,NULL
23608,NULL,1.0,NULL,NULL,NULL,NULL,NULL,NULL
23606,NULL,0,NULL,NULL,NULL,NULL,NULL,NULL
29281,NULL,2.0,NULL,NULL,NULL,NULL,NULL,NULL
29285,NULL,0,NULL,NULL,NULL,NULL,NULL,NULL
20431,NULL,1.0,NULL,NULL,NULL,NULL,NULL,NULL
23598,NULL,0,NULL,NULL,NULL,NULL,NULL,NULL
29342,NULL,0,NULL,NULL,NULL,NULL,NULL,NULL
29353,NULL,1.0,NULL,NULL,NULL,NULL,NULL,NULL
29396,NULL,0,NULL,NULL,NULL,NULL,NULL,NULL
23596,NULL,1.0,NULL,NULL,NULL,NULL,NULL,NULL
20495,NULL,0.5,NULL,NULL,NULL,NULL,NULL,NULL
20502,NULL,0,NULL,NULL,NULL,NULL,NULL,NULL
20540,NULL,0,NULL,NULL,NULL,NULL,NULL,NULL
23585,NULL,0,NULL,NULL,NULL,NULL,NULL,NULL
29440,NULL,0,NULL,NULL,NULL,NULL,NULL,NULL
20542,NULL,0,NULL,NULL,NULL,NULL,NULL,NULL
20546,NULL,0,NULL,NULL,NULL,NULL,NULL,NULL
20548,NULL,1.0,NULL,NULL,NULL,NULL,NULL,NULL
29513,NULL,0,NULL,NULL,NULL,NULL,NULL,NULL
29534,NULL,0,NULL,NULL,NULL,NULL,NULL,NULL
29536,NULL,0,NULL,NULL,NULL,NULL,NULL,NULL
29537,NULL,0,NULL,NULL,NULL,NULL,NULL,NULL
29542,NULL,1.0,NULL,NULL,NULL,NULL,NULL,NULL
29556,NULL,0,NULL,NULL,NULL,NULL,NULL,NULL
29558,NULL,0,NULL,NULL,NULL,NULL,NULL,NULL
20676,NULL,0,NULL,NULL,NULL,NULL,NULL,NULL
29591,NULL,0.33,NULL,NULL,NULL,NULL,NULL,NULL
29592,NULL,1.0,NULL,NULL,NULL,NULL,NULL,NULL
20753,NULL,0,NULL,NULL,NULL,NULL,NULL,NULL
20769,NULL,0,NULL,NULL,NULL,NULL,NULL,NULL
29615,NULL,1.0,NULL,NULL,NULL,NULL,NULL,NULL
29616,NULL,0,NULL,NULL,NULL,NULL,NULL,NULL
20775,NULL,0,NULL,NULL,NULL,NULL,NULL,NULL
29667,NULL,0,NULL,NULL,NULL,NULL,NULL,NULL
20780,NULL,3.0,NULL,NULL,NULL,NULL,NULL,NULL
29699,NULL,0,NULL,NULL,NULL,NULL,NULL,NULL
29727,NULL,0,NULL,NULL,NULL,NULL,NULL,NULL
20784,NULL,0.33,NULL,NULL,NULL,NULL,NULL,NULL
23559,NULL,0,NULL,NULL,NULL,NULL,NULL,NULL
20786,NULL,0,NULL,NULL,NULL,NULL,NULL,NULL
29758,NULL,0,NULL,NULL,NULL,NULL,NULL,NULL
23541,NULL,5.0,NULL,NULL,NULL,NULL,NULL,NULL
29764,NULL,1.0,NULL,NULL,NULL,NULL,NULL,NULL
20788,NULL,0,NULL,NULL,NULL,NULL,NULL,NULL
20793,NULL,2.33,NULL,NULL,NULL,NULL,NULL,NULL
20808,NULL,2.0,NULL,NULL,NULL,NULL,NULL,NULL
20810,NULL,5.0,NULL,NULL,NULL,NULL,NULL,NULL
29955,NULL,0,NULL,NULL,NULL,NULL,NULL,NULL
29956,NULL,5.0,NULL,NULL,NULL,NULL,NULL,NULL
29958,NULL,"0",NULL,NULL,NULL,NULL,NULL,NULL
20922,NULL,"1.00",NULL,NULL,NULL,NULL,NULL,NULL
21316,NULL,"0",NULL,NULL,NULL,NULL,NULL,NULL
21426,NULL,"1.00",NULL,NULL,NULL,NULL,NULL,NULL
21441,NULL,"0",NULL,NULL,NULL,NULL,NULL,NULL
23518,NULL,"0",NULL,NULL,NULL,NULL,NULL,NULL
30039,NULL,"1.50",NULL,NULL,NULL,NULL,NULL,NULL
21522,NULL,"0",NULL,NULL,NULL,NULL,NULL,NULL
30044,NULL,"1.00",NULL,NULL,NULL,NULL,NULL,NULL
30046,NULL,"2.00",NULL,NULL,NULL,NULL,NULL,NULL
21527,NULL,"0",NULL,NULL,NULL,NULL,NULL,NULL
23514,NULL,"1.00",NULL,NULL,NULL,NULL,NULL,NULL
21530,NULL,"1.00",NULL,NULL,NULL,NULL,NULL,NULL
30054,NULL,"0.33",NULL,NULL,NULL,NULL,NULL,NULL
21561,NULL,"0.33",NULL,NULL,NULL,NULL,NULL,NULL
21571,NULL,"0",NULL,NULL,NULL,NULL,NULL,NULL
30070,NULL,"0",NULL,NULL,NULL,NULL,NULL,NULL
23489,NULL,"1.00",NULL,NULL,NULL,NULL,NULL,NULL
30074,NULL,"1.00",NULL,NULL,NULL,NULL,NULL,NULL
30075,NULL,"2.00",NULL,NULL,NULL,NULL,NULL,NULL
21576,NULL,"0",NULL,NULL,NULL,NULL,NULL,NULL
30093,NULL,"0",NULL,NULL,NULL,NULL,NULL,NULL
30100,NULL,"1.00",NULL,NULL,NULL,NULL,NULL,NULL
21578,NULL,"2.50",NULL,NULL,NULL,NULL,NULL,NULL
23485,NULL,"5.00",NULL,NULL,NULL,NULL,NULL,NULL
21580,NULL,"0",NULL,NULL,NULL,NULL,NULL,NULL
21583,NULL,"3.50",NULL,NULL,NULL,NULL,NULL,NULL
21589,NULL,"0",NULL,NULL,NULL,NULL,NULL,NULL
21590,NULL,"0",NULL,NULL,NULL,NULL,NULL,NULL
30143,NULL,"0",NULL,NULL,NULL,NULL,NULL,NULL
21593,NULL,"1.00",NULL,NULL,NULL,NULL,NULL,NULL
23478,NULL,"0",NULL,NULL,NULL,NULL,NULL,NULL
23477,NULL,"0",NULL,NULL,NULL,NULL,NULL,NULL
30151,NULL,"0",NULL,NULL,NULL,NULL,NULL,NULL
21595,NULL,"2.00",NULL,NULL,NULL,NULL,NULL,NULL
21603,NULL,"1.00",NULL,NULL,NULL,NULL,NULL,NULL
21620,NULL,"5.00",NULL,NULL,NULL,NULL,NULL,NULL
30170,NULL,"0",NULL,NULL,NULL,NULL,NULL,NULL
30172,NULL,"0",NULL,NULL,NULL,NULL,NULL,NULL
30173,NULL,"0",NULL,NULL,NULL,NULL,NULL,NULL
23472,NULL,"1.00",NULL,NULL,NULL,NULL,NULL,NULL
21623,NULL,"1.00",NULL,NULL,NULL,NULL,NULL,NULL
23470,NULL,"3.14",NULL,NULL,NULL,NULL,NULL,NULL
21633,NULL,"2.00",NULL,NULL,NULL,NULL,NULL,NULL
21637,NULL,"1.33",NULL,NULL,NULL,NULL,NULL,NULL
30189,NULL,"0",NULL,NULL,NULL,NULL,NULL,NULL
21640,NULL,"1.00",NULL,NULL,NULL,NULL,NULL,NULL
30194,NULL,"2.00",NULL,NULL,NULL,NULL,NULL,NULL
30195,NULL,"0",NULL,NULL,NULL,NULL,NULL,NULL
21641,NULL,"0",NULL,NULL,NULL,NULL,NULL,NULL
21642,NULL,"0",NULL,NULL,NULL,NULL,NULL,NULL
21644,NULL,"1.00",NULL,NULL,NULL,NULL,NULL,NULL
30214,NULL,"0",NULL,NULL,NULL,NULL,NULL,NULL
30221,NULL,"2.00",NULL,NULL,NULL,NULL,NULL,NULL
30224,NULL,"0",NULL,NULL,NULL,NULL,NULL,NULL
21649,NULL,"1.00",NULL,NULL,NULL,NULL,NULL,NULL
21650,NULL,"2.50",NULL,NULL,NULL,NULL,NULL,NULL
23458,NULL,"1.67",NULL,NULL,NULL,NULL,NULL,NULL
21651,NULL,"1.00",NULL,NULL,NULL,NULL,NULL,NULL
21652,NULL,"2.40",NULL,NULL,NULL,NULL,NULL,NULL
30250,NULL,"0",NULL,NULL,NULL,NULL,NULL,NULL
30253,NULL,"0",NULL,NULL,NULL,NULL,NULL,NULL
30255,NULL,"0",NULL,NULL,NULL,NULL,NULL,NULL
30258,NULL,"0",NULL,NULL,NULL,NULL,NULL,NULL
21676,NULL,"0",NULL,NULL,NULL,NULL,NULL,NULL
30278,NULL,"2.00",NULL,NULL,NULL,NULL,NULL,NULL
30279,NULL,"3.00",NULL,NULL,NULL,NULL,NULL,NULL
30452,NULL,"0",NULL,NULL,NULL,NULL,NULL,NULL
21689,NULL,"0",NULL,NULL,NULL,NULL,NULL,NULL
21702,NULL,"1.00",NULL,NULL,NULL,NULL,NULL,NULL
21717,NULL,"0",NULL,NULL,NULL,NULL,NULL,NULL
21721,NULL,"0",NULL,NULL,NULL,NULL,NULL,NULL
30536,NULL,"4.00",NULL,NULL,NULL,NULL,NULL,NULL
21752,NULL,"0",NULL,NULL,NULL,NULL,NULL,NULL
21755,NULL,"0",NULL,NULL,NULL,NULL,NULL,NULL
30541,NULL,"0",NULL,NULL,NULL,NULL,NULL,NULL
30543,NULL,"2.00",NULL,NULL,NULL,NULL,NULL,NULL
21756,NULL,"0",NULL,NULL,NULL,NULL,NULL,NULL
21778,NULL,"0",NULL,NULL,NULL,NULL,NULL,NULL
21791,NULL,"2.00",NULL,NULL,NULL,NULL,NULL,NULL
30636,NULL,"0",NULL,NULL,NULL,NULL,NULL,NULL
21794,NULL,"0",NULL,NULL,NULL,NULL,NULL,NULL
21797,NULL,"1.00",NULL,NULL,NULL,NULL,NULL,NULL
23421,NULL,"0",NULL,NULL,NULL,NULL,NULL,NULL
21808,NULL,"2.00",NULL,NULL,NULL,NULL,NULL,NULL
21815,NULL,"0",NULL,NULL,NULL,NULL,NULL,NULL
21816,NULL,"0",NULL,NULL,NULL,NULL,NULL,NULL
21821,NULL,"0.60",NULL,NULL,NULL,NULL,NULL,NULL
21822,NULL,"0",NULL,NULL,NULL,NULL,NULL,NULL
21885,NULL,"2.00",NULL,NULL,NULL,NULL,NULL,NULL
30772,NULL,"0",NULL,NULL,NULL,NULL,NULL,NULL
21910,NULL,"0",NULL,NULL,NULL,NULL,NULL,NULL
21976,NULL,"0",NULL,NULL,NULL,NULL,NULL,NULL
21977,NULL,"0",NULL,NULL,NULL,NULL,NULL,NULL
21980,NULL,"1.00",NULL,NULL,NULL,NULL,NULL,NULL
30780,NULL,"1.00",NULL,NULL,NULL,NULL,NULL,NULL
22028,NULL,"0",NULL,NULL,NULL,NULL,NULL,NULL
22032,NULL,"0",NULL,NULL,NULL,NULL,NULL,NULL
22049,NULL,"0",NULL,NULL,NULL,NULL,NULL,NULL
22052,NULL,"0.50",NULL,NULL,NULL,NULL,NULL,NULL
23387,NULL,"2.00",NULL,NULL,NULL,NULL,NULL,NULL
22140,NULL,"0",NULL,NULL,NULL,NULL,NULL,NULL
23385,NULL,"0",NULL,NULL,NULL,NULL,NULL,NULL
30946,NULL,"0",NULL,NULL,NULL,NULL,NULL,NULL
22142,NULL,"2.00",NULL,NULL,NULL,NULL,NULL,NULL
22177,NULL,"0",NULL,NULL,NULL,NULL,NULL,NULL
22212,NULL,"0",NULL,NULL,NULL,NULL,NULL,NULL
22224,NULL,"0",NULL,NULL,NULL,NULL,NULL,NULL
22232,NULL,"2.00",NULL,NULL,NULL,NULL,NULL,NULL
30965,NULL,"1.00",NULL,NULL,NULL,NULL,NULL,NULL
22245,NULL,"1.00",NULL,NULL,NULL,NULL,NULL,NULL
23374,NULL,"1.50",NULL,NULL,NULL,NULL,NULL,NULL
22254,NULL,"9.00",NULL,NULL,NULL,NULL,NULL,NULL
30977,NULL,"2.00",NULL,NULL,NULL,NULL,NULL,NULL
31005,NULL,"0",NULL,NULL,NULL,NULL,NULL,NULL
31006,NULL,"0",NULL,NULL,NULL,NULL,NULL,NULL
31009,NULL,"1.00",NULL,NULL,NULL,NULL,NULL,NULL
31011,NULL,"1.00",NULL,NULL,NULL,NULL,NULL,NULL
31092,NULL,"1.00",NULL,NULL,NULL,NULL,NULL,NULL
31112,NULL,"0",NULL,NULL,NULL,NULL,NULL,NULL
22263,NULL,"1.00",NULL,NULL,NULL,NULL,NULL,NULL
31375,NULL,"0",NULL,NULL,NULL,NULL,NULL,NULL
23369,NULL,"2.00",NULL,NULL,NULL,NULL,NULL,NULL
22264,NULL,"0",NULL,NULL,NULL,NULL,NULL,NULL
22266,NULL,"0",NULL,NULL,NULL,NULL,NULL,NULL
31855,NULL,"0",NULL,NULL,NULL,NULL,NULL,NULL
31878,NULL,"0",NULL,NULL,NULL,NULL,NULL,NULL
22275,NULL,"2.00",NULL,NULL,NULL,NULL,NULL,NULL
22299,NULL,"1.00",NULL,NULL,NULL,NULL,NULL,NULL
22305,NULL,"0",NULL,NULL,NULL,NULL,NULL,NULL
31902,NULL,"2.00",NULL,NULL,NULL,NULL,NULL,NULL
22313,NULL,"0",NULL,NULL,NULL,NULL,NULL,NULL
22322,NULL,"1.00",NULL,NULL,NULL,NULL,NULL,NULL
22323,NULL,"1.00",NULL,NULL,NULL,NULL,NULL,NULL
31936,NULL,"0",NULL,NULL,NULL,NULL,NULL,NULL
31938,NULL,"0",NULL,NULL,NULL,NULL,NULL,NULL
31943,NULL,"0",NULL,NULL,NULL,NULL,NULL,NULL
22398,NULL,"0",NULL,NULL,NULL,NULL,NULL,NULL
31973,NULL,"0",NULL,NULL,NULL,NULL,NULL,NULL
31987,NULL,"0",NULL,NULL,NULL,NULL,NULL,NULL
22431,NULL,"1.00",NULL,NULL,NULL,NULL,NULL,NULL
23347,NULL,"2.00",NULL,NULL,NULL,NULL,NULL,NULL
32249,NULL,"0",NULL,NULL,NULL,NULL,NULL,NULL
23346,NULL,"0",NULL,NULL,NULL,NULL,NULL,NULL
22432,NULL,"1.50",NULL,NULL,NULL,NULL,NULL,NULL
22437,NULL,"2.00",NULL,NULL,NULL,NULL,NULL,NULL
32325,NULL,"0",NULL,NULL,NULL,NULL,NULL,NULL
22439,NULL,"0",NULL,NULL,NULL,NULL,NULL,NULL
32330,NULL,"0.50",NULL,NULL,NULL,NULL,NULL,NULL
22440,NULL,"0",NULL,NULL,NULL,NULL,NULL,NULL
32478,NULL,"0",NULL,NULL,NULL,NULL,NULL,NULL
22446,NULL,"1.00",NULL,NULL,NULL,NULL,NULL,NULL
32490,NULL,"0",NULL,NULL,NULL,NULL,NULL,NULL
32491,NULL,"0",NULL,NULL,NULL,NULL,NULL,NULL
32508,NULL,"0",NULL,NULL,NULL,NULL,NULL,NULL
32529,NULL,"1.00",NULL,NULL,NULL,NULL,NULL,NULL
32536,NULL,"1.00",NULL,NULL,NULL,NULL,NULL,NULL
22450,NULL,"0",NULL,NULL,NULL,NULL,NULL,NULL
23335,NULL,"3.00",NULL,NULL,NULL,NULL,NULL,NULL
22508,NULL,"1.00",NULL,NULL,NULL,NULL,NULL,NULL
23331,NULL,"0.33",NULL,NULL,NULL,NULL,NULL,NULL
22524,NULL,"1.00",NULL,NULL,NULL,NULL,NULL,NULL
22542,NULL,"1.00",NULL,NULL,NULL,NULL,NULL,NULL
32618,NULL,"0",NULL,NULL,NULL,NULL,NULL,NULL
32619,NULL,"0",NULL,NULL,NULL,NULL,NULL,NULL
22567,NULL,"0",NULL,NULL,NULL,NULL,NULL,NULL
32623,NULL,"0",NULL,NULL,NULL,NULL,NULL,NULL
32624,NULL,"0",NULL,NULL,NULL,NULL,NULL,NULL
32626,NULL,"0",NULL,NULL,NULL,NULL,NULL,NULL
32636,NULL,"0",NULL,NULL,NULL,NULL,NULL,NULL
32647,NULL,"0",NULL,NULL,NULL,NULL,NULL,NULL
32656,NULL,"1.00",NULL,NULL,NULL,NULL,NULL,NULL
33060,NULL,"0",NULL,NULL,NULL,NULL,NULL,NULL
23324,NULL,"0",NULL,NULL,NULL,NULL,NULL,NULL
33697,NULL,"0",NULL,NULL,NULL,NULL,NULL,NULL
22571,NULL,"0",NULL,NULL,NULL,NULL,NULL,NULL
33962,NULL,"0",NULL,NULL,NULL,NULL,NULL,NULL
22579,NULL,"1.00",NULL,NULL,NULL,NULL,NULL,NULL
22593,NULL,"0",NULL,NULL,NULL,NULL,NULL,NULL
33998,NULL,"0",NULL,NULL,NULL,NULL,NULL,NULL
34071,NULL,"0",NULL,NULL,NULL,NULL,NULL,NULL
34083,NULL,"0",NULL,NULL,NULL,NULL,NULL,NULL
34340,NULL,"0",NULL,NULL,NULL,NULL,NULL,NULL
22599,NULL,"0",NULL,NULL,NULL,NULL,NULL,NULL
22608,NULL,"2.00",NULL,NULL,NULL,NULL,NULL,NULL
22612,NULL,"2.50",NULL,NULL,NULL,NULL,NULL,NULL
23312,NULL,"0",NULL,NULL,NULL,NULL,NULL,NULL
34460,NULL,"0",NULL,NULL,NULL,NULL,NULL,NULL
34476,NULL,"1.00",NULL,NULL,NULL,NULL,NULL,NULL
23309,NULL,"0.50",NULL,NULL,NULL,NULL,NULL,NULL
22615,NULL,"0.75",NULL,NULL,NULL,NULL,NULL,NULL
34664,NULL,"0",NULL,NULL,NULL,NULL,NULL,NULL
34724,NULL,"0",NULL,NULL,NULL,NULL,NULL,NULL
34779,NULL,"0",NULL,NULL,NULL,NULL,NULL,NULL
34901,NULL,"0",NULL,NULL,NULL,NULL,NULL,NULL
22622,NULL,"0",NULL,NULL,NULL,NULL,NULL,NULL
22627,NULL,"1.00",NULL,NULL,NULL,NULL,NULL,NULL
34948,NULL,"0",NULL,NULL,NULL,NULL,NULL,NULL
34957,NULL,"0",NULL,NULL,NULL,NULL,NULL,NULL
22632,NULL,"0",NULL,NULL,NULL,NULL,NULL,NULL
22643,NULL,"2.00",NULL,NULL,NULL,NULL,NULL,NULL
22644,NULL,"1.00",NULL,NULL,NULL,NULL,NULL,NULL
35023,NULL,"0",NULL,NULL,NULL,NULL,NULL,NULL
22645,NULL,"0",NULL,NULL,NULL,NULL,NULL,NULL
35041,NULL,"1.00",NULL,NULL,NULL,NULL,NULL,NULL
35046,NULL,"0",NULL,NULL,NULL,NULL,NULL,NULL
22648,NULL,"0",NULL,NULL,NULL,NULL,NULL,NULL
35056,NULL,"1.00",NULL,NULL,NULL,NULL,NULL,NULL
22654,NULL,"2.50",NULL,NULL,NULL,NULL,NULL,NULL
35072,NULL,"0",NULL,NULL,NULL,NULL,NULL,NULL
22656,NULL,"3.00",NULL,NULL,NULL,NULL,NULL,NULL
22657,NULL,"4.00",NULL,NULL,NULL,NULL,NULL,NULL
22667,NULL,"0.83",NULL,NULL,NULL,NULL,NULL,NULL
35451,NULL,"0",NULL,NULL,NULL,NULL,NULL,NULL
35452,NULL,"0",NULL,NULL,NULL,NULL,NULL,NULL
35455,NULL,"0",NULL,NULL,NULL,NULL,NULL,NULL
22678,NULL,"2.00",NULL,NULL,NULL,NULL,NULL,NULL
35485,NULL,"0",NULL,NULL,NULL,NULL,NULL,NULL
35499,NULL,"0",NULL,NULL,NULL,NULL,NULL,NULL
22680,NULL,"1.00",NULL,NULL,NULL,NULL,NULL,NULL
35505,NULL,"0",NULL,NULL,NULL,NULL,NULL,NULL
35508,NULL,"0",NULL,NULL,NULL,NULL,NULL,NULL
35513,NULL,"0",NULL,NULL,NULL,NULL,NULL,NULL
22682,NULL,"0",NULL,NULL,NULL,NULL,NULL,NULL
22683,NULL,"1.00",NULL,NULL,NULL,NULL,NULL,NULL
22690,NULL,"1.60",NULL,NULL,NULL,NULL,NULL,NULL
22696,NULL,"0",NULL,NULL,NULL,NULL,NULL,NULL
35589,NULL,"0",NULL,NULL,NULL,NULL,NULL,NULL
35601,NULL,"1.00",NULL,NULL,NULL,NULL,NULL,NULL
35662,NULL,"0",NULL,NULL,NULL,NULL,NULL,NULL
22698,NULL,"0.50",NULL,NULL,NULL,NULL,NULL,NULL
35705,NULL,"0",NULL,NULL,NULL,NULL,NULL,NULL
35724,NULL,"0",NULL,NULL,NULL,NULL,NULL,NULL
23245,NULL,"0.50",NULL,NULL,NULL,NULL,NULL,NULL
22699,NULL,"1.00",NULL,NULL,NULL,NULL,NULL,NULL
35766,NULL,"0",NULL,NULL,NULL,NULL,NULL,NULL
35825,NULL,"0",NULL,NULL,NULL,NULL,NULL,NULL
35888,NULL,"1.00",NULL,NULL,NULL,NULL,NULL,NULL
35931,NULL,"0",NULL,NULL,NULL,NULL,NULL,NULL
22700,NULL,"1.50",NULL,NULL,NULL,NULL,NULL,NULL
35948,NULL,"0",NULL,NULL,NULL,NULL,NULL,NULL
35963,NULL,"0",NULL,NULL,NULL,NULL,NULL,NULL
35969,NULL,"2.00",NULL,NULL,NULL,NULL,NULL,NULL
35971,NULL,"0",NULL,NULL,NULL,NULL,NULL,NULL
22704,NULL,"0.86",NULL,NULL,NULL,NULL,NULL,NULL
35984,NULL,"2.00",NULL,NULL,NULL,NULL,NULL,NULL
22708,NULL,"0.50",NULL,NULL,NULL,NULL,NULL,NULL
36226,NULL,"0",NULL,NULL,NULL,NULL,NULL,NULL
23230,NULL,"1.00",NULL,NULL,NULL,NULL,NULL,NULL
36244,NULL,"0",NULL,NULL,NULL,NULL,NULL,NULL
36252,NULL,"1.00",NULL,NULL,NULL,NULL,NULL,NULL
23229,NULL,"0",NULL,NULL,NULL,NULL,NULL,NULL
36305,NULL,"0",NULL,NULL,NULL,NULL,NULL,NULL
36307,NULL,"0",NULL,NULL,NULL,NULL,NULL,NULL
22711,NULL,"2.00",NULL,NULL,NULL,NULL,NULL,NULL
36319,NULL,"0",NULL,NULL,NULL,NULL,NULL,NULL
36329,NULL,"0",NULL,NULL,NULL,NULL,NULL,NULL
36330,NULL,"0",NULL,NULL,NULL,NULL,NULL,NULL
36331,NULL,"0",NULL,NULL,NULL,NULL,NULL,NULL
23227,NULL,"1.00",NULL,NULL,NULL,NULL,NULL,NULL
36371,NULL,"0",NULL,NULL,NULL,NULL,NULL,NULL
36384,NULL,"0",NULL,NULL,NULL,NULL,NULL,NULL
36563,NULL,"0",NULL,NULL,NULL,NULL,NULL,NULL
36691,NULL,"1.00",NULL,NULL,NULL,NULL,NULL,NULL
22716,NULL,"1.00",NULL,NULL,NULL,NULL,NULL,NULL
22717,NULL,"1.60",NULL,NULL,NULL,NULL,NULL,NULL
22759,NULL,"0",NULL,NULL,NULL,NULL,NULL,NULL
36855,NULL,"0",NULL,NULL,NULL,NULL,NULL,NULL
36861,NULL,"0",NULL,NULL,NULL,NULL,NULL,NULL
23082,NULL,"0",NULL,NULL,NULL,NULL,NULL,NULL
36870,NULL,"0",NULL,NULL,NULL,NULL,NULL,NULL
23215,NULL,"0",NULL,NULL,NULL,NULL,NULL,NULL
36894,NULL,"0",NULL,NULL,NULL,NULL,NULL,NULL
36914,NULL,"0",NULL,NULL,NULL,NULL,NULL,NULL
23103,NULL,"0",NULL,NULL,NULL,NULL,NULL,NULL
37116,NULL,"1.00",NULL,NULL,NULL,NULL,NULL,NULL
23129,NULL,"0",NULL,NULL,NULL,NULL,NULL,NULL
37135,NULL,"2.00",NULL,NULL,NULL,NULL,NULL,NULL
37136,NULL,"0",NULL,NULL,NULL,NULL,NULL,NULL
23190,NULL,"0",NULL,NULL,NULL,NULL,NULL,NULL
37138,NULL,"0",NULL,NULL,NULL,NULL,NULL,NULL
23191,NULL,"6.00",NULL,NULL,NULL,NULL,NULL,NULL
26107,NULL,NULL,"0",NULL,NULL,NULL,NULL,NULL
37135,NULL,NULL,NULL,NULL,NULL,"2",NULL,NULL
26102,NULL,NULL,"0",NULL,NULL,NULL,NULL,NULL
26097,NULL,NULL,"0",NULL,NULL,NULL,NULL,NULL
26078,NULL,NULL,"0",NULL,NULL,NULL,NULL,NULL
26062,NULL,NULL,"0",NULL,NULL,NULL,NULL,NULL
26057,NULL,NULL,"0",NULL,NULL,NULL,NULL,NULL
26055,NULL,NULL,"0",NULL,NULL,NULL,NULL,NULL
26227,NULL,NULL,"0",NULL,NULL,NULL,NULL,NULL
26016,NULL,NULL,"0",NULL,NULL,NULL,NULL,NULL
26015,NULL,NULL,"0",NULL,NULL,NULL,NULL,NULL
26014,NULL,NULL,"0",NULL,NULL,NULL,NULL,NULL
26013,NULL,NULL,"0",NULL,NULL,NULL,NULL,NULL
25998,NULL,NULL,"0",NULL,NULL,NULL,NULL,NULL
25974,NULL,NULL,"0",NULL,NULL,NULL,NULL,NULL
25874,NULL,NULL,"0",NULL,NULL,NULL,NULL,NULL
25739,NULL,NULL,"0",NULL,NULL,NULL,NULL,NULL
26267,NULL,NULL,"0",NULL,NULL,NULL,NULL,NULL
25715,NULL,NULL,"0",NULL,NULL,NULL,NULL,NULL
26270,NULL,NULL,"0",NULL,NULL,NULL,NULL,NULL
25687,NULL,NULL,"0",NULL,NULL,NULL,NULL,NULL
25679,NULL,NULL,"0",NULL,NULL,NULL,NULL,NULL
25678,NULL,NULL,"0",NULL,NULL,NULL,NULL,NULL
25676,NULL,NULL,"0",NULL,NULL,NULL,NULL,NULL
26278,NULL,NULL,"0",NULL,NULL,NULL,NULL,NULL
26279,NULL,NULL,"0",NULL,NULL,NULL,NULL,NULL
25674,NULL,NULL,"0",NULL,NULL,NULL,NULL,NULL
26284,NULL,NULL,"0",NULL,NULL,NULL,NULL,NULL
25670,NULL,NULL,"0",NULL,NULL,NULL,NULL,NULL
25666,NULL,NULL,"0",NULL,NULL,NULL,NULL,NULL
25663,NULL,NULL,"0",NULL,NULL,NULL,NULL,NULL
25660,NULL,NULL,"0",NULL,NULL,NULL,NULL,NULL
25658,NULL,NULL,"0",NULL,NULL,NULL,NULL,NULL
25657,NULL,NULL,"0",NULL,NULL,NULL,NULL,NULL
25656,NULL,NULL,"0",NULL,NULL,NULL,NULL,NULL
26303,NULL,NULL,"0",NULL,NULL,NULL,NULL,NULL
26306,NULL,NULL,"0",NULL,NULL,NULL,NULL,NULL
25647,NULL,NULL,"0",NULL,NULL,NULL,NULL,NULL
25643,NULL,NULL,"0",NULL,NULL,NULL,NULL,NULL
25621,NULL,NULL,"0",NULL,NULL,NULL,NULL,NULL
25586,NULL,NULL,"0",NULL,NULL,NULL,NULL,NULL
25585,NULL,NULL,"0",NULL,NULL,NULL,NULL,NULL
26377,NULL,NULL,"0",NULL,NULL,NULL,NULL,NULL
25570,NULL,NULL,"0",NULL,NULL,NULL,NULL,NULL
25567,NULL,NULL,"0",NULL,NULL,NULL,NULL,NULL
25566,NULL,NULL,"0",NULL,NULL,NULL,NULL,NULL
25562,NULL,NULL,"0",NULL,NULL,NULL,NULL,NULL
25554,NULL,NULL,"0",NULL,NULL,NULL,NULL,NULL
25490,NULL,NULL,"0",NULL,NULL,NULL,NULL,NULL
25058,NULL,NULL,"0",NULL,NULL,NULL,NULL,NULL
25056,NULL,NULL,"0",NULL,NULL,NULL,NULL,NULL
25050,NULL,NULL,"0",NULL,NULL,NULL,NULL,NULL
26512,NULL,NULL,"0",NULL,NULL,NULL,NULL,NULL
24914,NULL,NULL,"0",NULL,NULL,NULL,NULL,NULL
24764,NULL,NULL,"0",NULL,NULL,NULL,NULL,NULL
24170,NULL,NULL,"0",NULL,NULL,NULL,NULL,NULL
24167,NULL,NULL,"0",NULL,NULL,NULL,NULL,NULL
24114,NULL,NULL,"0",NULL,NULL,NULL,NULL,NULL
24040,NULL,NULL,"0",NULL,NULL,NULL,NULL,NULL
24038,NULL,NULL,"0",NULL,NULL,NULL,NULL,NULL
24037,NULL,NULL,"0",NULL,NULL,NULL,NULL,NULL
24036,NULL,NULL,"0",NULL,NULL,NULL,NULL,NULL
24032,NULL,NULL,"0",NULL,NULL,NULL,NULL,NULL
26792,NULL,NULL,"0",NULL,NULL,NULL,NULL,NULL
26795,NULL,NULL,"0",NULL,NULL,NULL,NULL,NULL
26796,NULL,NULL,"0",NULL,NULL,NULL,NULL,NULL
24027,NULL,NULL,"0",NULL,NULL,NULL,NULL,NULL
24026,NULL,NULL,"0",NULL,NULL,NULL,NULL,NULL
26800,NULL,NULL,"0",NULL,NULL,NULL,NULL,NULL
26801,NULL,NULL,"0",NULL,NULL,NULL,NULL,NULL
24017,NULL,NULL,"0",NULL,NULL,NULL,NULL,NULL
24006,NULL,NULL,"0",NULL,NULL,NULL,NULL,NULL
26810,NULL,NULL,"0",NULL,NULL,NULL,NULL,NULL
26811,NULL,NULL,"0",NULL,NULL,NULL,NULL,NULL
23881,NULL,NULL,"0",NULL,NULL,NULL,NULL,NULL
26814,NULL,NULL,"0",NULL,NULL,NULL,NULL,NULL
26869,NULL,NULL,"0",NULL,NULL,NULL,NULL,NULL
26870,NULL,NULL,"0",NULL,NULL,NULL,NULL,NULL
26873,NULL,NULL,"0",NULL,NULL,NULL,NULL,NULL
23873,NULL,NULL,"0",NULL,NULL,NULL,NULL,NULL
26881,NULL,NULL,"0",NULL,NULL,NULL,NULL,NULL
26882,NULL,NULL,"0",NULL,NULL,NULL,NULL,NULL
23808,NULL,NULL,"0",NULL,NULL,NULL,NULL,NULL
23807,NULL,NULL,"0",NULL,NULL,NULL,NULL,NULL
23804,NULL,NULL,"0",NULL,NULL,NULL,NULL,NULL
23738,NULL,NULL,"0",NULL,NULL,NULL,NULL,NULL
23729,NULL,NULL,"0",NULL,NULL,NULL,NULL,NULL
23728,NULL,NULL,"0",NULL,NULL,NULL,NULL,NULL
23725,NULL,NULL,"0",NULL,NULL,NULL,NULL,NULL
23716,NULL,NULL,"0",NULL,NULL,NULL,NULL,NULL
23709,NULL,NULL,"0",NULL,NULL,NULL,NULL,NULL
23704,NULL,NULL,"0",NULL,NULL,NULL,NULL,NULL
23692,NULL,NULL,"0",NULL,NULL,NULL,NULL,NULL
23678,NULL,NULL,"0",NULL,NULL,NULL,NULL,NULL
23675,NULL,NULL,"0",NULL,NULL,NULL,NULL,NULL
23673,NULL,NULL,"0",NULL,NULL,NULL,NULL,NULL
23670,NULL,NULL,"0",NULL,NULL,NULL,NULL,NULL
23663,NULL,NULL,"0",NULL,NULL,NULL,NULL,NULL
23658,NULL,NULL,"0",NULL,NULL,NULL,NULL,NULL
23629,NULL,NULL,"0",NULL,NULL,NULL,NULL,NULL
23625,NULL,NULL,"0",NULL,NULL,NULL,NULL,NULL
23618,NULL,NULL,"0",NULL,NULL,NULL,NULL,NULL
23617,NULL,NULL,"0",NULL,NULL,NULL,NULL,NULL
23608,NULL,NULL,"0",NULL,NULL,NULL,NULL,NULL
27012,NULL,NULL,"0",NULL,NULL,NULL,NULL,NULL
23606,NULL,NULL,"0",NULL,NULL,NULL,NULL,NULL
23598,NULL,NULL,"0",NULL,NULL,NULL,NULL,NULL
23596,NULL,NULL,"0",NULL,NULL,NULL,NULL,NULL
27023,NULL,NULL,"0",NULL,NULL,NULL,NULL,NULL
23585,NULL,NULL,"0",NULL,NULL,NULL,NULL,NULL
27026,NULL,NULL,"0",NULL,NULL,NULL,NULL,NULL
23559,NULL,NULL,"0",NULL,NULL,NULL,NULL,NULL
27033,NULL,NULL,"0",NULL,NULL,NULL,NULL,NULL
27034,NULL,NULL,"0",NULL,NULL,NULL,NULL,NULL
27035,NULL,NULL,"0",NULL,NULL,NULL,NULL,NULL
23541,NULL,NULL,"0",NULL,NULL,NULL,NULL,NULL
23518,NULL,NULL,"0",NULL,NULL,NULL,NULL,NULL
27038,NULL,NULL,"0",NULL,NULL,NULL,NULL,NULL
27039,NULL,NULL,"0",NULL,NULL,NULL,NULL,NULL
27051,NULL,NULL,"0",NULL,NULL,NULL,NULL,NULL
27057,NULL,NULL,"0",NULL,NULL,NULL,NULL,NULL
27062,NULL,NULL,"0",NULL,NULL,NULL,NULL,NULL
27063,NULL,NULL,"0",NULL,NULL,NULL,NULL,NULL
23514,NULL,NULL,"0",NULL,NULL,NULL,NULL,NULL
23489,NULL,NULL,"0",NULL,NULL,NULL,NULL,NULL
27070,NULL,NULL,"0",NULL,NULL,NULL,NULL,NULL
27071,NULL,NULL,"0",NULL,NULL,NULL,NULL,NULL
27074,NULL,NULL,"0",NULL,NULL,NULL,NULL,NULL
27075,NULL,NULL,"0",NULL,NULL,NULL,NULL,NULL
27076,NULL,NULL,"0",NULL,NULL,NULL,NULL,NULL
23485,NULL,NULL,"0",NULL,NULL,NULL,NULL,NULL
27109,NULL,NULL,"0",NULL,NULL,NULL,NULL,NULL
23478,NULL,NULL,"0",NULL,NULL,NULL,NULL,NULL
23477,NULL,NULL,"0",NULL,NULL,NULL,NULL,NULL
23472,NULL,NULL,"0",NULL,NULL,NULL,NULL,NULL
23470,NULL,NULL,"0",NULL,NULL,NULL,NULL,NULL
27129,NULL,NULL,"0",NULL,NULL,NULL,NULL,NULL
27137,NULL,NULL,"0",NULL,NULL,NULL,NULL,NULL
27138,NULL,NULL,"0",NULL,NULL,NULL,NULL,NULL
23458,NULL,NULL,"0",NULL,NULL,NULL,NULL,NULL
27144,NULL,NULL,"0",NULL,NULL,NULL,NULL,NULL
23421,NULL,NULL,"0",NULL,NULL,NULL,NULL,NULL
23387,NULL,NULL,"0",NULL,NULL,NULL,NULL,NULL
23385,NULL,NULL,"0",NULL,NULL,NULL,NULL,NULL
27163,NULL,NULL,"0",NULL,NULL,NULL,NULL,NULL
23374,NULL,NULL,"0",NULL,NULL,NULL,NULL,NULL
23369,NULL,NULL,"0",NULL,NULL,NULL,NULL,NULL
27205,NULL,NULL,"0",NULL,NULL,NULL,NULL,NULL
23347,NULL,NULL,"0",NULL,NULL,NULL,NULL,NULL
23346,NULL,NULL,"0",NULL,NULL,NULL,NULL,NULL
27208,NULL,NULL,"0",NULL,NULL,NULL,NULL,NULL
27209,NULL,NULL,"0",NULL,NULL,NULL,NULL,NULL
27217,NULL,NULL,"0",NULL,NULL,NULL,NULL,NULL
23335,NULL,NULL,"0",NULL,NULL,NULL,NULL,NULL
27225,NULL,NULL,"0",NULL,NULL,NULL,NULL,NULL
27226,NULL,NULL,"0",NULL,NULL,NULL,NULL,NULL
23331,NULL,NULL,"0",NULL,NULL,NULL,NULL,NULL
27236,NULL,NULL,"0",NULL,NULL,NULL,NULL,NULL
23324,NULL,NULL,"0",NULL,NULL,NULL,NULL,NULL
27239,NULL,NULL,"0",NULL,NULL,NULL,NULL,NULL
23312,NULL,NULL,"0",NULL,NULL,NULL,NULL,NULL
27359,NULL,NULL,"0",NULL,NULL,NULL,NULL,NULL
23309,NULL,NULL,"0",NULL,NULL,NULL,NULL,NULL
23245,NULL,NULL,"0",NULL,NULL,NULL,NULL,NULL
23230,NULL,NULL,"0",NULL,NULL,NULL,NULL,NULL
23229,NULL,NULL,"0",NULL,NULL,NULL,NULL,NULL
23227,NULL,NULL,"0",NULL,NULL,NULL,NULL,NULL
23215,NULL,NULL,"0",NULL,NULL,NULL,NULL,NULL
27445,NULL,NULL,"0",NULL,NULL,NULL,NULL,NULL
23191,NULL,NULL,"0",NULL,NULL,NULL,NULL,NULL
23190,NULL,NULL,"0",NULL,NULL,NULL,NULL,NULL
27464,NULL,NULL,"0",NULL,NULL,NULL,NULL,NULL
23129,NULL,NULL,"0",NULL,NULL,NULL,NULL,NULL
23103,NULL,NULL,"0",NULL,NULL,NULL,NULL,NULL
27484,NULL,NULL,"0",NULL,NULL,NULL,NULL,NULL
27487,NULL,NULL,"0",NULL,NULL,NULL,NULL,NULL
27489,NULL,NULL,"0",NULL,NULL,NULL,NULL,NULL
27490,NULL,NULL,"0",NULL,NULL,NULL,NULL,NULL
23082,NULL,NULL,"0",NULL,NULL,NULL,NULL,NULL
22759,NULL,NULL,"0",NULL,NULL,NULL,NULL,NULL
27505,NULL,NULL,"0",NULL,NULL,NULL,NULL,NULL
22717,NULL,NULL,"0",NULL,NULL,NULL,NULL,NULL
22716,NULL,NULL,"0",NULL,NULL,NULL,NULL,NULL
22711,NULL,NULL,"0",NULL,NULL,NULL,NULL,NULL
22708,NULL,NULL,"0",NULL,NULL,NULL,NULL,NULL
22704,NULL,NULL,"0",NULL,NULL,NULL,NULL,NULL
22700,NULL,NULL,"0",NULL,NULL,NULL,NULL,NULL
22699,NULL,NULL,"0",NULL,NULL,NULL,NULL,NULL
22698,NULL,NULL,"0",NULL,NULL,NULL,NULL,NULL
22696,NULL,NULL,"0",NULL,NULL,NULL,NULL,NULL
22690,NULL,NULL,"0",NULL,NULL,NULL,NULL,NULL
37135,NULL,NULL,NULL,NULL,NULL,NULL,NULL,"1.00"
